2026-10-08T08:30:05.678-06:00  INFO 1947 --- [restartedMain] mx.edu.utez.umeca.UmecaApplication       : Starting UmecaApplication using Java 24.0.2 with PID 1947 (/Users/albert/Documents/Estadias/umeca/target/classes started by albert in /Users/albert/Documents/Estadias/umeca)
2026-10-08T08:30:05.681-06:00 DEBUG 1947 --- [restartedMain] mx.edu.utez.umeca.UmecaApplication       : Running with Spring Boot v3.5.14, Spring v6.2.18
2026-10-08T08:30:05.682-06:00  INFO 1947 --- [restartedMain] mx.edu.utez.umeca.UmecaApplication       : No active profile set, falling back to 1 default profile: "default"
2026-10-08T08:30:05.709-06:00  INFO 1947 --- [restartedMain] .e.DevToolsPropertyDefaultsPostProcessor : Devtools property defaults active! Set 'spring.devtools.add-properties' to 'false' to disable
2026-10-08T08:30:05.709-06:00  INFO 1947 --- [restartedMain] .e.DevToolsPropertyDefaultsPostProcessor : For additional web related logging consider setting the 'logging.level.web' property to 'DEBUG'
2026-10-08T08:30:06.431-06:00  INFO 1947 --- [restartedMain] .s.d.r.c.RepositoryConfigurationDelegate : Bootstrapping Spring Data JPA repositories in DEFAULT mode.
2026-10-08T08:30:06.492-06:00  INFO 1947 --- [restartedMain] .s.d.r.c.RepositoryConfigurationDelegate : Finished Spring Data repository scanning in 55 ms. Found 18 JPA repository interfaces.
2026-10-08T08:30:06.900-06:00  INFO 1947 --- [restartedMain] o.s.b.w.embedded.tomcat.TomcatWebServer  : Tomcat initialized with port 8089 (http)
2026-10-08T08:30:06.913-06:00  INFO 1947 --- [restartedMain] o.apache.catalina.core.StandardService   : Starting service [Tomcat]
2026-10-08T08:30:06.913-06:00  INFO 1947 --- [restartedMain] o.apache.catalina.core.StandardEngine    : Starting Servlet engine: [Apache Tomcat/10.1.54]
2026-10-08T08:30:06.936-06:00  INFO 1947 --- [restartedMain] o.a.c.c.C.[Tomcat].[localhost].[/]       : Initializing Spring embedded WebApplicationContext
2026-10-08T08:30:06.938-06:00  INFO 1947 --- [restartedMain] w.s.c.ServletWebServerApplicationContext : Root WebApplicationContext: initialization completed in 1229 ms
2026-10-08T08:30:07.099-06:00  INFO 1947 --- [restartedMain] o.hibernate.jpa.internal.util.LogHelper  : HHH000204: Processing PersistenceUnitInfo [name: default]
2026-10-08T08:30:07.146-06:00  INFO 1947 --- [restartedMain] org.hibernate.Version                    : HHH000412: Hibernate ORM core version 6.6.49.Final
2026-10-08T08:30:07.185-06:00  INFO 1947 --- [restartedMain] o.h.c.internal.RegionFactoryInitiator    : HHH000026: Second-level cache disabled
2026-10-08T08:30:07.376-06:00  INFO 1947 --- [restartedMain] o.s.o.j.p.SpringPersistenceUnitInfo      : No LoadTimeWeaver setup: ignoring JPA class transformer
2026-10-08T08:30:07.396-06:00  INFO 1947 --- [restartedMain] com.zaxxer.hikari.HikariDataSource       : HikariPool-1 - Starting...
2026-10-08T08:30:07.527-06:00  INFO 1947 --- [restartedMain] com.zaxxer.hikari.pool.HikariPool        : HikariPool-1 - Added connection com.mysql.cj.jdbc.ConnectionImpl@3c302bf8
2026-10-08T08:30:07.528-06:00  INFO 1947 --- [restartedMain] com.zaxxer.hikari.HikariDataSource       : HikariPool-1 - Start completed.
2026-10-08T08:30:07.560-06:00  WARN 1947 --- [restartedMain] org.hibernate.orm.deprecation            : HHH90000025: MySQLDialect does not need to be specified explicitly using 'hibernate.dialect' (remove the property setting and it will be selected by default)
2026-10-08T08:30:07.568-06:00  INFO 1947 --- [restartedMain] org.hibernate.orm.connections.pooling    : HHH10001005: Database info:
	Database JDBC URL [Connecting through datasource 'HikariDataSource (HikariPool-1)']
	Database driver: undefined/unknown
	Database version: 9.6
	Autocommit mode: undefined/unknown
	Isolation level: undefined/unknown
	Minimum pool size: undefined/unknown
	Maximum pool size: undefined/unknown
2026-10-08T08:30:08.518-06:00  INFO 1947 --- [restartedMain] o.h.e.t.j.p.i.JtaPlatformInitiator       : HHH000489: No JTA platform available (set 'hibernate.transaction.jta.platform' to enable JTA platform integration)
2026-10-08T08:30:08.949-06:00  INFO 1947 --- [restartedMain] j.LocalContainerEntityManagerFactoryBean : Initialized JPA EntityManagerFactory for persistence unit 'default'
2026-10-08T08:30:09.108-06:00  INFO 1947 --- [restartedMain] o.s.d.j.r.query.QueryEnhancerFactory     : Hibernate is in classpath; If applicable, HQL parser will be used.
2026-10-08T08:30:09.876-06:00 DEBUG 1947 --- [restartedMain] m.e.u.u.m.security.config.JwtFilter      : Filter 'jwtFilter' configured for use
2026-10-08T08:30:11.482-06:00  INFO 1947 --- [restartedMain] eAuthenticationProviderManagerConfigurer : Global AuthenticationManager configured with AuthenticationProvider bean with name authenticationProvider
2026-10-08T08:30:11.482-06:00  WARN 1947 --- [restartedMain] r$InitializeUserDetailsManagerConfigurer : Global AuthenticationManager configured with an AuthenticationProvider bean. UserDetailsService beans will not be used by Spring Security for automatically configuring username/password login. Consider removing the AuthenticationProvider bean. Alternatively, consider using the UserDetailsService in a manually instantiated DaoAuthenticationProvider. If the current configuration is intentional, to turn off this warning, increase the logging level of 'org.springframework.security.config.annotation.authentication.configuration.InitializeUserDetailsBeanManagerConfigurer' to ERROR
2026-10-08T08:30:11.549-06:00  WARN 1947 --- [restartedMain] JpaBaseConfiguration$JpaWebConfiguration : spring.jpa.open-in-view is enabled by default. Therefore, database queries may be performed during view rendering. Explicitly configure spring.jpa.open-in-view to disable this warning
2026-10-08T08:30:11.575-06:00  INFO 1947 --- [restartedMain] o.s.b.a.w.s.WelcomePageHandlerMapping    : Adding welcome page: class path resource [static/index.html]
2026-10-08T08:30:11.779-06:00  INFO 1947 --- [restartedMain] o.s.b.a.e.web.EndpointLinksResolver      : Exposing 1 endpoint beneath base path '/actuator'
2026-10-08T08:30:11.892-06:00 DEBUG 1947 --- [restartedMain] o.s.s.web.DefaultSecurityFilterChain     : Will secure any request with filters: DisableEncodeUrlFilter, WebAsyncManagerIntegrationFilter, SecurityContextHolderFilter, HeaderWriterFilter, CorsFilter, LogoutFilter, JwtFilter, RequestCacheAwareFilter, SecurityContextHolderAwareRequestFilter, AnonymousAuthenticationFilter, SessionManagementFilter, ExceptionTranslationFilter, AuthorizationFilter
2026-10-08T08:30:12.106-06:00  INFO 1947 --- [restartedMain] o.s.b.d.a.OptionalLiveReloadServer       : LiveReload server is running on port 35729
2026-10-08T08:30:12.149-06:00  INFO 1947 --- [restartedMain] o.s.b.w.embedded.tomcat.TomcatWebServer  : Tomcat started on port 8089 (http) with context path '/'
2026-10-08T08:30:12.159-06:00  INFO 1947 --- [restartedMain] mx.edu.utez.umeca.UmecaApplication       : Started UmecaApplication in 6.789 seconds (process running for 7.289)
2026-10-08T08:30:26.654-06:00  INFO 1947 --- [http-nio-0.0.0.0-8089-exec-2] o.a.c.c.C.[Tomcat].[localhost].[/]       : Initializing Spring DispatcherServlet 'dispatcherServlet'
2026-10-08T08:30:26.654-06:00  INFO 1947 --- [http-nio-0.0.0.0-8089-exec-2] o.s.web.servlet.DispatcherServlet        : Initializing Servlet 'dispatcherServlet'
2026-10-08T08:30:26.656-06:00  INFO 1947 --- [http-nio-0.0.0.0-8089-exec-2] o.s.web.servlet.DispatcherServlet        : Completed initialization in 2 ms
2026-10-08T08:30:26.667-06:00 DEBUG 1947 --- [http-nio-0.0.0.0-8089-exec-3] o.s.security.web.FilterChainProxy        : Securing OPTIONS /api/imputados/expedientes-pendientes-count
2026-10-08T08:30:26.667-06:00 DEBUG 1947 --- [http-nio-0.0.0.0-8089-exec-2] o.s.security.web.FilterChainProxy        : Securing OPTIONS /api/control-oficios/contadores
2026-10-08T08:30:26.667-06:00 DEBUG 1947 --- [http-nio-0.0.0.0-8089-exec-1] o.s.security.web.FilterChainProxy        : Securing OPTIONS /api/correspondencia/contadores
2026-10-08T08:30:26.685-06:00 DEBUG 1947 --- [http-nio-0.0.0.0-8089-exec-6] o.s.security.web.FilterChainProxy        : Securing GET /api/control-oficios/contadores
2026-10-08T08:30:26.685-06:00 DEBUG 1947 --- [http-nio-0.0.0.0-8089-exec-5] o.s.security.web.FilterChainProxy        : Securing GET /api/correspondencia/contadores
2026-10-08T08:30:26.685-06:00 DEBUG 1947 --- [http-nio-0.0.0.0-8089-exec-4] o.s.security.web.FilterChainProxy        : Securing GET /api/imputados/expedientes-pendientes-count
2026-10-08T08:30:26.741-06:00 ERROR 1947 --- [http-nio-0.0.0.0-8089-exec-6] o.a.c.c.C.[.[.[/].[dispatcherServlet]    : Servlet.service() for servlet [dispatcherServlet] in context with path [] threw exception

io.jsonwebtoken.ExpiredJwtException: JWT expired 337740 milliseconds ago at 2026-10-08T14:24:49.000Z. Current time: 2026-10-08T14:30:26.740Z. Allowed clock skew: 0 milliseconds.
	at io.jsonwebtoken.impl.DefaultJwtParser.parse(DefaultJwtParser.java:691) ~[jjwt-impl-0.12.6.jar:0.12.6]
	at io.jsonwebtoken.impl.DefaultJwtParser.parse(DefaultJwtParser.java:364) ~[jjwt-impl-0.12.6.jar:0.12.6]
	at io.jsonwebtoken.impl.DefaultJwtParser.parse(DefaultJwtParser.java:94) ~[jjwt-impl-0.12.6.jar:0.12.6]
	at io.jsonwebtoken.impl.io.AbstractParser.parse(AbstractParser.java:36) ~[jjwt-impl-0.12.6.jar:0.12.6]
	at io.jsonwebtoken.impl.io.AbstractParser.parse(AbstractParser.java:29) ~[jjwt-impl-0.12.6.jar:0.12.6]
	at io.jsonwebtoken.impl.DefaultJwtParser.parseSignedClaims(DefaultJwtParser.java:830) ~[jjwt-impl-0.12.6.jar:0.12.6]
	at mx.edu.utez.umeca.modules.security.config.JwtService.extractClaim(JwtService.java:77) ~[classes/:na]
	at mx.edu.utez.umeca.modules.security.config.JwtService.extractUsername(JwtService.java:56) ~[classes/:na]
	at mx.edu.utez.umeca.modules.security.config.JwtFilter.doFilterInternal(JwtFilter.java:39) ~[classes/:na]
	at org.springframework.web.filter.OncePerRequestFilter.doFilter(OncePerRequestFilter.java:116) ~[spring-web-6.2.18.jar:6.2.18]
	at org.springframework.security.web.ObservationFilterChainDecorator$ObservationFilter.wrapFilter(ObservationFilterChainDecorator.java:241) ~[spring-security-web-6.5.10.jar:6.5.10]
	at org.springframework.security.web.ObservationFilterChainDecorator$ObservationFilter.doFilter(ObservationFilterChainDecorator.java:228) ~[spring-security-web-6.5.10.jar:6.5.10]
	at org.springframework.security.web.ObservationFilterChainDecorator$VirtualFilterChain.doFilter(ObservationFilterChainDecorator.java:138) ~[spring-security-web-6.5.10.jar:6.5.10]
	at org.springframework.security.web.authentication.logout.LogoutFilter.doFilter(LogoutFilter.java:107) ~[spring-security-web-6.5.10.jar:6.5.10]
	at org.springframework.security.web.authentication.logout.LogoutFilter.doFilter(LogoutFilter.java:93) ~[spring-security-web-6.5.10.jar:6.5.10]
	at org.springframework.security.web.ObservationFilterChainDecorator$ObservationFilter.wrapFilter(ObservationFilterChainDecorator.java:241) ~[spring-security-web-6.5.10.jar:6.5.10]
	at org.springframework.security.web.ObservationFilterChainDecorator$ObservationFilter.doFilter(ObservationFilterChainDecorator.java:228) ~[spring-security-web-6.5.10.jar:6.5.10]
	at org.springframework.security.web.ObservationFilterChainDecorator$VirtualFilterChain.doFilter(ObservationFilterChainDecorator.java:138) ~[spring-security-web-6.5.10.jar:6.5.10]
	at org.springframework.web.filter.CorsFilter.doFilterInternal(CorsFilter.java:91) ~[spring-web-6.2.18.jar:6.2.18]
	at org.springframework.web.filter.OncePerRequestFilter.doFilter(OncePerRequestFilter.java:116) ~[spring-web-6.2.18.jar:6.2.18]
	at org.springframework.security.web.ObservationFilterChainDecorator$ObservationFilter.wrapFilter(ObservationFilterChainDecorator.java:241) ~[spring-security-web-6.5.10.jar:6.5.10]
	at org.springframework.security.web.ObservationFilterChainDecorator$ObservationFilter.doFilter(ObservationFilterChainDecorator.java:228) ~[spring-security-web-6.5.10.jar:6.5.10]
	at org.springframework.security.web.ObservationFilterChainDecorator$VirtualFilterChain.doFilter(ObservationFilterChainDecorator.java:138) ~[spring-security-web-6.5.10.jar:6.5.10]
	at org.springframework.security.web.header.HeaderWriterFilter.doHeadersAfter(HeaderWriterFilter.java:90) ~[spring-security-web-6.5.10.jar:6.5.10]
	at org.springframework.security.web.header.HeaderWriterFilter.doFilterInternal(HeaderWriterFilter.java:75) ~[spring-security-web-6.5.10.jar:6.5.10]
	at org.springframework.web.filter.OncePerRequestFilter.doFilter(OncePerRequestFilter.java:116) ~[spring-web-6.2.18.jar:6.2.18]
	at org.springframework.security.web.ObservationFilterChainDecorator$ObservationFilter.wrapFilter(ObservationFilterChainDecorator.java:241) ~[spring-security-web-6.5.10.jar:6.5.10]
	at org.springframework.security.web.ObservationFilterChainDecorator$ObservationFilter.doFilter(ObservationFilterChainDecorator.java:228) ~[spring-security-web-6.5.10.jar:6.5.10]
	at org.springframework.security.web.ObservationFilterChainDecorator$VirtualFilterChain.doFilter(ObservationFilterChainDecorator.java:138) ~[spring-security-web-6.5.10.jar:6.5.10]
	at org.springframework.security.web.context.SecurityContextHolderFilter.doFilter(SecurityContextHolderFilter.java:82) ~[spring-security-web-6.5.10.jar:6.5.10]
	at org.springframework.security.web.context.SecurityContextHolderFilter.doFilter(SecurityContextHolderFilter.java:69) ~[spring-security-web-6.5.10.jar:6.5.10]
	at org.springframework.security.web.ObservationFilterChainDecorator$ObservationFilter.wrapFilter(ObservationFilterChainDecorator.java:241) ~[spring-security-web-6.5.10.jar:6.5.10]
	at org.springframework.security.web.ObservationFilterChainDecorator$ObservationFilter.doFilter(ObservationFilterChainDecorator.java:228) ~[spring-security-web-6.5.10.jar:6.5.10]
	at org.springframework.security.web.ObservationFilterChainDecorator$VirtualFilterChain.doFilter(ObservationFilterChainDecorator.java:138) ~[spring-security-web-6.5.10.jar:6.5.10]
	at org.springframework.security.web.context.request.async.WebAsyncManagerIntegrationFilter.doFilterInternal(WebAsyncManagerIntegrationFilter.java:62) ~[spring-security-web-6.5.10.jar:6.5.10]
	at org.springframework.web.filter.OncePerRequestFilter.doFilter(OncePerRequestFilter.java:116) ~[spring-web-6.2.18.jar:6.2.18]
	at org.springframework.security.web.ObservationFilterChainDecorator$ObservationFilter.wrapFilter(ObservationFilterChainDecorator.java:241) ~[spring-security-web-6.5.10.jar:6.5.10]
	at org.springframework.security.web.ObservationFilterChainDecorator$ObservationFilter.doFilter(ObservationFilterChainDecorator.java:228) ~[spring-security-web-6.5.10.jar:6.5.10]
	at org.springframework.security.web.ObservationFilterChainDecorator$VirtualFilterChain.doFilter(ObservationFilterChainDecorator.java:138) ~[spring-security-web-6.5.10.jar:6.5.10]
	at org.springframework.security.web.session.DisableEncodeUrlFilter.doFilterInternal(DisableEncodeUrlFilter.java:42) ~[spring-security-web-6.5.10.jar:6.5.10]
	at org.springframework.web.filter.OncePerRequestFilter.doFilter(OncePerRequestFilter.java:116) ~[spring-web-6.2.18.jar:6.2.18]
	at org.springframework.security.web.ObservationFilterChainDecorator$ObservationFilter.wrapFilter(ObservationFilterChainDecorator.java:241) ~[spring-security-web-6.5.10.jar:6.5.10]
	at org.springframework.security.web.ObservationFilterChainDecorator$AroundFilterObservation$SimpleAroundFilterObservation.lambda$wrap$0(ObservationFilterChainDecorator.java:334) ~[spring-security-web-6.5.10.jar:6.5.10]
	at org.springframework.security.web.ObservationFilterChainDecorator$ObservationFilter.doFilter(ObservationFilterChainDecorator.java:225) ~[spring-security-web-6.5.10.jar:6.5.10]
	at org.springframework.security.web.ObservationFilterChainDecorator$VirtualFilterChain.doFilter(ObservationFilterChainDecorator.java:138) ~[spring-security-web-6.5.10.jar:6.5.10]
	at org.springframework.security.web.FilterChainProxy.doFilterInternal(FilterChainProxy.java:233) ~[spring-security-web-6.5.10.jar:6.5.10]
	at org.springframework.security.web.FilterChainProxy.doFilter(FilterChainProxy.java:191) ~[spring-security-web-6.5.10.jar:6.5.10]
	at org.springframework.web.filter.CompositeFilter$VirtualFilterChain.doFilter(CompositeFilter.java:113) ~[spring-web-6.2.18.jar:6.2.18]
	at org.springframework.web.filter.ServletRequestPathFilter.doFilter(ServletRequestPathFilter.java:52) ~[spring-web-6.2.18.jar:6.2.18]
	at org.springframework.web.filter.CompositeFilter$VirtualFilterChain.doFilter(CompositeFilter.java:113) ~[spring-web-6.2.18.jar:6.2.18]
	at org.springframework.web.filter.CompositeFilter.doFilter(CompositeFilter.java:74) ~[spring-web-6.2.18.jar:6.2.18]
	at org.springframework.security.config.annotation.web.configuration.WebSecurityConfiguration$CompositeFilterChainProxy.doFilter(WebSecurityConfiguration.java:319) ~[spring-security-config-6.5.10.jar:6.5.10]
	at org.springframework.web.filter.CompositeFilter$VirtualFilterChain.doFilter(CompositeFilter.java:113) ~[spring-web-6.2.18.jar:6.2.18]
	at org.springframework.web.servlet.handler.HandlerMappingIntrospector.lambda$createCacheFilter$4(HandlerMappingIntrospector.java:267) ~[spring-webmvc-6.2.18.jar:6.2.18]
	at org.springframework.web.filter.CompositeFilter$VirtualFilterChain.doFilter(CompositeFilter.java:113) ~[spring-web-6.2.18.jar:6.2.18]
	at org.springframework.web.filter.CompositeFilter.doFilter(CompositeFilter.java:74) ~[spring-web-6.2.18.jar:6.2.18]
	at org.springframework.security.config.annotation.web.configuration.WebMvcSecurityConfiguration$CompositeFilterChainProxy.doFilter(WebMvcSecurityConfiguration.java:240) ~[spring-security-config-6.5.10.jar:6.5.10]
	at org.springframework.web.filter.DelegatingFilterProxy.invokeDelegate(DelegatingFilterProxy.java:362) ~[spring-web-6.2.18.jar:6.2.18]
	at org.springframework.web.filter.DelegatingFilterProxy.doFilter(DelegatingFilterProxy.java:278) ~[spring-web-6.2.18.jar:6.2.18]
	at org.apache.catalina.core.ApplicationFilterChain.internalDoFilter(ApplicationFilterChain.java:162) ~[tomcat-embed-core-10.1.54.jar:10.1.54]
	at org.apache.catalina.core.ApplicationFilterChain.doFilter(ApplicationFilterChain.java:138) ~[tomcat-embed-core-10.1.54.jar:10.1.54]
	at org.springframework.web.filter.RequestContextFilter.doFilterInternal(RequestContextFilter.java:100) ~[spring-web-6.2.18.jar:6.2.18]
	at org.springframework.web.filter.OncePerRequestFilter.doFilter(OncePerRequestFilter.java:116) ~[spring-web-6.2.18.jar:6.2.18]
	at org.apache.catalina.core.ApplicationFilterChain.internalDoFilter(ApplicationFilterChain.java:162) ~[tomcat-embed-core-10.1.54.jar:10.1.54]
	at org.apache.catalina.core.ApplicationFilterChain.doFilter(ApplicationFilterChain.java:138) ~[tomcat-embed-core-10.1.54.jar:10.1.54]
	at org.springframework.web.filter.FormContentFilter.doFilterInternal(FormContentFilter.java:93) ~[spring-web-6.2.18.jar:6.2.18]
	at org.springframework.web.filter.OncePerRequestFilter.doFilter(OncePerRequestFilter.java:116) ~[spring-web-6.2.18.jar:6.2.18]
	at org.apache.catalina.core.ApplicationFilterChain.internalDoFilter(ApplicationFilterChain.java:162) ~[tomcat-embed-core-10.1.54.jar:10.1.54]
	at org.apache.catalina.core.ApplicationFilterChain.doFilter(ApplicationFilterChain.java:138) ~[tomcat-embed-core-10.1.54.jar:10.1.54]
	at org.springframework.web.filter.ServerHttpObservationFilter.doFilterInternal(ServerHttpObservationFilter.java:110) ~[spring-web-6.2.18.jar:6.2.18]
	at org.springframework.web.filter.OncePerRequestFilter.doFilter(OncePerRequestFilter.java:116) ~[spring-web-6.2.18.jar:6.2.18]
	at org.apache.catalina.core.ApplicationFilterChain.internalDoFilter(ApplicationFilterChain.java:162) ~[tomcat-embed-core-10.1.54.jar:10.1.54]
	at org.apache.catalina.core.ApplicationFilterChain.doFilter(ApplicationFilterChain.java:138) ~[tomcat-embed-core-10.1.54.jar:10.1.54]
	at org.springframework.web.filter.CharacterEncodingFilter.doFilterInternal(CharacterEncodingFilter.java:201) ~[spring-web-6.2.18.jar:6.2.18]
	at org.springframework.web.filter.OncePerRequestFilter.doFilter(OncePerRequestFilter.java:116) ~[spring-web-6.2.18.jar:6.2.18]
	at org.apache.catalina.core.ApplicationFilterChain.internalDoFilter(ApplicationFilterChain.java:162) ~[tomcat-embed-core-10.1.54.jar:10.1.54]
	at org.apache.catalina.core.ApplicationFilterChain.doFilter(ApplicationFilterChain.java:138) ~[tomcat-embed-core-10.1.54.jar:10.1.54]
	at org.apache.catalina.core.StandardWrapperValve.invoke(StandardWrapperValve.java:165) ~[tomcat-embed-core-10.1.54.jar:10.1.54]
	at org.apache.catalina.core.StandardContextValve.invoke(StandardContextValve.java:88) ~[tomcat-embed-core-10.1.54.jar:10.1.54]
	at org.apache.catalina.authenticator.AuthenticatorBase.invoke(AuthenticatorBase.java:492) ~[tomcat-embed-core-10.1.54.jar:10.1.54]
	at org.apache.catalina.core.StandardHostValve.invoke(StandardHostValve.java:113) ~[tomcat-embed-core-10.1.54.jar:10.1.54]
	at org.apache.catalina.valves.ErrorReportValve.invoke(ErrorReportValve.java:83) ~[tomcat-embed-core-10.1.54.jar:10.1.54]
	at org.apache.catalina.core.StandardEngineValve.invoke(StandardEngineValve.java:72) ~[tomcat-embed-core-10.1.54.jar:10.1.54]
	at org.apache.catalina.connector.CoyoteAdapter.service(CoyoteAdapter.java:342) ~[tomcat-embed-core-10.1.54.jar:10.1.54]
	at org.apache.coyote.http11.Http11Processor.service(Http11Processor.java:399) ~[tomcat-embed-core-10.1.54.jar:10.1.54]
	at org.apache.coyote.AbstractProcessorLight.process(AbstractProcessorLight.java:63) ~[tomcat-embed-core-10.1.54.jar:10.1.54]
	at org.apache.coyote.AbstractProtocol$ConnectionHandler.process(AbstractProtocol.java:903) ~[tomcat-embed-core-10.1.54.jar:10.1.54]
	at org.apache.tomcat.util.net.NioEndpoint$SocketProcessor.doRun(NioEndpoint.java:1797) ~[tomcat-embed-core-10.1.54.jar:10.1.54]
	at org.apache.tomcat.util.net.SocketProcessorBase.run(SocketProcessorBase.java:52) ~[tomcat-embed-core-10.1.54.jar:10.1.54]
	at org.apache.tomcat.util.threads.ThreadPoolExecutor.runWorker(ThreadPoolExecutor.java:973) ~[tomcat-embed-core-10.1.54.jar:10.1.54]
	at org.apache.tomcat.util.threads.ThreadPoolExecutor$Worker.run(ThreadPoolExecutor.java:491) ~[tomcat-embed-core-10.1.54.jar:10.1.54]
	at org.apache.tomcat.util.threads.TaskThread$WrappingRunnable.run(TaskThread.java:63) ~[tomcat-embed-core-10.1.54.jar:10.1.54]
	at java.base/java.lang.Thread.run(Thread.java:1447) ~[na:na]

2026-10-08T08:30:26.741-06:00 ERROR 1947 --- [http-nio-0.0.0.0-8089-exec-5] o.a.c.c.C.[.[.[/].[dispatcherServlet]    : Servlet.service() for servlet [dispatcherServlet] in context with path [] threw exception

io.jsonwebtoken.ExpiredJwtException: JWT expired 337740 milliseconds ago at 2026-10-08T14:24:49.000Z. Current time: 2026-10-08T14:30:26.740Z. Allowed clock skew: 0 milliseconds.
	at io.jsonwebtoken.impl.DefaultJwtParser.parse(DefaultJwtParser.java:691) ~[jjwt-impl-0.12.6.jar:0.12.6]
	at io.jsonwebtoken.impl.DefaultJwtParser.parse(DefaultJwtParser.java:364) ~[jjwt-impl-0.12.6.jar:0.12.6]
	at io.jsonwebtoken.impl.DefaultJwtParser.parse(DefaultJwtParser.java:94) ~[jjwt-impl-0.12.6.jar:0.12.6]
	at io.jsonwebtoken.impl.io.AbstractParser.parse(AbstractParser.java:36) ~[jjwt-impl-0.12.6.jar:0.12.6]
	at io.jsonwebtoken.impl.io.AbstractParser.parse(AbstractParser.java:29) ~[jjwt-impl-0.12.6.jar:0.12.6]
	at io.jsonwebtoken.impl.DefaultJwtParser.parseSignedClaims(DefaultJwtParser.java:830) ~[jjwt-impl-0.12.6.jar:0.12.6]
	at mx.edu.utez.umeca.modules.security.config.JwtService.extractClaim(JwtService.java:77) ~[classes/:na]
	at mx.edu.utez.umeca.modules.security.config.JwtService.extractUsername(JwtService.java:56) ~[classes/:na]
	at mx.edu.utez.umeca.modules.security.config.JwtFilter.doFilterInternal(JwtFilter.java:39) ~[classes/:na]
	at org.springframework.web.filter.OncePerRequestFilter.doFilter(OncePerRequestFilter.java:116) ~[spring-web-6.2.18.jar:6.2.18]
	at org.springframework.security.web.ObservationFilterChainDecorator$ObservationFilter.wrapFilter(ObservationFilterChainDecorator.java:241) ~[spring-security-web-6.5.10.jar:6.5.10]
	at org.springframework.security.web.ObservationFilterChainDecorator$ObservationFilter.doFilter(ObservationFilterChainDecorator.java:228) ~[spring-security-web-6.5.10.jar:6.5.10]
	at org.springframework.security.web.ObservationFilterChainDecorator$VirtualFilterChain.doFilter(ObservationFilterChainDecorator.java:138) ~[spring-security-web-6.5.10.jar:6.5.10]
	at org.springframework.security.web.authentication.logout.LogoutFilter.doFilter(LogoutFilter.java:107) ~[spring-security-web-6.5.10.jar:6.5.10]
	at org.springframework.security.web.authentication.logout.LogoutFilter.doFilter(LogoutFilter.java:93) ~[spring-security-web-6.5.10.jar:6.5.10]
	at org.springframework.security.web.ObservationFilterChainDecorator$ObservationFilter.wrapFilter(ObservationFilterChainDecorator.java:241) ~[spring-security-web-6.5.10.jar:6.5.10]
	at org.springframework.security.web.ObservationFilterChainDecorator$ObservationFilter.doFilter(ObservationFilterChainDecorator.java:228) ~[spring-security-web-6.5.10.jar:6.5.10]
	at org.springframework.security.web.ObservationFilterChainDecorator$VirtualFilterChain.doFilter(ObservationFilterChainDecorator.java:138) ~[spring-security-web-6.5.10.jar:6.5.10]
	at org.springframework.web.filter.CorsFilter.doFilterInternal(CorsFilter.java:91) ~[spring-web-6.2.18.jar:6.2.18]
	at org.springframework.web.filter.OncePerRequestFilter.doFilter(OncePerRequestFilter.java:116) ~[spring-web-6.2.18.jar:6.2.18]
	at org.springframework.security.web.ObservationFilterChainDecorator$ObservationFilter.wrapFilter(ObservationFilterChainDecorator.java:241) ~[spring-security-web-6.5.10.jar:6.5.10]
	at org.springframework.security.web.ObservationFilterChainDecorator$ObservationFilter.doFilter(ObservationFilterChainDecorator.java:228) ~[spring-security-web-6.5.10.jar:6.5.10]
	at org.springframework.security.web.ObservationFilterChainDecorator$VirtualFilterChain.doFilter(ObservationFilterChainDecorator.java:138) ~[spring-security-web-6.5.10.jar:6.5.10]
	at org.springframework.security.web.header.HeaderWriterFilter.doHeadersAfter(HeaderWriterFilter.java:90) ~[spring-security-web-6.5.10.jar:6.5.10]
	at org.springframework.security.web.header.HeaderWriterFilter.doFilterInternal(HeaderWriterFilter.java:75) ~[spring-security-web-6.5.10.jar:6.5.10]
	at org.springframework.web.filter.OncePerRequestFilter.doFilter(OncePerRequestFilter.java:116) ~[spring-web-6.2.18.jar:6.2.18]
	at org.springframework.security.web.ObservationFilterChainDecorator$ObservationFilter.wrapFilter(ObservationFilterChainDecorator.java:241) ~[spring-security-web-6.5.10.jar:6.5.10]
	at org.springframework.security.web.ObservationFilterChainDecorator$ObservationFilter.doFilter(ObservationFilterChainDecorator.java:228) ~[spring-security-web-6.5.10.jar:6.5.10]
	at org.springframework.security.web.ObservationFilterChainDecorator$VirtualFilterChain.doFilter(ObservationFilterChainDecorator.java:138) ~[spring-security-web-6.5.10.jar:6.5.10]
	at org.springframework.security.web.context.SecurityContextHolderFilter.doFilter(SecurityContextHolderFilter.java:82) ~[spring-security-web-6.5.10.jar:6.5.10]
	at org.springframework.security.web.context.SecurityContextHolderFilter.doFilter(SecurityContextHolderFilter.java:69) ~[spring-security-web-6.5.10.jar:6.5.10]
	at org.springframework.security.web.ObservationFilterChainDecorator$ObservationFilter.wrapFilter(ObservationFilterChainDecorator.java:241) ~[spring-security-web-6.5.10.jar:6.5.10]
	at org.springframework.security.web.ObservationFilterChainDecorator$ObservationFilter.doFilter(ObservationFilterChainDecorator.java:228) ~[spring-security-web-6.5.10.jar:6.5.10]
	at org.springframework.security.web.ObservationFilterChainDecorator$VirtualFilterChain.doFilter(ObservationFilterChainDecorator.java:138) ~[spring-security-web-6.5.10.jar:6.5.10]
	at org.springframework.security.web.context.request.async.WebAsyncManagerIntegrationFilter.doFilterInternal(WebAsyncManagerIntegrationFilter.java:62) ~[spring-security-web-6.5.10.jar:6.5.10]
	at org.springframework.web.filter.OncePerRequestFilter.doFilter(OncePerRequestFilter.java:116) ~[spring-web-6.2.18.jar:6.2.18]
	at org.springframework.security.web.ObservationFilterChainDecorator$ObservationFilter.wrapFilter(ObservationFilterChainDecorator.java:241) ~[spring-security-web-6.5.10.jar:6.5.10]
	at org.springframework.security.web.ObservationFilterChainDecorator$ObservationFilter.doFilter(ObservationFilterChainDecorator.java:228) ~[spring-security-web-6.5.10.jar:6.5.10]
	at org.springframework.security.web.ObservationFilterChainDecorator$VirtualFilterChain.doFilter(ObservationFilterChainDecorator.java:138) ~[spring-security-web-6.5.10.jar:6.5.10]
	at org.springframework.security.web.session.DisableEncodeUrlFilter.doFilterInternal(DisableEncodeUrlFilter.java:42) ~[spring-security-web-6.5.10.jar:6.5.10]
	at org.springframework.web.filter.OncePerRequestFilter.doFilter(OncePerRequestFilter.java:116) ~[spring-web-6.2.18.jar:6.2.18]
	at org.springframework.security.web.ObservationFilterChainDecorator$ObservationFilter.wrapFilter(ObservationFilterChainDecorator.java:241) ~[spring-security-web-6.5.10.jar:6.5.10]
	at org.springframework.security.web.ObservationFilterChainDecorator$AroundFilterObservation$SimpleAroundFilterObservation.lambda$wrap$0(ObservationFilterChainDecorator.java:334) ~[spring-security-web-6.5.10.jar:6.5.10]
	at org.springframework.security.web.ObservationFilterChainDecorator$ObservationFilter.doFilter(ObservationFilterChainDecorator.java:225) ~[spring-security-web-6.5.10.jar:6.5.10]
	at org.springframework.security.web.ObservationFilterChainDecorator$VirtualFilterChain.doFilter(ObservationFilterChainDecorator.java:138) ~[spring-security-web-6.5.10.jar:6.5.10]
	at org.springframework.security.web.FilterChainProxy.doFilterInternal(FilterChainProxy.java:233) ~[spring-security-web-6.5.10.jar:6.5.10]
	at org.springframework.security.web.FilterChainProxy.doFilter(FilterChainProxy.java:191) ~[spring-security-web-6.5.10.jar:6.5.10]
	at org.springframework.web.filter.CompositeFilter$VirtualFilterChain.doFilter(CompositeFilter.java:113) ~[spring-web-6.2.18.jar:6.2.18]
	at org.springframework.web.filter.ServletRequestPathFilter.doFilter(ServletRequestPathFilter.java:52) ~[spring-web-6.2.18.jar:6.2.18]
	at org.springframework.web.filter.CompositeFilter$VirtualFilterChain.doFilter(CompositeFilter.java:113) ~[spring-web-6.2.18.jar:6.2.18]
	at org.springframework.web.filter.CompositeFilter.doFilter(CompositeFilter.java:74) ~[spring-web-6.2.18.jar:6.2.18]
	at org.springframework.security.config.annotation.web.configuration.WebSecurityConfiguration$CompositeFilterChainProxy.doFilter(WebSecurityConfiguration.java:319) ~[spring-security-config-6.5.10.jar:6.5.10]
	at org.springframework.web.filter.CompositeFilter$VirtualFilterChain.doFilter(CompositeFilter.java:113) ~[spring-web-6.2.18.jar:6.2.18]
	at org.springframework.web.servlet.handler.HandlerMappingIntrospector.lambda$createCacheFilter$4(HandlerMappingIntrospector.java:267) ~[spring-webmvc-6.2.18.jar:6.2.18]
	at org.springframework.web.filter.CompositeFilter$VirtualFilterChain.doFilter(CompositeFilter.java:113) ~[spring-web-6.2.18.jar:6.2.18]
	at org.springframework.web.filter.CompositeFilter.doFilter(CompositeFilter.java:74) ~[spring-web-6.2.18.jar:6.2.18]
	at org.springframework.security.config.annotation.web.configuration.WebMvcSecurityConfiguration$CompositeFilterChainProxy.doFilter(WebMvcSecurityConfiguration.java:240) ~[spring-security-config-6.5.10.jar:6.5.10]
	at org.springframework.web.filter.DelegatingFilterProxy.invokeDelegate(DelegatingFilterProxy.java:362) ~[spring-web-6.2.18.jar:6.2.18]
	at org.springframework.web.filter.DelegatingFilterProxy.doFilter(DelegatingFilterProxy.java:278) ~[spring-web-6.2.18.jar:6.2.18]
	at org.apache.catalina.core.ApplicationFilterChain.internalDoFilter(ApplicationFilterChain.java:162) ~[tomcat-embed-core-10.1.54.jar:10.1.54]
	at org.apache.catalina.core.ApplicationFilterChain.doFilter(ApplicationFilterChain.java:138) ~[tomcat-embed-core-10.1.54.jar:10.1.54]
	at org.springframework.web.filter.RequestContextFilter.doFilterInternal(RequestContextFilter.java:100) ~[spring-web-6.2.18.jar:6.2.18]
	at org.springframework.web.filter.OncePerRequestFilter.doFilter(OncePerRequestFilter.java:116) ~[spring-web-6.2.18.jar:6.2.18]
	at org.apache.catalina.core.ApplicationFilterChain.internalDoFilter(ApplicationFilterChain.java:162) ~[tomcat-embed-core-10.1.54.jar:10.1.54]
	at org.apache.catalina.core.ApplicationFilterChain.doFilter(ApplicationFilterChain.java:138) ~[tomcat-embed-core-10.1.54.jar:10.1.54]
	at org.springframework.web.filter.FormContentFilter.doFilterInternal(FormContentFilter.java:93) ~[spring-web-6.2.18.jar:6.2.18]
	at org.springframework.web.filter.OncePerRequestFilter.doFilter(OncePerRequestFilter.java:116) ~[spring-web-6.2.18.jar:6.2.18]
	at org.apache.catalina.core.ApplicationFilterChain.internalDoFilter(ApplicationFilterChain.java:162) ~[tomcat-embed-core-10.1.54.jar:10.1.54]
	at org.apache.catalina.core.ApplicationFilterChain.doFilter(ApplicationFilterChain.java:138) ~[tomcat-embed-core-10.1.54.jar:10.1.54]
	at org.springframework.web.filter.ServerHttpObservationFilter.doFilterInternal(ServerHttpObservationFilter.java:110) ~[spring-web-6.2.18.jar:6.2.18]
	at org.springframework.web.filter.OncePerRequestFilter.doFilter(OncePerRequestFilter.java:116) ~[spring-web-6.2.18.jar:6.2.18]
	at org.apache.catalina.core.ApplicationFilterChain.internalDoFilter(ApplicationFilterChain.java:162) ~[tomcat-embed-core-10.1.54.jar:10.1.54]
	at org.apache.catalina.core.ApplicationFilterChain.doFilter(ApplicationFilterChain.java:138) ~[tomcat-embed-core-10.1.54.jar:10.1.54]
	at org.springframework.web.filter.CharacterEncodingFilter.doFilterInternal(CharacterEncodingFilter.java:201) ~[spring-web-6.2.18.jar:6.2.18]
	at org.springframework.web.filter.OncePerRequestFilter.doFilter(OncePerRequestFilter.java:116) ~[spring-web-6.2.18.jar:6.2.18]
	at org.apache.catalina.core.ApplicationFilterChain.internalDoFilter(ApplicationFilterChain.java:162) ~[tomcat-embed-core-10.1.54.jar:10.1.54]
	at org.apache.catalina.core.ApplicationFilterChain.doFilter(ApplicationFilterChain.java:138) ~[tomcat-embed-core-10.1.54.jar:10.1.54]
	at org.apache.catalina.core.StandardWrapperValve.invoke(StandardWrapperValve.java:165) ~[tomcat-embed-core-10.1.54.jar:10.1.54]
	at org.apache.catalina.core.StandardContextValve.invoke(StandardContextValve.java:88) ~[tomcat-embed-core-10.1.54.jar:10.1.54]
	at org.apache.catalina.authenticator.AuthenticatorBase.invoke(AuthenticatorBase.java:492) ~[tomcat-embed-core-10.1.54.jar:10.1.54]
	at org.apache.catalina.core.StandardHostValve.invoke(StandardHostValve.java:113) ~[tomcat-embed-core-10.1.54.jar:10.1.54]
	at org.apache.catalina.valves.ErrorReportValve.invoke(ErrorReportValve.java:83) ~[tomcat-embed-core-10.1.54.jar:10.1.54]
	at org.apache.catalina.core.StandardEngineValve.invoke(StandardEngineValve.java:72) ~[tomcat-embed-core-10.1.54.jar:10.1.54]
	at org.apache.catalina.connector.CoyoteAdapter.service(CoyoteAdapter.java:342) ~[tomcat-embed-core-10.1.54.jar:10.1.54]
	at org.apache.coyote.http11.Http11Processor.service(Http11Processor.java:399) ~[tomcat-embed-core-10.1.54.jar:10.1.54]
	at org.apache.coyote.AbstractProcessorLight.process(AbstractProcessorLight.java:63) ~[tomcat-embed-core-10.1.54.jar:10.1.54]
	at org.apache.coyote.AbstractProtocol$ConnectionHandler.process(AbstractProtocol.java:903) ~[tomcat-embed-core-10.1.54.jar:10.1.54]
	at org.apache.tomcat.util.net.NioEndpoint$SocketProcessor.doRun(NioEndpoint.java:1797) ~[tomcat-embed-core-10.1.54.jar:10.1.54]
	at org.apache.tomcat.util.net.SocketProcessorBase.run(SocketProcessorBase.java:52) ~[tomcat-embed-core-10.1.54.jar:10.1.54]
	at org.apache.tomcat.util.threads.ThreadPoolExecutor.runWorker(ThreadPoolExecutor.java:973) ~[tomcat-embed-core-10.1.54.jar:10.1.54]
	at org.apache.tomcat.util.threads.ThreadPoolExecutor$Worker.run(ThreadPoolExecutor.java:491) ~[tomcat-embed-core-10.1.54.jar:10.1.54]
	at org.apache.tomcat.util.threads.TaskThread$WrappingRunnable.run(TaskThread.java:63) ~[tomcat-embed-core-10.1.54.jar:10.1.54]
	at java.base/java.lang.Thread.run(Thread.java:1447) ~[na:na]

2026-10-08T08:30:26.741-06:00 ERROR 1947 --- [http-nio-0.0.0.0-8089-exec-4] o.a.c.c.C.[.[.[/].[dispatcherServlet]    : Servlet.service() for servlet [dispatcherServlet] in context with path [] threw exception

io.jsonwebtoken.ExpiredJwtException: JWT expired 337740 milliseconds ago at 2026-10-08T14:24:49.000Z. Current time: 2026-10-08T14:30:26.740Z. Allowed clock skew: 0 milliseconds.
	at io.jsonwebtoken.impl.DefaultJwtParser.parse(DefaultJwtParser.java:691) ~[jjwt-impl-0.12.6.jar:0.12.6]
	at io.jsonwebtoken.impl.DefaultJwtParser.parse(DefaultJwtParser.java:364) ~[jjwt-impl-0.12.6.jar:0.12.6]
	at io.jsonwebtoken.impl.DefaultJwtParser.parse(DefaultJwtParser.java:94) ~[jjwt-impl-0.12.6.jar:0.12.6]
	at io.jsonwebtoken.impl.io.AbstractParser.parse(AbstractParser.java:36) ~[jjwt-impl-0.12.6.jar:0.12.6]
	at io.jsonwebtoken.impl.io.AbstractParser.parse(AbstractParser.java:29) ~[jjwt-impl-0.12.6.jar:0.12.6]
	at io.jsonwebtoken.impl.DefaultJwtParser.parseSignedClaims(DefaultJwtParser.java:830) ~[jjwt-impl-0.12.6.jar:0.12.6]
	at mx.edu.utez.umeca.modules.security.config.JwtService.extractClaim(JwtService.java:77) ~[classes/:na]
	at mx.edu.utez.umeca.modules.security.config.JwtService.extractUsername(JwtService.java:56) ~[classes/:na]
	at mx.edu.utez.umeca.modules.security.config.JwtFilter.doFilterInternal(JwtFilter.java:39) ~[classes/:na]
	at org.springframework.web.filter.OncePerRequestFilter.doFilter(OncePerRequestFilter.java:116) ~[spring-web-6.2.18.jar:6.2.18]
	at org.springframework.security.web.ObservationFilterChainDecorator$ObservationFilter.wrapFilter(ObservationFilterChainDecorator.java:241) ~[spring-security-web-6.5.10.jar:6.5.10]
	at org.springframework.security.web.ObservationFilterChainDecorator$ObservationFilter.doFilter(ObservationFilterChainDecorator.java:228) ~[spring-security-web-6.5.10.jar:6.5.10]
	at org.springframework.security.web.ObservationFilterChainDecorator$VirtualFilterChain.doFilter(ObservationFilterChainDecorator.java:138) ~[spring-security-web-6.5.10.jar:6.5.10]
	at org.springframework.security.web.authentication.logout.LogoutFilter.doFilter(LogoutFilter.java:107) ~[spring-security-web-6.5.10.jar:6.5.10]
	at org.springframework.security.web.authentication.logout.LogoutFilter.doFilter(LogoutFilter.java:93) ~[spring-security-web-6.5.10.jar:6.5.10]
	at org.springframework.security.web.ObservationFilterChainDecorator$ObservationFilter.wrapFilter(ObservationFilterChainDecorator.java:241) ~[spring-security-web-6.5.10.jar:6.5.10]
	at org.springframework.security.web.ObservationFilterChainDecorator$ObservationFilter.doFilter(ObservationFilterChainDecorator.java:228) ~[spring-security-web-6.5.10.jar:6.5.10]
	at org.springframework.security.web.ObservationFilterChainDecorator$VirtualFilterChain.doFilter(ObservationFilterChainDecorator.java:138) ~[spring-security-web-6.5.10.jar:6.5.10]
	at org.springframework.web.filter.CorsFilter.doFilterInternal(CorsFilter.java:91) ~[spring-web-6.2.18.jar:6.2.18]
	at org.springframework.web.filter.OncePerRequestFilter.doFilter(OncePerRequestFilter.java:116) ~[spring-web-6.2.18.jar:6.2.18]
	at org.springframework.security.web.ObservationFilterChainDecorator$ObservationFilter.wrapFilter(ObservationFilterChainDecorator.java:241) ~[spring-security-web-6.5.10.jar:6.5.10]
	at org.springframework.security.web.ObservationFilterChainDecorator$ObservationFilter.doFilter(ObservationFilterChainDecorator.java:228) ~[spring-security-web-6.5.10.jar:6.5.10]
	at org.springframework.security.web.ObservationFilterChainDecorator$VirtualFilterChain.doFilter(ObservationFilterChainDecorator.java:138) ~[spring-security-web-6.5.10.jar:6.5.10]
	at org.springframework.security.web.header.HeaderWriterFilter.doHeadersAfter(HeaderWriterFilter.java:90) ~[spring-security-web-6.5.10.jar:6.5.10]
	at org.springframework.security.web.header.HeaderWriterFilter.doFilterInternal(HeaderWriterFilter.java:75) ~[spring-security-web-6.5.10.jar:6.5.10]
	at org.springframework.web.filter.OncePerRequestFilter.doFilter(OncePerRequestFilter.java:116) ~[spring-web-6.2.18.jar:6.2.18]
	at org.springframework.security.web.ObservationFilterChainDecorator$ObservationFilter.wrapFilter(ObservationFilterChainDecorator.java:241) ~[spring-security-web-6.5.10.jar:6.5.10]
	at org.springframework.security.web.ObservationFilterChainDecorator$ObservationFilter.doFilter(ObservationFilterChainDecorator.java:228) ~[spring-security-web-6.5.10.jar:6.5.10]
	at org.springframework.security.web.ObservationFilterChainDecorator$VirtualFilterChain.doFilter(ObservationFilterChainDecorator.java:138) ~[spring-security-web-6.5.10.jar:6.5.10]
	at org.springframework.security.web.context.SecurityContextHolderFilter.doFilter(SecurityContextHolderFilter.java:82) ~[spring-security-web-6.5.10.jar:6.5.10]
	at org.springframework.security.web.context.SecurityContextHolderFilter.doFilter(SecurityContextHolderFilter.java:69) ~[spring-security-web-6.5.10.jar:6.5.10]
	at org.springframework.security.web.ObservationFilterChainDecorator$ObservationFilter.wrapFilter(ObservationFilterChainDecorator.java:241) ~[spring-security-web-6.5.10.jar:6.5.10]
	at org.springframework.security.web.ObservationFilterChainDecorator$ObservationFilter.doFilter(ObservationFilterChainDecorator.java:228) ~[spring-security-web-6.5.10.jar:6.5.10]
	at org.springframework.security.web.ObservationFilterChainDecorator$VirtualFilterChain.doFilter(ObservationFilterChainDecorator.java:138) ~[spring-security-web-6.5.10.jar:6.5.10]
	at org.springframework.security.web.context.request.async.WebAsyncManagerIntegrationFilter.doFilterInternal(WebAsyncManagerIntegrationFilter.java:62) ~[spring-security-web-6.5.10.jar:6.5.10]
	at org.springframework.web.filter.OncePerRequestFilter.doFilter(OncePerRequestFilter.java:116) ~[spring-web-6.2.18.jar:6.2.18]
	at org.springframework.security.web.ObservationFilterChainDecorator$ObservationFilter.wrapFilter(ObservationFilterChainDecorator.java:241) ~[spring-security-web-6.5.10.jar:6.5.10]
	at org.springframework.security.web.ObservationFilterChainDecorator$ObservationFilter.doFilter(ObservationFilterChainDecorator.java:228) ~[spring-security-web-6.5.10.jar:6.5.10]
	at org.springframework.security.web.ObservationFilterChainDecorator$VirtualFilterChain.doFilter(ObservationFilterChainDecorator.java:138) ~[spring-security-web-6.5.10.jar:6.5.10]
	at org.springframework.security.web.session.DisableEncodeUrlFilter.doFilterInternal(DisableEncodeUrlFilter.java:42) ~[spring-security-web-6.5.10.jar:6.5.10]
	at org.springframework.web.filter.OncePerRequestFilter.doFilter(OncePerRequestFilter.java:116) ~[spring-web-6.2.18.jar:6.2.18]
	at org.springframework.security.web.ObservationFilterChainDecorator$ObservationFilter.wrapFilter(ObservationFilterChainDecorator.java:241) ~[spring-security-web-6.5.10.jar:6.5.10]
	at org.springframework.security.web.ObservationFilterChainDecorator$AroundFilterObservation$SimpleAroundFilterObservation.lambda$wrap$0(ObservationFilterChainDecorator.java:334) ~[spring-security-web-6.5.10.jar:6.5.10]
	at org.springframework.security.web.ObservationFilterChainDecorator$ObservationFilter.doFilter(ObservationFilterChainDecorator.java:225) ~[spring-security-web-6.5.10.jar:6.5.10]
	at org.springframework.security.web.ObservationFilterChainDecorator$VirtualFilterChain.doFilter(ObservationFilterChainDecorator.java:138) ~[spring-security-web-6.5.10.jar:6.5.10]
	at org.springframework.security.web.FilterChainProxy.doFilterInternal(FilterChainProxy.java:233) ~[spring-security-web-6.5.10.jar:6.5.10]
	at org.springframework.security.web.FilterChainProxy.doFilter(FilterChainProxy.java:191) ~[spring-security-web-6.5.10.jar:6.5.10]
	at org.springframework.web.filter.CompositeFilter$VirtualFilterChain.doFilter(CompositeFilter.java:113) ~[spring-web-6.2.18.jar:6.2.18]
	at org.springframework.web.filter.ServletRequestPathFilter.doFilter(ServletRequestPathFilter.java:52) ~[spring-web-6.2.18.jar:6.2.18]
	at org.springframework.web.filter.CompositeFilter$VirtualFilterChain.doFilter(CompositeFilter.java:113) ~[spring-web-6.2.18.jar:6.2.18]
	at org.springframework.web.filter.CompositeFilter.doFilter(CompositeFilter.java:74) ~[spring-web-6.2.18.jar:6.2.18]
	at org.springframework.security.config.annotation.web.configuration.WebSecurityConfiguration$CompositeFilterChainProxy.doFilter(WebSecurityConfiguration.java:319) ~[spring-security-config-6.5.10.jar:6.5.10]
	at org.springframework.web.filter.CompositeFilter$VirtualFilterChain.doFilter(CompositeFilter.java:113) ~[spring-web-6.2.18.jar:6.2.18]
	at org.springframework.web.servlet.handler.HandlerMappingIntrospector.lambda$createCacheFilter$4(HandlerMappingIntrospector.java:267) ~[spring-webmvc-6.2.18.jar:6.2.18]
	at org.springframework.web.filter.CompositeFilter$VirtualFilterChain.doFilter(CompositeFilter.java:113) ~[spring-web-6.2.18.jar:6.2.18]
	at org.springframework.web.filter.CompositeFilter.doFilter(CompositeFilter.java:74) ~[spring-web-6.2.18.jar:6.2.18]
	at org.springframework.security.config.annotation.web.configuration.WebMvcSecurityConfiguration$CompositeFilterChainProxy.doFilter(WebMvcSecurityConfiguration.java:240) ~[spring-security-config-6.5.10.jar:6.5.10]
	at org.springframework.web.filter.DelegatingFilterProxy.invokeDelegate(DelegatingFilterProxy.java:362) ~[spring-web-6.2.18.jar:6.2.18]
	at org.springframework.web.filter.DelegatingFilterProxy.doFilter(DelegatingFilterProxy.java:278) ~[spring-web-6.2.18.jar:6.2.18]
	at org.apache.catalina.core.ApplicationFilterChain.internalDoFilter(ApplicationFilterChain.java:162) ~[tomcat-embed-core-10.1.54.jar:10.1.54]
	at org.apache.catalina.core.ApplicationFilterChain.doFilter(ApplicationFilterChain.java:138) ~[tomcat-embed-core-10.1.54.jar:10.1.54]
	at org.springframework.web.filter.RequestContextFilter.doFilterInternal(RequestContextFilter.java:100) ~[spring-web-6.2.18.jar:6.2.18]
	at org.springframework.web.filter.OncePerRequestFilter.doFilter(OncePerRequestFilter.java:116) ~[spring-web-6.2.18.jar:6.2.18]
	at org.apache.catalina.core.ApplicationFilterChain.internalDoFilter(ApplicationFilterChain.java:162) ~[tomcat-embed-core-10.1.54.jar:10.1.54]
	at org.apache.catalina.core.ApplicationFilterChain.doFilter(ApplicationFilterChain.java:138) ~[tomcat-embed-core-10.1.54.jar:10.1.54]
	at org.springframework.web.filter.FormContentFilter.doFilterInternal(FormContentFilter.java:93) ~[spring-web-6.2.18.jar:6.2.18]
	at org.springframework.web.filter.OncePerRequestFilter.doFilter(OncePerRequestFilter.java:116) ~[spring-web-6.2.18.jar:6.2.18]
	at org.apache.catalina.core.ApplicationFilterChain.internalDoFilter(ApplicationFilterChain.java:162) ~[tomcat-embed-core-10.1.54.jar:10.1.54]
	at org.apache.catalina.core.ApplicationFilterChain.doFilter(ApplicationFilterChain.java:138) ~[tomcat-embed-core-10.1.54.jar:10.1.54]
	at org.springframework.web.filter.ServerHttpObservationFilter.doFilterInternal(ServerHttpObservationFilter.java:110) ~[spring-web-6.2.18.jar:6.2.18]
	at org.springframework.web.filter.OncePerRequestFilter.doFilter(OncePerRequestFilter.java:116) ~[spring-web-6.2.18.jar:6.2.18]
	at org.apache.catalina.core.ApplicationFilterChain.internalDoFilter(ApplicationFilterChain.java:162) ~[tomcat-embed-core-10.1.54.jar:10.1.54]
	at org.apache.catalina.core.ApplicationFilterChain.doFilter(ApplicationFilterChain.java:138) ~[tomcat-embed-core-10.1.54.jar:10.1.54]
	at org.springframework.web.filter.CharacterEncodingFilter.doFilterInternal(CharacterEncodingFilter.java:201) ~[spring-web-6.2.18.jar:6.2.18]
	at org.springframework.web.filter.OncePerRequestFilter.doFilter(OncePerRequestFilter.java:116) ~[spring-web-6.2.18.jar:6.2.18]
	at org.apache.catalina.core.ApplicationFilterChain.internalDoFilter(ApplicationFilterChain.java:162) ~[tomcat-embed-core-10.1.54.jar:10.1.54]
	at org.apache.catalina.core.ApplicationFilterChain.doFilter(ApplicationFilterChain.java:138) ~[tomcat-embed-core-10.1.54.jar:10.1.54]
	at org.apache.catalina.core.StandardWrapperValve.invoke(StandardWrapperValve.java:165) ~[tomcat-embed-core-10.1.54.jar:10.1.54]
	at org.apache.catalina.core.StandardContextValve.invoke(StandardContextValve.java:88) ~[tomcat-embed-core-10.1.54.jar:10.1.54]
	at org.apache.catalina.authenticator.AuthenticatorBase.invoke(AuthenticatorBase.java:492) ~[tomcat-embed-core-10.1.54.jar:10.1.54]
	at org.apache.catalina.core.StandardHostValve.invoke(StandardHostValve.java:113) ~[tomcat-embed-core-10.1.54.jar:10.1.54]
	at org.apache.catalina.valves.ErrorReportValve.invoke(ErrorReportValve.java:83) ~[tomcat-embed-core-10.1.54.jar:10.1.54]
	at org.apache.catalina.core.StandardEngineValve.invoke(StandardEngineValve.java:72) ~[tomcat-embed-core-10.1.54.jar:10.1.54]
	at org.apache.catalina.connector.CoyoteAdapter.service(CoyoteAdapter.java:342) ~[tomcat-embed-core-10.1.54.jar:10.1.54]
	at org.apache.coyote.http11.Http11Processor.service(Http11Processor.java:399) ~[tomcat-embed-core-10.1.54.jar:10.1.54]
	at org.apache.coyote.AbstractProcessorLight.process(AbstractProcessorLight.java:63) ~[tomcat-embed-core-10.1.54.jar:10.1.54]
	at org.apache.coyote.AbstractProtocol$ConnectionHandler.process(AbstractProtocol.java:903) ~[tomcat-embed-core-10.1.54.jar:10.1.54]
	at org.apache.tomcat.util.net.NioEndpoint$SocketProcessor.doRun(NioEndpoint.java:1797) ~[tomcat-embed-core-10.1.54.jar:10.1.54]
	at org.apache.tomcat.util.net.SocketProcessorBase.run(SocketProcessorBase.java:52) ~[tomcat-embed-core-10.1.54.jar:10.1.54]
	at org.apache.tomcat.util.threads.ThreadPoolExecutor.runWorker(ThreadPoolExecutor.java:973) ~[tomcat-embed-core-10.1.54.jar:10.1.54]
	at org.apache.tomcat.util.threads.ThreadPoolExecutor$Worker.run(ThreadPoolExecutor.java:491) ~[tomcat-embed-core-10.1.54.jar:10.1.54]
	at org.apache.tomcat.util.threads.TaskThread$WrappingRunnable.run(TaskThread.java:63) ~[tomcat-embed-core-10.1.54.jar:10.1.54]
	at java.base/java.lang.Thread.run(Thread.java:1447) ~[na:na]

2026-10-08T08:30:26.746-06:00 DEBUG 1947 --- [http-nio-0.0.0.0-8089-exec-5] o.s.security.web.FilterChainProxy        : Securing GET /error
2026-10-08T08:30:26.746-06:00 DEBUG 1947 --- [http-nio-0.0.0.0-8089-exec-4] o.s.security.web.FilterChainProxy        : Securing GET /error
2026-10-08T08:30:26.746-06:00 DEBUG 1947 --- [http-nio-0.0.0.0-8089-exec-6] o.s.security.web.FilterChainProxy        : Securing GET /error
2026-10-08T08:30:26.748-06:00 DEBUG 1947 --- [http-nio-0.0.0.0-8089-exec-4] o.s.s.w.a.AnonymousAuthenticationFilter  : Set SecurityContextHolder to anonymous SecurityContext
2026-10-08T08:30:26.748-06:00 DEBUG 1947 --- [http-nio-0.0.0.0-8089-exec-6] o.s.s.w.a.AnonymousAuthenticationFilter  : Set SecurityContextHolder to anonymous SecurityContext
2026-10-08T08:30:26.748-06:00 DEBUG 1947 --- [http-nio-0.0.0.0-8089-exec-5] o.s.s.w.a.AnonymousAuthenticationFilter  : Set SecurityContextHolder to anonymous SecurityContext
2026-10-08T08:30:26.751-06:00 DEBUG 1947 --- [http-nio-0.0.0.0-8089-exec-5] o.s.s.w.a.Http403ForbiddenEntryPoint     : Pre-authenticated entry point called. Rejecting access
2026-10-08T08:30:26.751-06:00 DEBUG 1947 --- [http-nio-0.0.0.0-8089-exec-4] o.s.s.w.a.Http403ForbiddenEntryPoint     : Pre-authenticated entry point called. Rejecting access
2026-10-08T08:30:26.751-06:00 DEBUG 1947 --- [http-nio-0.0.0.0-8089-exec-6] o.s.s.w.a.Http403ForbiddenEntryPoint     : Pre-authenticated entry point called. Rejecting access
2026-10-08T08:30:27.206-06:00 DEBUG 1947 --- [http-nio-0.0.0.0-8089-exec-7] o.s.security.web.FilterChainProxy        : Securing POST /api/auth/logout
2026-10-08T08:30:27.207-06:00 DEBUG 1947 --- [http-nio-0.0.0.0-8089-exec-7] o.s.s.w.a.AnonymousAuthenticationFilter  : Set SecurityContextHolder to anonymous SecurityContext
2026-10-08T08:30:27.208-06:00 DEBUG 1947 --- [http-nio-0.0.0.0-8089-exec-7] o.s.security.web.FilterChainProxy        : Secured POST /api/auth/logout
2026-10-08T08:32:03.883-06:00 DEBUG 1947 --- [http-nio-0.0.0.0-8089-exec-1] o.s.security.web.FilterChainProxy        : Securing POST /api/auth/logout
2026-10-08T08:32:03.885-06:00 DEBUG 1947 --- [http-nio-0.0.0.0-8089-exec-1] o.s.s.w.a.AnonymousAuthenticationFilter  : Set SecurityContextHolder to anonymous SecurityContext
2026-10-08T08:32:03.885-06:00 DEBUG 1947 --- [http-nio-0.0.0.0-8089-exec-1] o.s.security.web.FilterChainProxy        : Secured POST /api/auth/logout
2026-10-08T08:32:10.023-06:00 DEBUG 1947 --- [http-nio-0.0.0.0-8089-exec-2] o.s.security.web.FilterChainProxy        : Securing OPTIONS /api/auth/login
2026-10-08T08:32:10.027-06:00 DEBUG 1947 --- [http-nio-0.0.0.0-8089-exec-3] o.s.security.web.FilterChainProxy        : Securing POST /api/auth/login
2026-10-08T08:32:10.029-06:00 DEBUG 1947 --- [http-nio-0.0.0.0-8089-exec-3] o.s.s.w.a.AnonymousAuthenticationFilter  : Set SecurityContextHolder to anonymous SecurityContext
2026-10-08T08:32:10.030-06:00 DEBUG 1947 --- [http-nio-0.0.0.0-8089-exec-3] o.s.security.web.FilterChainProxy        : Secured POST /api/auth/login
2026-10-08T08:32:10.348-06:00 DEBUG 1947 --- [http-nio-0.0.0.0-8089-exec-3] o.s.s.a.dao.DaoAuthenticationProvider    : Authenticated user
2026-10-08T08:32:10.404-06:00 DEBUG 1947 --- [http-nio-0.0.0.0-8089-exec-6] o.s.security.web.FilterChainProxy        : Securing OPTIONS /api/usuarios/33/modulos-extra
2026-10-08T08:32:10.406-06:00 DEBUG 1947 --- [http-nio-0.0.0.0-8089-exec-4] o.s.security.web.FilterChainProxy        : Securing GET /api/usuarios/33/modulos-extra
2026-10-08T08:32:10.436-06:00 DEBUG 1947 --- [http-nio-0.0.0.0-8089-exec-4] o.s.security.web.FilterChainProxy        : Secured GET /api/usuarios/33/modulos-extra
2026-10-08T08:32:10.437-06:00 DEBUG 1947 --- [http-nio-0.0.0.0-8089-exec-4] horizationManagerBeforeMethodInterceptor : Authorizing method invocation ReflectiveMethodInvocation: public org.springframework.http.ResponseEntity mx.edu.utez.umeca.modules.moduloextra.UsuarioModuloExtraController.get(java.lang.Long); target is of class [mx.edu.utez.umeca.modules.moduloextra.UsuarioModuloExtraController]
2026-10-08T08:32:10.453-06:00 DEBUG 1947 --- [http-nio-0.0.0.0-8089-exec-4] horizationManagerBeforeMethodInterceptor : Authorized method invocation ReflectiveMethodInvocation: public org.springframework.http.ResponseEntity mx.edu.utez.umeca.modules.moduloextra.UsuarioModuloExtraController.get(java.lang.Long); target is of class [mx.edu.utez.umeca.modules.moduloextra.UsuarioModuloExtraController]
2026-10-08T08:32:12.291-06:00 DEBUG 1947 --- [http-nio-0.0.0.0-8089-exec-5] o.s.security.web.FilterChainProxy        : Securing OPTIONS /api/imputados
2026-10-08T08:32:12.292-06:00 DEBUG 1947 --- [http-nio-0.0.0.0-8089-exec-9] o.s.security.web.FilterChainProxy        : Securing OPTIONS /api/imputados/expedientes-pendientes-count
2026-10-08T08:32:12.291-06:00 DEBUG 1947 --- [http-nio-0.0.0.0-8089-exec-7] o.s.security.web.FilterChainProxy        : Securing OPTIONS /api/correspondencia/contadores
2026-10-08T08:32:12.292-06:00 DEBUG 1947 --- [http-nio-0.0.0.0-8089-exec-8] o.s.security.web.FilterChainProxy        : Securing OPTIONS /api/control-oficios/contadores
2026-10-08T08:32:12.292-06:00 DEBUG 1947 --- [http-nio-0.0.0.0-8089-exec-1] o.s.security.web.FilterChainProxy        : Securing OPTIONS /api/correspondencia/contadores
2026-10-08T08:32:12.293-06:00 DEBUG 1947 --- [http-nio-0.0.0.0-8089-exec-10] o.s.security.web.FilterChainProxy        : Securing OPTIONS /api/imputados
2026-10-08T08:32:12.295-06:00 DEBUG 1947 --- [http-nio-0.0.0.0-8089-exec-2] o.s.security.web.FilterChainProxy        : Securing GET /api/correspondencia/contadores
2026-10-08T08:32:12.295-06:00 DEBUG 1947 --- [http-nio-0.0.0.0-8089-exec-4] o.s.security.web.FilterChainProxy        : Securing OPTIONS /api/imputados/expedientes-pendientes-count
2026-10-08T08:32:12.295-06:00 DEBUG 1947 --- [http-nio-0.0.0.0-8089-exec-3] o.s.security.web.FilterChainProxy        : Securing OPTIONS /api/control-oficios/contadores
2026-10-08T08:32:12.295-06:00 DEBUG 1947 --- [http-nio-0.0.0.0-8089-exec-6] o.s.security.web.FilterChainProxy        : Securing GET /api/imputados/expedientes-pendientes-count
2026-10-08T08:32:12.297-06:00 DEBUG 1947 --- [http-nio-0.0.0.0-8089-exec-5] o.s.security.web.FilterChainProxy        : Securing GET /api/imputados
2026-10-08T08:32:12.297-06:00 DEBUG 1947 --- [http-nio-0.0.0.0-8089-exec-4] o.s.security.web.FilterChainProxy        : Securing GET /api/control-oficios/contadores
2026-10-08T08:32:12.302-06:00 DEBUG 1947 --- [http-nio-0.0.0.0-8089-exec-2] o.s.security.web.FilterChainProxy        : Secured GET /api/correspondencia/contadores
2026-10-08T08:32:12.302-06:00 DEBUG 1947 --- [http-nio-0.0.0.0-8089-exec-6] o.s.security.web.FilterChainProxy        : Secured GET /api/imputados/expedientes-pendientes-count
2026-10-08T08:32:12.303-06:00 DEBUG 1947 --- [http-nio-0.0.0.0-8089-exec-4] o.s.security.web.FilterChainProxy        : Secured GET /api/control-oficios/contadores
2026-10-08T08:32:12.303-06:00 DEBUG 1947 --- [http-nio-0.0.0.0-8089-exec-5] o.s.security.web.FilterChainProxy        : Secured GET /api/imputados
2026-10-08T08:32:12.303-06:00 DEBUG 1947 --- [http-nio-0.0.0.0-8089-exec-2] horizationManagerBeforeMethodInterceptor : Authorizing method invocation ReflectiveMethodInvocation: public org.springframework.http.ResponseEntity mx.edu.utez.umeca.modules.correspondencia.CorrespondenciaController.contadores(); target is of class [mx.edu.utez.umeca.modules.correspondencia.CorrespondenciaController]
2026-10-08T08:32:12.303-06:00 DEBUG 1947 --- [http-nio-0.0.0.0-8089-exec-6] horizationManagerBeforeMethodInterceptor : Authorizing method invocation ReflectiveMethodInvocation: public org.springframework.http.ResponseEntity mx.edu.utez.umeca.modules.imputado.ImputadoController.expedientesPendientesCount(org.springframework.security.core.Authentication); target is of class [mx.edu.utez.umeca.modules.imputado.ImputadoController]
2026-10-08T08:32:12.303-06:00 DEBUG 1947 --- [http-nio-0.0.0.0-8089-exec-4] horizationManagerBeforeMethodInterceptor : Authorizing method invocation ReflectiveMethodInvocation: public org.springframework.http.ResponseEntity mx.edu.utez.umeca.modules.controloficio.ControlOficioController.getContadores(); target is of class [mx.edu.utez.umeca.modules.controloficio.ControlOficioController]
2026-10-08T08:32:12.304-06:00 DEBUG 1947 --- [http-nio-0.0.0.0-8089-exec-5] horizationManagerBeforeMethodInterceptor : Authorizing method invocation ReflectiveMethodInvocation: public org.springframework.http.ResponseEntity mx.edu.utez.umeca.modules.imputado.ImputadoController.findAll(java.lang.String); target is of class [mx.edu.utez.umeca.modules.imputado.ImputadoController]
2026-10-08T08:32:12.304-06:00 DEBUG 1947 --- [http-nio-0.0.0.0-8089-exec-2] horizationManagerBeforeMethodInterceptor : Authorized method invocation ReflectiveMethodInvocation: public org.springframework.http.ResponseEntity mx.edu.utez.umeca.modules.correspondencia.CorrespondenciaController.contadores(); target is of class [mx.edu.utez.umeca.modules.correspondencia.CorrespondenciaController]
2026-10-08T08:32:12.304-06:00 DEBUG 1947 --- [http-nio-0.0.0.0-8089-exec-6] horizationManagerBeforeMethodInterceptor : Authorized method invocation ReflectiveMethodInvocation: public org.springframework.http.ResponseEntity mx.edu.utez.umeca.modules.imputado.ImputadoController.expedientesPendientesCount(org.springframework.security.core.Authentication); target is of class [mx.edu.utez.umeca.modules.imputado.ImputadoController]
2026-10-08T08:32:12.304-06:00 DEBUG 1947 --- [http-nio-0.0.0.0-8089-exec-4] horizationManagerBeforeMethodInterceptor : Authorized method invocation ReflectiveMethodInvocation: public org.springframework.http.ResponseEntity mx.edu.utez.umeca.modules.controloficio.ControlOficioController.getContadores(); target is of class [mx.edu.utez.umeca.modules.controloficio.ControlOficioController]
2026-10-08T08:32:12.304-06:00 DEBUG 1947 --- [http-nio-0.0.0.0-8089-exec-5] horizationManagerBeforeMethodInterceptor : Authorized method invocation ReflectiveMethodInvocation: public org.springframework.http.ResponseEntity mx.edu.utez.umeca.modules.imputado.ImputadoController.findAll(java.lang.String); target is of class [mx.edu.utez.umeca.modules.imputado.ImputadoController]
2026-10-08T08:32:12.315-06:00 DEBUG 1947 --- [http-nio-0.0.0.0-8089-exec-8] o.s.security.web.FilterChainProxy        : Securing GET /api/imputados/expedientes-pendientes-count
2026-10-08T08:32:12.319-06:00 DEBUG 1947 --- [http-nio-0.0.0.0-8089-exec-9] o.s.security.web.FilterChainProxy        : Securing GET /api/control-oficios/contadores
2026-10-08T08:32:12.320-06:00 DEBUG 1947 --- [http-nio-0.0.0.0-8089-exec-8] o.s.security.web.FilterChainProxy        : Secured GET /api/imputados/expedientes-pendientes-count
2026-10-08T08:32:12.320-06:00 DEBUG 1947 --- [http-nio-0.0.0.0-8089-exec-8] horizationManagerBeforeMethodInterceptor : Authorizing method invocation ReflectiveMethodInvocation: public org.springframework.http.ResponseEntity mx.edu.utez.umeca.modules.imputado.ImputadoController.expedientesPendientesCount(org.springframework.security.core.Authentication); target is of class [mx.edu.utez.umeca.modules.imputado.ImputadoController]
2026-10-08T08:32:12.321-06:00 DEBUG 1947 --- [http-nio-0.0.0.0-8089-exec-8] horizationManagerBeforeMethodInterceptor : Authorized method invocation ReflectiveMethodInvocation: public org.springframework.http.ResponseEntity mx.edu.utez.umeca.modules.imputado.ImputadoController.expedientesPendientesCount(org.springframework.security.core.Authentication); target is of class [mx.edu.utez.umeca.modules.imputado.ImputadoController]
2026-10-08T08:32:12.323-06:00 DEBUG 1947 --- [http-nio-0.0.0.0-8089-exec-9] o.s.security.web.FilterChainProxy        : Secured GET /api/control-oficios/contadores
2026-10-08T08:32:12.324-06:00 DEBUG 1947 --- [http-nio-0.0.0.0-8089-exec-1] o.s.security.web.FilterChainProxy        : Securing GET /api/correspondencia/contadores
2026-10-08T08:32:12.324-06:00 DEBUG 1947 --- [http-nio-0.0.0.0-8089-exec-9] horizationManagerBeforeMethodInterceptor : Authorizing method invocation ReflectiveMethodInvocation: public org.springframework.http.ResponseEntity mx.edu.utez.umeca.modules.controloficio.ControlOficioController.getContadores(); target is of class [mx.edu.utez.umeca.modules.controloficio.ControlOficioController]
2026-10-08T08:32:12.325-06:00 DEBUG 1947 --- [http-nio-0.0.0.0-8089-exec-9] horizationManagerBeforeMethodInterceptor : Authorized method invocation ReflectiveMethodInvocation: public org.springframework.http.ResponseEntity mx.edu.utez.umeca.modules.controloficio.ControlOficioController.getContadores(); target is of class [mx.edu.utez.umeca.modules.controloficio.ControlOficioController]
2026-10-08T08:32:12.328-06:00 DEBUG 1947 --- [http-nio-0.0.0.0-8089-exec-1] o.s.security.web.FilterChainProxy        : Secured GET /api/correspondencia/contadores
2026-10-08T08:32:12.329-06:00 DEBUG 1947 --- [http-nio-0.0.0.0-8089-exec-1] horizationManagerBeforeMethodInterceptor : Authorizing method invocation ReflectiveMethodInvocation: public org.springframework.http.ResponseEntity mx.edu.utez.umeca.modules.correspondencia.CorrespondenciaController.contadores(); target is of class [mx.edu.utez.umeca.modules.correspondencia.CorrespondenciaController]
2026-10-08T08:32:12.329-06:00 DEBUG 1947 --- [http-nio-0.0.0.0-8089-exec-1] horizationManagerBeforeMethodInterceptor : Authorized method invocation ReflectiveMethodInvocation: public org.springframework.http.ResponseEntity mx.edu.utez.umeca.modules.correspondencia.CorrespondenciaController.contadores(); target is of class [mx.edu.utez.umeca.modules.correspondencia.CorrespondenciaController]
2026-10-08T08:32:12.352-06:00 DEBUG 1947 --- [http-nio-0.0.0.0-8089-exec-10] o.s.security.web.FilterChainProxy        : Securing GET /api/imputados
2026-10-08T08:32:12.355-06:00 DEBUG 1947 --- [http-nio-0.0.0.0-8089-exec-10] o.s.security.web.FilterChainProxy        : Secured GET /api/imputados
2026-10-08T08:32:12.356-06:00 DEBUG 1947 --- [http-nio-0.0.0.0-8089-exec-10] horizationManagerBeforeMethodInterceptor : Authorizing method invocation ReflectiveMethodInvocation: public org.springframework.http.ResponseEntity mx.edu.utez.umeca.modules.imputado.ImputadoController.findAll(java.lang.String); target is of class [mx.edu.utez.umeca.modules.imputado.ImputadoController]
2026-10-08T08:32:12.356-06:00 DEBUG 1947 --- [http-nio-0.0.0.0-8089-exec-10] horizationManagerBeforeMethodInterceptor : Authorized method invocation ReflectiveMethodInvocation: public org.springframework.http.ResponseEntity mx.edu.utez.umeca.modules.imputado.ImputadoController.findAll(java.lang.String); target is of class [mx.edu.utez.umeca.modules.imputado.ImputadoController]
2026-10-08T08:32:14.758-06:00 DEBUG 1947 --- [http-nio-0.0.0.0-8089-exec-3] o.s.security.web.FilterChainProxy        : Securing OPTIONS /api/seguimientos/imputado/2
2026-10-08T08:32:14.758-06:00 DEBUG 1947 --- [http-nio-0.0.0.0-8089-exec-7] o.s.security.web.FilterChainProxy        : Securing OPTIONS /api/imputados/2
2026-10-08T08:32:14.766-06:00 DEBUG 1947 --- [http-nio-0.0.0.0-8089-exec-6] o.s.security.web.FilterChainProxy        : Securing GET /api/imputados/2
2026-10-08T08:32:14.766-06:00 DEBUG 1947 --- [http-nio-0.0.0.0-8089-exec-4] o.s.security.web.FilterChainProxy        : Securing GET /api/seguimientos/imputado/2
2026-10-08T08:32:14.774-06:00 DEBUG 1947 --- [http-nio-0.0.0.0-8089-exec-6] o.s.security.web.FilterChainProxy        : Secured GET /api/imputados/2
2026-10-08T08:32:14.774-06:00 DEBUG 1947 --- [http-nio-0.0.0.0-8089-exec-4] o.s.security.web.FilterChainProxy        : Secured GET /api/seguimientos/imputado/2
2026-10-08T08:32:14.775-06:00 DEBUG 1947 --- [http-nio-0.0.0.0-8089-exec-6] horizationManagerBeforeMethodInterceptor : Authorizing method invocation ReflectiveMethodInvocation: public org.springframework.http.ResponseEntity mx.edu.utez.umeca.modules.imputado.ImputadoController.findById(java.lang.Long); target is of class [mx.edu.utez.umeca.modules.imputado.ImputadoController]
2026-10-08T08:32:14.775-06:00 DEBUG 1947 --- [http-nio-0.0.0.0-8089-exec-4] horizationManagerBeforeMethodInterceptor : Authorizing method invocation ReflectiveMethodInvocation: public org.springframework.http.ResponseEntity mx.edu.utez.umeca.modules.seguimiento.SeguimientoController.porImputado(java.lang.Long); target is of class [mx.edu.utez.umeca.modules.seguimiento.SeguimientoController]
2026-10-08T08:32:14.776-06:00 DEBUG 1947 --- [http-nio-0.0.0.0-8089-exec-4] horizationManagerBeforeMethodInterceptor : Authorized method invocation ReflectiveMethodInvocation: public org.springframework.http.ResponseEntity mx.edu.utez.umeca.modules.seguimiento.SeguimientoController.porImputado(java.lang.Long); target is of class [mx.edu.utez.umeca.modules.seguimiento.SeguimientoController]
2026-10-08T08:32:14.776-06:00 DEBUG 1947 --- [http-nio-0.0.0.0-8089-exec-6] horizationManagerBeforeMethodInterceptor : Authorized method invocation ReflectiveMethodInvocation: public org.springframework.http.ResponseEntity mx.edu.utez.umeca.modules.imputado.ImputadoController.findById(java.lang.Long); target is of class [mx.edu.utez.umeca.modules.imputado.ImputadoController]
2026-10-08T08:32:22.290-06:00 DEBUG 1947 --- [http-nio-0.0.0.0-8089-exec-2] o.s.security.web.FilterChainProxy        : Securing OPTIONS /api/correspondencia/contadores
2026-10-08T08:32:22.290-06:00 DEBUG 1947 --- [http-nio-0.0.0.0-8089-exec-8] o.s.security.web.FilterChainProxy        : Securing OPTIONS /api/control-oficios/contadores
2026-10-08T08:32:22.293-06:00 DEBUG 1947 --- [http-nio-0.0.0.0-8089-exec-1] o.s.security.web.FilterChainProxy        : Securing GET /api/correspondencia/contadores
2026-10-08T08:32:22.293-06:00 DEBUG 1947 --- [http-nio-0.0.0.0-8089-exec-9] o.s.security.web.FilterChainProxy        : Securing GET /api/control-oficios/contadores
2026-10-08T08:32:22.300-06:00 DEBUG 1947 --- [http-nio-0.0.0.0-8089-exec-1] o.s.security.web.FilterChainProxy        : Secured GET /api/correspondencia/contadores
2026-10-08T08:32:22.304-06:00 DEBUG 1947 --- [http-nio-0.0.0.0-8089-exec-9] o.s.security.web.FilterChainProxy        : Secured GET /api/control-oficios/contadores
2026-10-08T08:32:22.304-06:00 DEBUG 1947 --- [http-nio-0.0.0.0-8089-exec-1] horizationManagerBeforeMethodInterceptor : Authorizing method invocation ReflectiveMethodInvocation: public org.springframework.http.ResponseEntity mx.edu.utez.umeca.modules.correspondencia.CorrespondenciaController.contadores(); target is of class [mx.edu.utez.umeca.modules.correspondencia.CorrespondenciaController]
2026-10-08T08:32:22.305-06:00 DEBUG 1947 --- [http-nio-0.0.0.0-8089-exec-9] horizationManagerBeforeMethodInterceptor : Authorizing method invocation ReflectiveMethodInvocation: public org.springframework.http.ResponseEntity mx.edu.utez.umeca.modules.controloficio.ControlOficioController.getContadores(); target is of class [mx.edu.utez.umeca.modules.controloficio.ControlOficioController]
2026-10-08T08:32:22.305-06:00 DEBUG 1947 --- [http-nio-0.0.0.0-8089-exec-1] horizationManagerBeforeMethodInterceptor : Authorized method invocation ReflectiveMethodInvocation: public org.springframework.http.ResponseEntity mx.edu.utez.umeca.modules.correspondencia.CorrespondenciaController.contadores(); target is of class [mx.edu.utez.umeca.modules.correspondencia.CorrespondenciaController]
2026-10-08T08:32:22.305-06:00 DEBUG 1947 --- [http-nio-0.0.0.0-8089-exec-9] horizationManagerBeforeMethodInterceptor : Authorized method invocation ReflectiveMethodInvocation: public org.springframework.http.ResponseEntity mx.edu.utez.umeca.modules.controloficio.ControlOficioController.getContadores(); target is of class [mx.edu.utez.umeca.modules.controloficio.ControlOficioController]
2026-10-08T08:32:31.092-06:00 DEBUG 1947 --- [http-nio-0.0.0.0-8089-exec-5] o.s.security.web.FilterChainProxy        : Securing OPTIONS /api/imputados/2/cierre-carpeta
2026-10-08T08:32:31.096-06:00 DEBUG 1947 --- [http-nio-0.0.0.0-8089-exec-10] o.s.security.web.FilterChainProxy        : Securing PATCH /api/imputados/2/cierre-carpeta
2026-10-08T08:32:31.105-06:00 DEBUG 1947 --- [http-nio-0.0.0.0-8089-exec-10] o.s.security.web.FilterChainProxy        : Secured PATCH /api/imputados/2/cierre-carpeta
2026-10-08T08:32:31.108-06:00 DEBUG 1947 --- [http-nio-0.0.0.0-8089-exec-10] horizationManagerBeforeMethodInterceptor : Authorizing method invocation ReflectiveMethodInvocation: public org.springframework.http.ResponseEntity mx.edu.utez.umeca.modules.imputado.ImputadoController.registrarCierreCarpeta(java.lang.Long,java.util.Map); target is of class [mx.edu.utez.umeca.modules.imputado.ImputadoController]
2026-10-08T08:32:31.109-06:00 DEBUG 1947 --- [http-nio-0.0.0.0-8089-exec-10] horizationManagerBeforeMethodInterceptor : Authorized method invocation ReflectiveMethodInvocation: public org.springframework.http.ResponseEntity mx.edu.utez.umeca.modules.imputado.ImputadoController.registrarCierreCarpeta(java.lang.Long,java.util.Map); target is of class [mx.edu.utez.umeca.modules.imputado.ImputadoController]
2026-10-08T08:32:31.522-06:00  WARN 1947 --- [http-nio-0.0.0.0-8089-exec-10] o.h.engine.jdbc.spi.SqlExceptionHelper   : SQL Error: 1146, SQLState: 42S02
2026-10-08T08:32:31.523-06:00 ERROR 1947 --- [http-nio-0.0.0.0-8089-exec-10] o.h.engine.jdbc.spi.SqlExceptionHelper   : Table 'umeca_db.imputado' doesn't exist
2026-10-08T08:32:31.530-06:00 ERROR 1947 --- [http-nio-0.0.0.0-8089-exec-10] o.a.c.c.C.[.[.[/].[dispatcherServlet]    : Servlet.service() for servlet [dispatcherServlet] in context with path [] threw exception [Request processing failed: org.springframework.dao.InvalidDataAccessResourceUsageException: JDBC exception executing SQL [SELECT COALESCE(MAX(CAST(SUBSTRING(numero_cierre_carpeta, 9) AS UNSIGNED)), 0) FROM imputado WHERE numero_cierre_carpeta LIKE CONCAT('CC-', ?, '-%')] [Table 'umeca_db.imputado' doesn't exist] [n/a]; SQL [n/a]] with root cause

java.sql.SQLSyntaxErrorException: Table 'umeca_db.imputado' doesn't exist
	at com.mysql.cj.jdbc.exceptions.SQLError.createSQLException(SQLError.java:112) ~[mysql-connector-j-9.7.0.jar:9.7.0]
	at com.mysql.cj.jdbc.exceptions.SQLExceptionsMapping.translateException(SQLExceptionsMapping.java:114) ~[mysql-connector-j-9.7.0.jar:9.7.0]
	at com.mysql.cj.jdbc.ClientPreparedStatement.executeInternal(ClientPreparedStatement.java:988) ~[mysql-connector-j-9.7.0.jar:9.7.0]
	at com.mysql.cj.jdbc.ClientPreparedStatement.executeQuery(ClientPreparedStatement.java:1056) ~[mysql-connector-j-9.7.0.jar:9.7.0]
	at com.zaxxer.hikari.pool.ProxyPreparedStatement.executeQuery(ProxyPreparedStatement.java:52) ~[HikariCP-6.3.3.jar:na]
	at com.zaxxer.hikari.pool.HikariProxyPreparedStatement.executeQuery(HikariProxyPreparedStatement.java) ~[HikariCP-6.3.3.jar:na]
	at org.hibernate.sql.results.jdbc.internal.DeferredResultSetAccess.executeQuery(DeferredResultSetAccess.java:251) ~[hibernate-core-6.6.49.Final.jar:6.6.49.Final]
	at org.hibernate.sql.results.jdbc.internal.DeferredResultSetAccess.getResultSet(DeferredResultSetAccess.java:172) ~[hibernate-core-6.6.49.Final.jar:6.6.49.Final]
	at org.hibernate.sql.results.jdbc.internal.AbstractResultSetAccess.getMetaData(AbstractResultSetAccess.java:36) ~[hibernate-core-6.6.49.Final.jar:6.6.49.Final]
	at org.hibernate.sql.results.jdbc.internal.AbstractResultSetAccess.getColumnCount(AbstractResultSetAccess.java:52) ~[hibernate-core-6.6.49.Final.jar:6.6.49.Final]
	at org.hibernate.query.results.ResultSetMappingImpl.resolve(ResultSetMappingImpl.java:194) ~[hibernate-core-6.6.49.Final.jar:6.6.49.Final]
	at org.hibernate.sql.exec.internal.JdbcSelectExecutorStandardImpl.resolveJdbcValuesSource(JdbcSelectExecutorStandardImpl.java:340) ~[hibernate-core-6.6.49.Final.jar:6.6.49.Final]
	at org.hibernate.sql.exec.internal.JdbcSelectExecutorStandardImpl.doExecuteQuery(JdbcSelectExecutorStandardImpl.java:137) ~[hibernate-core-6.6.49.Final.jar:6.6.49.Final]
	at org.hibernate.sql.exec.internal.JdbcSelectExecutorStandardImpl.executeQuery(JdbcSelectExecutorStandardImpl.java:102) ~[hibernate-core-6.6.49.Final.jar:6.6.49.Final]
	at org.hibernate.sql.exec.spi.JdbcSelectExecutor.executeQuery(JdbcSelectExecutor.java:91) ~[hibernate-core-6.6.49.Final.jar:6.6.49.Final]
	at org.hibernate.sql.exec.spi.JdbcSelectExecutor.list(JdbcSelectExecutor.java:165) ~[hibernate-core-6.6.49.Final.jar:6.6.49.Final]
	at org.hibernate.sql.exec.spi.JdbcSelectExecutor.list(JdbcSelectExecutor.java:142) ~[hibernate-core-6.6.49.Final.jar:6.6.49.Final]
	at org.hibernate.sql.exec.spi.JdbcSelectExecutor.list(JdbcSelectExecutor.java:132) ~[hibernate-core-6.6.49.Final.jar:6.6.49.Final]
	at org.hibernate.query.sql.internal.NativeSelectQueryPlanImpl.performList(NativeSelectQueryPlanImpl.java:135) ~[hibernate-core-6.6.49.Final.jar:6.6.49.Final]
	at org.hibernate.query.sql.internal.NativeQueryImpl.doList(NativeQueryImpl.java:697) ~[hibernate-core-6.6.49.Final.jar:6.6.49.Final]
	at org.hibernate.query.spi.AbstractSelectionQuery.list(AbstractSelectionQuery.java:143) ~[hibernate-core-6.6.49.Final.jar:6.6.49.Final]
	at org.hibernate.query.spi.AbstractSelectionQuery.getSingleResult(AbstractSelectionQuery.java:275) ~[hibernate-core-6.6.49.Final.jar:6.6.49.Final]
	at org.springframework.data.jpa.repository.query.JpaQueryExecution$SingleEntityExecution.doExecute(JpaQueryExecution.java:226) ~[spring-data-jpa-3.5.11.jar:3.5.11]
	at org.springframework.data.jpa.repository.query.JpaQueryExecution.execute(JpaQueryExecution.java:95) ~[spring-data-jpa-3.5.11.jar:3.5.11]
	at org.springframework.data.jpa.repository.query.AbstractJpaQuery.doExecute(AbstractJpaQuery.java:160) ~[spring-data-jpa-3.5.11.jar:3.5.11]
	at org.springframework.data.jpa.repository.query.AbstractJpaQuery.execute(AbstractJpaQuery.java:148) ~[spring-data-jpa-3.5.11.jar:3.5.11]
	at org.springframework.data.repository.core.support.RepositoryMethodInvoker.doInvoke(RepositoryMethodInvoker.java:170) ~[spring-data-commons-3.5.11.jar:3.5.11]
	at org.springframework.data.repository.core.support.RepositoryMethodInvoker.invoke(RepositoryMethodInvoker.java:158) ~[spring-data-commons-3.5.11.jar:3.5.11]
	at org.springframework.data.repository.core.support.QueryExecutorMethodInterceptor.doInvoke(QueryExecutorMethodInterceptor.java:170) ~[spring-data-commons-3.5.11.jar:3.5.11]
	at org.springframework.data.repository.core.support.QueryExecutorMethodInterceptor.invoke(QueryExecutorMethodInterceptor.java:149) ~[spring-data-commons-3.5.11.jar:3.5.11]
	at org.springframework.aop.framework.ReflectiveMethodInvocation.proceed(ReflectiveMethodInvocation.java:184) ~[spring-aop-6.2.18.jar:6.2.18]
	at org.springframework.data.projection.DefaultMethodInvokingMethodInterceptor.invoke(DefaultMethodInvokingMethodInterceptor.java:69) ~[spring-data-commons-3.5.11.jar:3.5.11]
	at org.springframework.aop.framework.ReflectiveMethodInvocation.proceed(ReflectiveMethodInvocation.java:184) ~[spring-aop-6.2.18.jar:6.2.18]
	at org.springframework.transaction.interceptor.TransactionAspectSupport.invokeWithinTransaction(TransactionAspectSupport.java:380) ~[spring-tx-6.2.18.jar:6.2.18]
	at org.springframework.transaction.interceptor.TransactionInterceptor.invoke(TransactionInterceptor.java:119) ~[spring-tx-6.2.18.jar:6.2.18]
	at org.springframework.aop.framework.ReflectiveMethodInvocation.proceed(ReflectiveMethodInvocation.java:184) ~[spring-aop-6.2.18.jar:6.2.18]
	at org.springframework.dao.support.PersistenceExceptionTranslationInterceptor.invoke(PersistenceExceptionTranslationInterceptor.java:138) ~[spring-tx-6.2.18.jar:6.2.18]
	at org.springframework.aop.framework.ReflectiveMethodInvocation.proceed(ReflectiveMethodInvocation.java:184) ~[spring-aop-6.2.18.jar:6.2.18]
	at org.springframework.data.jpa.repository.support.CrudMethodMetadataPostProcessor$CrudMethodMetadataPopulatingMethodInterceptor.invoke(CrudMethodMetadataPostProcessor.java:136) ~[spring-data-jpa-3.5.11.jar:3.5.11]
	at org.springframework.aop.framework.ReflectiveMethodInvocation.proceed(ReflectiveMethodInvocation.java:184) ~[spring-aop-6.2.18.jar:6.2.18]
	at org.springframework.aop.framework.JdkDynamicAopProxy.invoke(JdkDynamicAopProxy.java:223) ~[spring-aop-6.2.18.jar:6.2.18]
	at jdk.proxy4/jdk.proxy4.$Proxy173.maxSecuenciaCierre(Unknown Source) ~[na:na]
	at mx.edu.utez.umeca.modules.imputado.ImputadoService.lambda$registrarCierreCarpeta$0(ImputadoService.java:300) ~[classes/:na]
	at java.base/java.util.Optional.map(Optional.java:260) ~[na:na]
	at mx.edu.utez.umeca.modules.imputado.ImputadoService.registrarCierreCarpeta(ImputadoService.java:260) ~[classes/:na]
	at java.base/jdk.internal.reflect.DirectMethodHandleAccessor.invoke(DirectMethodHandleAccessor.java:104) ~[na:na]
	at java.base/java.lang.reflect.Method.invoke(Method.java:565) ~[na:na]
	at org.springframework.aop.support.AopUtils.invokeJoinpointUsingReflection(AopUtils.java:360) ~[spring-aop-6.2.18.jar:6.2.18]
	at org.springframework.aop.framework.ReflectiveMethodInvocation.invokeJoinpoint(ReflectiveMethodInvocation.java:196) ~[spring-aop-6.2.18.jar:6.2.18]
	at org.springframework.aop.framework.ReflectiveMethodInvocation.proceed(ReflectiveMethodInvocation.java:163) ~[spring-aop-6.2.18.jar:6.2.18]
	at org.springframework.transaction.interceptor.TransactionAspectSupport.invokeWithinTransaction(TransactionAspectSupport.java:380) ~[spring-tx-6.2.18.jar:6.2.18]
	at org.springframework.transaction.interceptor.TransactionInterceptor.invoke(TransactionInterceptor.java:119) ~[spring-tx-6.2.18.jar:6.2.18]
	at org.springframework.aop.framework.ReflectiveMethodInvocation.proceed(ReflectiveMethodInvocation.java:184) ~[spring-aop-6.2.18.jar:6.2.18]
	at org.springframework.aop.framework.CglibAopProxy$DynamicAdvisedInterceptor.intercept(CglibAopProxy.java:728) ~[spring-aop-6.2.18.jar:6.2.18]
	at mx.edu.utez.umeca.modules.imputado.ImputadoService$$SpringCGLIB$$0.registrarCierreCarpeta(<generated>) ~[classes/:na]
	at mx.edu.utez.umeca.modules.imputado.ImputadoController.registrarCierreCarpeta(ImputadoController.java:91) ~[classes/:na]
	at java.base/jdk.internal.reflect.DirectMethodHandleAccessor.invoke(DirectMethodHandleAccessor.java:104) ~[na:na]
	at java.base/java.lang.reflect.Method.invoke(Method.java:565) ~[na:na]
	at org.springframework.aop.support.AopUtils.invokeJoinpointUsingReflection(AopUtils.java:360) ~[spring-aop-6.2.18.jar:6.2.18]
	at org.springframework.aop.framework.ReflectiveMethodInvocation.invokeJoinpoint(ReflectiveMethodInvocation.java:196) ~[spring-aop-6.2.18.jar:6.2.18]
	at org.springframework.aop.framework.ReflectiveMethodInvocation.proceed(ReflectiveMethodInvocation.java:163) ~[spring-aop-6.2.18.jar:6.2.18]
	at org.springframework.security.authorization.method.AuthorizationManagerBeforeMethodInterceptor.proceed(AuthorizationManagerBeforeMethodInterceptor.java:268) ~[spring-security-core-6.5.10.jar:6.5.10]
	at org.springframework.security.authorization.method.AuthorizationManagerBeforeMethodInterceptor.attemptAuthorization(AuthorizationManagerBeforeMethodInterceptor.java:263) ~[spring-security-core-6.5.10.jar:6.5.10]
	at org.springframework.security.authorization.method.AuthorizationManagerBeforeMethodInterceptor.invoke(AuthorizationManagerBeforeMethodInterceptor.java:196) ~[spring-security-core-6.5.10.jar:6.5.10]
	at org.springframework.security.config.annotation.method.configuration.DeferringMethodInterceptor.invoke(DeferringMethodInterceptor.java:44) ~[spring-security-config-6.5.10.jar:6.5.10]
	at org.springframework.aop.framework.ReflectiveMethodInvocation.proceed(ReflectiveMethodInvocation.java:184) ~[spring-aop-6.2.18.jar:6.2.18]
	at org.springframework.aop.framework.CglibAopProxy$DynamicAdvisedInterceptor.intercept(CglibAopProxy.java:728) ~[spring-aop-6.2.18.jar:6.2.18]
	at mx.edu.utez.umeca.modules.imputado.ImputadoController$$SpringCGLIB$$0.registrarCierreCarpeta(<generated>) ~[classes/:na]
	at java.base/jdk.internal.reflect.DirectMethodHandleAccessor.invoke(DirectMethodHandleAccessor.java:104) ~[na:na]
	at java.base/java.lang.reflect.Method.invoke(Method.java:565) ~[na:na]
	at org.springframework.web.method.support.InvocableHandlerMethod.doInvoke(InvocableHandlerMethod.java:258) ~[spring-web-6.2.18.jar:6.2.18]
	at org.springframework.web.method.support.InvocableHandlerMethod.invokeForRequest(InvocableHandlerMethod.java:191) ~[spring-web-6.2.18.jar:6.2.18]
	at org.springframework.web.servlet.mvc.method.annotation.ServletInvocableHandlerMethod.invokeAndHandle(ServletInvocableHandlerMethod.java:118) ~[spring-webmvc-6.2.18.jar:6.2.18]
	at org.springframework.web.servlet.mvc.method.annotation.RequestMappingHandlerAdapter.invokeHandlerMethod(RequestMappingHandlerAdapter.java:991) ~[spring-webmvc-6.2.18.jar:6.2.18]
	at org.springframework.web.servlet.mvc.method.annotation.RequestMappingHandlerAdapter.handleInternal(RequestMappingHandlerAdapter.java:896) ~[spring-webmvc-6.2.18.jar:6.2.18]
	at org.springframework.web.servlet.mvc.method.AbstractHandlerMethodAdapter.handle(AbstractHandlerMethodAdapter.java:87) ~[spring-webmvc-6.2.18.jar:6.2.18]
	at org.springframework.web.servlet.DispatcherServlet.doDispatch(DispatcherServlet.java:1089) ~[spring-webmvc-6.2.18.jar:6.2.18]
	at org.springframework.web.servlet.DispatcherServlet.doService(DispatcherServlet.java:979) ~[spring-webmvc-6.2.18.jar:6.2.18]
	at org.springframework.web.servlet.FrameworkServlet.processRequest(FrameworkServlet.java:1014) ~[spring-webmvc-6.2.18.jar:6.2.18]
	at org.springframework.web.servlet.FrameworkServlet.service(FrameworkServlet.java:888) ~[spring-webmvc-6.2.18.jar:6.2.18]
	at jakarta.servlet.http.HttpServlet.service(HttpServlet.java:658) ~[tomcat-embed-core-10.1.54.jar:6.0]
	at org.apache.catalina.core.ApplicationFilterChain.internalDoFilter(ApplicationFilterChain.java:193) ~[tomcat-embed-core-10.1.54.jar:10.1.54]
	at org.apache.catalina.core.ApplicationFilterChain.doFilter(ApplicationFilterChain.java:138) ~[tomcat-embed-core-10.1.54.jar:10.1.54]
	at org.apache.tomcat.websocket.server.WsFilter.doFilter(WsFilter.java:51) ~[tomcat-embed-websocket-10.1.54.jar:10.1.54]
	at org.apache.catalina.core.ApplicationFilterChain.internalDoFilter(ApplicationFilterChain.java:162) ~[tomcat-embed-core-10.1.54.jar:10.1.54]
	at org.apache.catalina.core.ApplicationFilterChain.doFilter(ApplicationFilterChain.java:138) ~[tomcat-embed-core-10.1.54.jar:10.1.54]
	at org.springframework.web.filter.OncePerRequestFilter.doFilter(OncePerRequestFilter.java:110) ~[spring-web-6.2.18.jar:6.2.18]
	at org.apache.catalina.core.ApplicationFilterChain.internalDoFilter(ApplicationFilterChain.java:162) ~[tomcat-embed-core-10.1.54.jar:10.1.54]
	at org.apache.catalina.core.ApplicationFilterChain.doFilter(ApplicationFilterChain.java:138) ~[tomcat-embed-core-10.1.54.jar:10.1.54]
	at org.springframework.web.filter.CompositeFilter$VirtualFilterChain.doFilter(CompositeFilter.java:108) ~[spring-web-6.2.18.jar:6.2.18]
	at org.springframework.web.filter.CompositeFilter$VirtualFilterChain.doFilter(CompositeFilter.java:108) ~[spring-web-6.2.18.jar:6.2.18]
	at org.springframework.security.web.FilterChainProxy.lambda$doFilterInternal$3(FilterChainProxy.java:231) ~[spring-security-web-6.5.10.jar:6.5.10]
	at org.springframework.security.web.ObservationFilterChainDecorator$FilterObservation$SimpleFilterObservation.lambda$wrap$1(ObservationFilterChainDecorator.java:490) ~[spring-security-web-6.5.10.jar:6.5.10]
	at org.springframework.security.web.ObservationFilterChainDecorator$AroundFilterObservation$SimpleAroundFilterObservation.lambda$wrap$1(ObservationFilterChainDecorator.java:351) ~[spring-security-web-6.5.10.jar:6.5.10]
	at org.springframework.security.web.ObservationFilterChainDecorator.lambda$wrapSecured$0(ObservationFilterChainDecorator.java:83) ~[spring-security-web-6.5.10.jar:6.5.10]
	at org.springframework.security.web.ObservationFilterChainDecorator$VirtualFilterChain.doFilter(ObservationFilterChainDecorator.java:129) ~[spring-security-web-6.5.10.jar:6.5.10]
	at org.springframework.security.web.access.intercept.AuthorizationFilter.doFilter(AuthorizationFilter.java:101) ~[spring-security-web-6.5.10.jar:6.5.10]
	at org.springframework.security.web.ObservationFilterChainDecorator$ObservationFilter.wrapFilter(ObservationFilterChainDecorator.java:241) ~[spring-security-web-6.5.10.jar:6.5.10]
	at org.springframework.security.web.ObservationFilterChainDecorator$ObservationFilter.doFilter(ObservationFilterChainDecorator.java:228) ~[spring-security-web-6.5.10.jar:6.5.10]
	at org.springframework.security.web.ObservationFilterChainDecorator$VirtualFilterChain.doFilter(ObservationFilterChainDecorator.java:138) ~[spring-security-web-6.5.10.jar:6.5.10]
	at org.springframework.security.web.access.ExceptionTranslationFilter.doFilter(ExceptionTranslationFilter.java:125) ~[spring-security-web-6.5.10.jar:6.5.10]
	at org.springframework.security.web.access.ExceptionTranslationFilter.doFilter(ExceptionTranslationFilter.java:119) ~[spring-security-web-6.5.10.jar:6.5.10]
	at org.springframework.security.web.ObservationFilterChainDecorator$ObservationFilter.wrapFilter(ObservationFilterChainDecorator.java:241) ~[spring-security-web-6.5.10.jar:6.5.10]
	at org.springframework.security.web.ObservationFilterChainDecorator$ObservationFilter.doFilter(ObservationFilterChainDecorator.java:228) ~[spring-security-web-6.5.10.jar:6.5.10]
	at org.springframework.security.web.ObservationFilterChainDecorator$VirtualFilterChain.doFilter(ObservationFilterChainDecorator.java:138) ~[spring-security-web-6.5.10.jar:6.5.10]
	at org.springframework.security.web.session.SessionManagementFilter.doFilter(SessionManagementFilter.java:131) ~[spring-security-web-6.5.10.jar:6.5.10]
	at org.springframework.security.web.session.SessionManagementFilter.doFilter(SessionManagementFilter.java:85) ~[spring-security-web-6.5.10.jar:6.5.10]
	at org.springframework.security.web.ObservationFilterChainDecorator$ObservationFilter.wrapFilter(ObservationFilterChainDecorator.java:241) ~[spring-security-web-6.5.10.jar:6.5.10]
	at org.springframework.security.web.ObservationFilterChainDecorator$ObservationFilter.doFilter(ObservationFilterChainDecorator.java:228) ~[spring-security-web-6.5.10.jar:6.5.10]
	at org.springframework.security.web.ObservationFilterChainDecorator$VirtualFilterChain.doFilter(ObservationFilterChainDecorator.java:138) ~[spring-security-web-6.5.10.jar:6.5.10]
	at org.springframework.security.web.authentication.AnonymousAuthenticationFilter.doFilter(AnonymousAuthenticationFilter.java:100) ~[spring-security-web-6.5.10.jar:6.5.10]
	at org.springframework.security.web.ObservationFilterChainDecorator$ObservationFilter.wrapFilter(ObservationFilterChainDecorator.java:241) ~[spring-security-web-6.5.10.jar:6.5.10]
	at org.springframework.security.web.ObservationFilterChainDecorator$ObservationFilter.doFilter(ObservationFilterChainDecorator.java:228) ~[spring-security-web-6.5.10.jar:6.5.10]
	at org.springframework.security.web.ObservationFilterChainDecorator$VirtualFilterChain.doFilter(ObservationFilterChainDecorator.java:138) ~[spring-security-web-6.5.10.jar:6.5.10]
	at org.springframework.security.web.servletapi.SecurityContextHolderAwareRequestFilter.doFilter(SecurityContextHolderAwareRequestFilter.java:179) ~[spring-security-web-6.5.10.jar:6.5.10]
	at org.springframework.security.web.ObservationFilterChainDecorator$ObservationFilter.wrapFilter(ObservationFilterChainDecorator.java:241) ~[spring-security-web-6.5.10.jar:6.5.10]
	at org.springframework.security.web.ObservationFilterChainDecorator$ObservationFilter.doFilter(ObservationFilterChainDecorator.java:228) ~[spring-security-web-6.5.10.jar:6.5.10]
	at org.springframework.security.web.ObservationFilterChainDecorator$VirtualFilterChain.doFilter(ObservationFilterChainDecorator.java:138) ~[spring-security-web-6.5.10.jar:6.5.10]
	at org.springframework.security.web.savedrequest.RequestCacheAwareFilter.doFilter(RequestCacheAwareFilter.java:63) ~[spring-security-web-6.5.10.jar:6.5.10]
	at org.springframework.security.web.ObservationFilterChainDecorator$ObservationFilter.wrapFilter(ObservationFilterChainDecorator.java:241) ~[spring-security-web-6.5.10.jar:6.5.10]
	at org.springframework.security.web.ObservationFilterChainDecorator$ObservationFilter.doFilter(ObservationFilterChainDecorator.java:228) ~[spring-security-web-6.5.10.jar:6.5.10]
	at org.springframework.security.web.ObservationFilterChainDecorator$VirtualFilterChain.doFilter(ObservationFilterChainDecorator.java:138) ~[spring-security-web-6.5.10.jar:6.5.10]
	at mx.edu.utez.umeca.modules.security.config.JwtFilter.doFilterInternal(JwtFilter.java:52) ~[classes/:na]
	at org.springframework.web.filter.OncePerRequestFilter.doFilter(OncePerRequestFilter.java:116) ~[spring-web-6.2.18.jar:6.2.18]
	at org.springframework.security.web.ObservationFilterChainDecorator$ObservationFilter.wrapFilter(ObservationFilterChainDecorator.java:241) ~[spring-security-web-6.5.10.jar:6.5.10]
	at org.springframework.security.web.ObservationFilterChainDecorator$ObservationFilter.doFilter(ObservationFilterChainDecorator.java:228) ~[spring-security-web-6.5.10.jar:6.5.10]
	at org.springframework.security.web.ObservationFilterChainDecorator$VirtualFilterChain.doFilter(ObservationFilterChainDecorator.java:138) ~[spring-security-web-6.5.10.jar:6.5.10]
	at org.springframework.security.web.authentication.logout.LogoutFilter.doFilter(LogoutFilter.java:107) ~[spring-security-web-6.5.10.jar:6.5.10]
	at org.springframework.security.web.authentication.logout.LogoutFilter.doFilter(LogoutFilter.java:93) ~[spring-security-web-6.5.10.jar:6.5.10]
	at org.springframework.security.web.ObservationFilterChainDecorator$ObservationFilter.wrapFilter(ObservationFilterChainDecorator.java:241) ~[spring-security-web-6.5.10.jar:6.5.10]
	at org.springframework.security.web.ObservationFilterChainDecorator$ObservationFilter.doFilter(ObservationFilterChainDecorator.java:228) ~[spring-security-web-6.5.10.jar:6.5.10]
	at org.springframework.security.web.ObservationFilterChainDecorator$VirtualFilterChain.doFilter(ObservationFilterChainDecorator.java:138) ~[spring-security-web-6.5.10.jar:6.5.10]
	at org.springframework.web.filter.CorsFilter.doFilterInternal(CorsFilter.java:91) ~[spring-web-6.2.18.jar:6.2.18]
	at org.springframework.web.filter.OncePerRequestFilter.doFilter(OncePerRequestFilter.java:116) ~[spring-web-6.2.18.jar:6.2.18]
	at org.springframework.security.web.ObservationFilterChainDecorator$ObservationFilter.wrapFilter(ObservationFilterChainDecorator.java:241) ~[spring-security-web-6.5.10.jar:6.5.10]
	at org.springframework.security.web.ObservationFilterChainDecorator$ObservationFilter.doFilter(ObservationFilterChainDecorator.java:228) ~[spring-security-web-6.5.10.jar:6.5.10]
	at org.springframework.security.web.ObservationFilterChainDecorator$VirtualFilterChain.doFilter(ObservationFilterChainDecorator.java:138) ~[spring-security-web-6.5.10.jar:6.5.10]
	at org.springframework.security.web.header.HeaderWriterFilter.doHeadersAfter(HeaderWriterFilter.java:90) ~[spring-security-web-6.5.10.jar:6.5.10]
	at org.springframework.security.web.header.HeaderWriterFilter.doFilterInternal(HeaderWriterFilter.java:75) ~[spring-security-web-6.5.10.jar:6.5.10]
	at org.springframework.web.filter.OncePerRequestFilter.doFilter(OncePerRequestFilter.java:116) ~[spring-web-6.2.18.jar:6.2.18]
	at org.springframework.security.web.ObservationFilterChainDecorator$ObservationFilter.wrapFilter(ObservationFilterChainDecorator.java:241) ~[spring-security-web-6.5.10.jar:6.5.10]
	at org.springframework.security.web.ObservationFilterChainDecorator$ObservationFilter.doFilter(ObservationFilterChainDecorator.java:228) ~[spring-security-web-6.5.10.jar:6.5.10]
	at org.springframework.security.web.ObservationFilterChainDecorator$VirtualFilterChain.doFilter(ObservationFilterChainDecorator.java:138) ~[spring-security-web-6.5.10.jar:6.5.10]
	at org.springframework.security.web.context.SecurityContextHolderFilter.doFilter(SecurityContextHolderFilter.java:82) ~[spring-security-web-6.5.10.jar:6.5.10]
	at org.springframework.security.web.context.SecurityContextHolderFilter.doFilter(SecurityContextHolderFilter.java:69) ~[spring-security-web-6.5.10.jar:6.5.10]
	at org.springframework.security.web.ObservationFilterChainDecorator$ObservationFilter.wrapFilter(ObservationFilterChainDecorator.java:241) ~[spring-security-web-6.5.10.jar:6.5.10]
	at org.springframework.security.web.ObservationFilterChainDecorator$ObservationFilter.doFilter(ObservationFilterChainDecorator.java:228) ~[spring-security-web-6.5.10.jar:6.5.10]
	at org.springframework.security.web.ObservationFilterChainDecorator$VirtualFilterChain.doFilter(ObservationFilterChainDecorator.java:138) ~[spring-security-web-6.5.10.jar:6.5.10]
	at org.springframework.security.web.context.request.async.WebAsyncManagerIntegrationFilter.doFilterInternal(WebAsyncManagerIntegrationFilter.java:62) ~[spring-security-web-6.5.10.jar:6.5.10]
	at org.springframework.web.filter.OncePerRequestFilter.doFilter(OncePerRequestFilter.java:116) ~[spring-web-6.2.18.jar:6.2.18]
	at org.springframework.security.web.ObservationFilterChainDecorator$ObservationFilter.wrapFilter(ObservationFilterChainDecorator.java:241) ~[spring-security-web-6.5.10.jar:6.5.10]
	at org.springframework.security.web.ObservationFilterChainDecorator$ObservationFilter.doFilter(ObservationFilterChainDecorator.java:228) ~[spring-security-web-6.5.10.jar:6.5.10]
	at org.springframework.security.web.ObservationFilterChainDecorator$VirtualFilterChain.doFilter(ObservationFilterChainDecorator.java:138) ~[spring-security-web-6.5.10.jar:6.5.10]
	at org.springframework.security.web.session.DisableEncodeUrlFilter.doFilterInternal(DisableEncodeUrlFilter.java:42) ~[spring-security-web-6.5.10.jar:6.5.10]
	at org.springframework.web.filter.OncePerRequestFilter.doFilter(OncePerRequestFilter.java:116) ~[spring-web-6.2.18.jar:6.2.18]
	at org.springframework.security.web.ObservationFilterChainDecorator$ObservationFilter.wrapFilter(ObservationFilterChainDecorator.java:241) ~[spring-security-web-6.5.10.jar:6.5.10]
	at org.springframework.security.web.ObservationFilterChainDecorator$AroundFilterObservation$SimpleAroundFilterObservation.lambda$wrap$0(ObservationFilterChainDecorator.java:334) ~[spring-security-web-6.5.10.jar:6.5.10]
	at org.springframework.security.web.ObservationFilterChainDecorator$ObservationFilter.doFilter(ObservationFilterChainDecorator.java:225) ~[spring-security-web-6.5.10.jar:6.5.10]
	at org.springframework.security.web.ObservationFilterChainDecorator$VirtualFilterChain.doFilter(ObservationFilterChainDecorator.java:138) ~[spring-security-web-6.5.10.jar:6.5.10]
	at org.springframework.security.web.FilterChainProxy.doFilterInternal(FilterChainProxy.java:233) ~[spring-security-web-6.5.10.jar:6.5.10]
	at org.springframework.security.web.FilterChainProxy.doFilter(FilterChainProxy.java:191) ~[spring-security-web-6.5.10.jar:6.5.10]
	at org.springframework.web.filter.CompositeFilter$VirtualFilterChain.doFilter(CompositeFilter.java:113) ~[spring-web-6.2.18.jar:6.2.18]
	at org.springframework.web.filter.ServletRequestPathFilter.doFilter(ServletRequestPathFilter.java:52) ~[spring-web-6.2.18.jar:6.2.18]
	at org.springframework.web.filter.CompositeFilter$VirtualFilterChain.doFilter(CompositeFilter.java:113) ~[spring-web-6.2.18.jar:6.2.18]
	at org.springframework.web.filter.CompositeFilter.doFilter(CompositeFilter.java:74) ~[spring-web-6.2.18.jar:6.2.18]
	at org.springframework.security.config.annotation.web.configuration.WebSecurityConfiguration$CompositeFilterChainProxy.doFilter(WebSecurityConfiguration.java:319) ~[spring-security-config-6.5.10.jar:6.5.10]
	at org.springframework.web.filter.CompositeFilter$VirtualFilterChain.doFilter(CompositeFilter.java:113) ~[spring-web-6.2.18.jar:6.2.18]
	at org.springframework.web.servlet.handler.HandlerMappingIntrospector.lambda$createCacheFilter$4(HandlerMappingIntrospector.java:267) ~[spring-webmvc-6.2.18.jar:6.2.18]
	at org.springframework.web.filter.CompositeFilter$VirtualFilterChain.doFilter(CompositeFilter.java:113) ~[spring-web-6.2.18.jar:6.2.18]
	at org.springframework.web.filter.CompositeFilter.doFilter(CompositeFilter.java:74) ~[spring-web-6.2.18.jar:6.2.18]
	at org.springframework.security.config.annotation.web.configuration.WebMvcSecurityConfiguration$CompositeFilterChainProxy.doFilter(WebMvcSecurityConfiguration.java:240) ~[spring-security-config-6.5.10.jar:6.5.10]
	at org.springframework.web.filter.DelegatingFilterProxy.invokeDelegate(DelegatingFilterProxy.java:362) ~[spring-web-6.2.18.jar:6.2.18]
	at org.springframework.web.filter.DelegatingFilterProxy.doFilter(DelegatingFilterProxy.java:278) ~[spring-web-6.2.18.jar:6.2.18]
	at org.apache.catalina.core.ApplicationFilterChain.internalDoFilter(ApplicationFilterChain.java:162) ~[tomcat-embed-core-10.1.54.jar:10.1.54]
	at org.apache.catalina.core.ApplicationFilterChain.doFilter(ApplicationFilterChain.java:138) ~[tomcat-embed-core-10.1.54.jar:10.1.54]
	at org.springframework.web.filter.RequestContextFilter.doFilterInternal(RequestContextFilter.java:100) ~[spring-web-6.2.18.jar:6.2.18]
	at org.springframework.web.filter.OncePerRequestFilter.doFilter(OncePerRequestFilter.java:116) ~[spring-web-6.2.18.jar:6.2.18]
	at org.apache.catalina.core.ApplicationFilterChain.internalDoFilter(ApplicationFilterChain.java:162) ~[tomcat-embed-core-10.1.54.jar:10.1.54]
	at org.apache.catalina.core.ApplicationFilterChain.doFilter(ApplicationFilterChain.java:138) ~[tomcat-embed-core-10.1.54.jar:10.1.54]
	at org.springframework.web.filter.FormContentFilter.doFilterInternal(FormContentFilter.java:93) ~[spring-web-6.2.18.jar:6.2.18]
	at org.springframework.web.filter.OncePerRequestFilter.doFilter(OncePerRequestFilter.java:116) ~[spring-web-6.2.18.jar:6.2.18]
	at org.apache.catalina.core.ApplicationFilterChain.internalDoFilter(ApplicationFilterChain.java:162) ~[tomcat-embed-core-10.1.54.jar:10.1.54]
	at org.apache.catalina.core.ApplicationFilterChain.doFilter(ApplicationFilterChain.java:138) ~[tomcat-embed-core-10.1.54.jar:10.1.54]
	at org.springframework.web.filter.ServerHttpObservationFilter.doFilterInternal(ServerHttpObservationFilter.java:110) ~[spring-web-6.2.18.jar:6.2.18]
	at org.springframework.web.filter.OncePerRequestFilter.doFilter(OncePerRequestFilter.java:116) ~[spring-web-6.2.18.jar:6.2.18]
	at org.apache.catalina.core.ApplicationFilterChain.internalDoFilter(ApplicationFilterChain.java:162) ~[tomcat-embed-core-10.1.54.jar:10.1.54]
	at org.apache.catalina.core.ApplicationFilterChain.doFilter(ApplicationFilterChain.java:138) ~[tomcat-embed-core-10.1.54.jar:10.1.54]
	at org.springframework.web.filter.CharacterEncodingFilter.doFilterInternal(CharacterEncodingFilter.java:201) ~[spring-web-6.2.18.jar:6.2.18]
	at org.springframework.web.filter.OncePerRequestFilter.doFilter(OncePerRequestFilter.java:116) ~[spring-web-6.2.18.jar:6.2.18]
	at org.apache.catalina.core.ApplicationFilterChain.internalDoFilter(ApplicationFilterChain.java:162) ~[tomcat-embed-core-10.1.54.jar:10.1.54]
	at org.apache.catalina.core.ApplicationFilterChain.doFilter(ApplicationFilterChain.java:138) ~[tomcat-embed-core-10.1.54.jar:10.1.54]
	at org.apache.catalina.core.StandardWrapperValve.invoke(StandardWrapperValve.java:165) ~[tomcat-embed-core-10.1.54.jar:10.1.54]
	at org.apache.catalina.core.StandardContextValve.invoke(StandardContextValve.java:88) ~[tomcat-embed-core-10.1.54.jar:10.1.54]
	at org.apache.catalina.authenticator.AuthenticatorBase.invoke(AuthenticatorBase.java:492) ~[tomcat-embed-core-10.1.54.jar:10.1.54]
	at org.apache.catalina.core.StandardHostValve.invoke(StandardHostValve.java:113) ~[tomcat-embed-core-10.1.54.jar:10.1.54]
	at org.apache.catalina.valves.ErrorReportValve.invoke(ErrorReportValve.java:83) ~[tomcat-embed-core-10.1.54.jar:10.1.54]
	at org.apache.catalina.core.StandardEngineValve.invoke(StandardEngineValve.java:72) ~[tomcat-embed-core-10.1.54.jar:10.1.54]
	at org.apache.catalina.connector.CoyoteAdapter.service(CoyoteAdapter.java:342) ~[tomcat-embed-core-10.1.54.jar:10.1.54]
	at org.apache.coyote.http11.Http11Processor.service(Http11Processor.java:399) ~[tomcat-embed-core-10.1.54.jar:10.1.54]
	at org.apache.coyote.AbstractProcessorLight.process(AbstractProcessorLight.java:63) ~[tomcat-embed-core-10.1.54.jar:10.1.54]
	at org.apache.coyote.AbstractProtocol$ConnectionHandler.process(AbstractProtocol.java:903) ~[tomcat-embed-core-10.1.54.jar:10.1.54]
	at org.apache.tomcat.util.net.NioEndpoint$SocketProcessor.doRun(NioEndpoint.java:1797) ~[tomcat-embed-core-10.1.54.jar:10.1.54]
	at org.apache.tomcat.util.net.SocketProcessorBase.run(SocketProcessorBase.java:52) ~[tomcat-embed-core-10.1.54.jar:10.1.54]
	at org.apache.tomcat.util.threads.ThreadPoolExecutor.runWorker(ThreadPoolExecutor.java:973) ~[tomcat-embed-core-10.1.54.jar:10.1.54]
	at org.apache.tomcat.util.threads.ThreadPoolExecutor$Worker.run(ThreadPoolExecutor.java:491) ~[tomcat-embed-core-10.1.54.jar:10.1.54]
	at org.apache.tomcat.util.threads.TaskThread$WrappingRunnable.run(TaskThread.java:63) ~[tomcat-embed-core-10.1.54.jar:10.1.54]
	at java.base/java.lang.Thread.run(Thread.java:1447) ~[na:na]

2026-10-08T08:32:31.532-06:00 DEBUG 1947 --- [http-nio-0.0.0.0-8089-exec-10] o.s.security.web.FilterChainProxy        : Securing PATCH /error
2026-10-08T08:32:31.533-06:00 DEBUG 1947 --- [http-nio-0.0.0.0-8089-exec-10] o.s.s.w.a.AnonymousAuthenticationFilter  : Set SecurityContextHolder to anonymous SecurityContext
2026-10-08T08:32:31.533-06:00 DEBUG 1947 --- [http-nio-0.0.0.0-8089-exec-10] o.s.s.w.a.Http403ForbiddenEntryPoint     : Pre-authenticated entry point called. Rejecting access
2026-10-08T08:32:32.293-06:00 DEBUG 1947 --- [http-nio-0.0.0.0-8089-exec-7] o.s.security.web.FilterChainProxy        : Securing OPTIONS /api/control-oficios/contadores
2026-10-08T08:32:32.293-06:00 DEBUG 1947 --- [http-nio-0.0.0.0-8089-exec-3] o.s.security.web.FilterChainProxy        : Securing OPTIONS /api/correspondencia/contadores
2026-10-08T08:32:32.297-06:00 DEBUG 1947 --- [http-nio-0.0.0.0-8089-exec-4] o.s.security.web.FilterChainProxy        : Securing GET /api/control-oficios/contadores
2026-10-08T08:32:32.297-06:00 DEBUG 1947 --- [http-nio-0.0.0.0-8089-exec-6] o.s.security.web.FilterChainProxy        : Securing GET /api/correspondencia/contadores
2026-10-08T08:32:32.304-06:00 DEBUG 1947 --- [http-nio-0.0.0.0-8089-exec-4] o.s.security.web.FilterChainProxy        : Secured GET /api/control-oficios/contadores
2026-10-08T08:32:32.304-06:00 DEBUG 1947 --- [http-nio-0.0.0.0-8089-exec-6] o.s.security.web.FilterChainProxy        : Secured GET /api/correspondencia/contadores
2026-10-08T08:32:32.305-06:00 DEBUG 1947 --- [http-nio-0.0.0.0-8089-exec-4] horizationManagerBeforeMethodInterceptor : Authorizing method invocation ReflectiveMethodInvocation: public org.springframework.http.ResponseEntity mx.edu.utez.umeca.modules.controloficio.ControlOficioController.getContadores(); target is of class [mx.edu.utez.umeca.modules.controloficio.ControlOficioController]
2026-10-08T08:32:32.305-06:00 DEBUG 1947 --- [http-nio-0.0.0.0-8089-exec-6] horizationManagerBeforeMethodInterceptor : Authorizing method invocation ReflectiveMethodInvocation: public org.springframework.http.ResponseEntity mx.edu.utez.umeca.modules.correspondencia.CorrespondenciaController.contadores(); target is of class [mx.edu.utez.umeca.modules.correspondencia.CorrespondenciaController]
2026-10-08T08:32:32.306-06:00 DEBUG 1947 --- [http-nio-0.0.0.0-8089-exec-4] horizationManagerBeforeMethodInterceptor : Authorized method invocation ReflectiveMethodInvocation: public org.springframework.http.ResponseEntity mx.edu.utez.umeca.modules.controloficio.ControlOficioController.getContadores(); target is of class [mx.edu.utez.umeca.modules.controloficio.ControlOficioController]
2026-10-08T08:32:32.306-06:00 DEBUG 1947 --- [http-nio-0.0.0.0-8089-exec-6] horizationManagerBeforeMethodInterceptor : Authorized method invocation ReflectiveMethodInvocation: public org.springframework.http.ResponseEntity mx.edu.utez.umeca.modules.correspondencia.CorrespondenciaController.contadores(); target is of class [mx.edu.utez.umeca.modules.correspondencia.CorrespondenciaController]
2026-10-08T08:32:42.606-06:00 DEBUG 1947 --- [http-nio-0.0.0.0-8089-exec-8] o.s.security.web.FilterChainProxy        : Securing OPTIONS /api/control-oficios/contadores
2026-10-08T08:32:42.606-06:00 DEBUG 1947 --- [http-nio-0.0.0.0-8089-exec-9] o.s.security.web.FilterChainProxy        : Securing OPTIONS /api/imputados/expedientes-pendientes-count
2026-10-08T08:32:42.606-06:00 DEBUG 1947 --- [http-nio-0.0.0.0-8089-exec-2] o.s.security.web.FilterChainProxy        : Securing OPTIONS /api/correspondencia/contadores
2026-10-08T08:32:42.611-06:00 DEBUG 1947 --- [http-nio-0.0.0.0-8089-exec-5] o.s.security.web.FilterChainProxy        : Securing GET /api/correspondencia/contadores
2026-10-08T08:32:42.611-06:00 DEBUG 1947 --- [http-nio-0.0.0.0-8089-exec-1] o.s.security.web.FilterChainProxy        : Securing GET /api/control-oficios/contadores
2026-10-08T08:32:42.611-06:00 DEBUG 1947 --- [http-nio-0.0.0.0-8089-exec-10] o.s.security.web.FilterChainProxy        : Securing GET /api/imputados/expedientes-pendientes-count
2026-10-08T08:32:42.619-06:00 DEBUG 1947 --- [http-nio-0.0.0.0-8089-exec-1] o.s.security.web.FilterChainProxy        : Secured GET /api/control-oficios/contadores
2026-10-08T08:32:42.619-06:00 DEBUG 1947 --- [http-nio-0.0.0.0-8089-exec-10] o.s.security.web.FilterChainProxy        : Secured GET /api/imputados/expedientes-pendientes-count
2026-10-08T08:32:42.619-06:00 DEBUG 1947 --- [http-nio-0.0.0.0-8089-exec-5] o.s.security.web.FilterChainProxy        : Secured GET /api/correspondencia/contadores
2026-10-08T08:32:42.620-06:00 DEBUG 1947 --- [http-nio-0.0.0.0-8089-exec-10] horizationManagerBeforeMethodInterceptor : Authorizing method invocation ReflectiveMethodInvocation: public org.springframework.http.ResponseEntity mx.edu.utez.umeca.modules.imputado.ImputadoController.expedientesPendientesCount(org.springframework.security.core.Authentication); target is of class [mx.edu.utez.umeca.modules.imputado.ImputadoController]
2026-10-08T08:32:42.620-06:00 DEBUG 1947 --- [http-nio-0.0.0.0-8089-exec-5] horizationManagerBeforeMethodInterceptor : Authorizing method invocation ReflectiveMethodInvocation: public org.springframework.http.ResponseEntity mx.edu.utez.umeca.modules.correspondencia.CorrespondenciaController.contadores(); target is of class [mx.edu.utez.umeca.modules.correspondencia.CorrespondenciaController]
2026-10-08T08:32:42.620-06:00 DEBUG 1947 --- [http-nio-0.0.0.0-8089-exec-1] horizationManagerBeforeMethodInterceptor : Authorizing method invocation ReflectiveMethodInvocation: public org.springframework.http.ResponseEntity mx.edu.utez.umeca.modules.controloficio.ControlOficioController.getContadores(); target is of class [mx.edu.utez.umeca.modules.controloficio.ControlOficioController]
2026-10-08T08:32:42.621-06:00 DEBUG 1947 --- [http-nio-0.0.0.0-8089-exec-5] horizationManagerBeforeMethodInterceptor : Authorized method invocation ReflectiveMethodInvocation: public org.springframework.http.ResponseEntity mx.edu.utez.umeca.modules.correspondencia.CorrespondenciaController.contadores(); target is of class [mx.edu.utez.umeca.modules.correspondencia.CorrespondenciaController]
2026-10-08T08:32:42.621-06:00 DEBUG 1947 --- [http-nio-0.0.0.0-8089-exec-10] horizationManagerBeforeMethodInterceptor : Authorized method invocation ReflectiveMethodInvocation: public org.springframework.http.ResponseEntity mx.edu.utez.umeca.modules.imputado.ImputadoController.expedientesPendientesCount(org.springframework.security.core.Authentication); target is of class [mx.edu.utez.umeca.modules.imputado.ImputadoController]
2026-10-08T08:32:42.621-06:00 DEBUG 1947 --- [http-nio-0.0.0.0-8089-exec-1] horizationManagerBeforeMethodInterceptor : Authorized method invocation ReflectiveMethodInvocation: public org.springframework.http.ResponseEntity mx.edu.utez.umeca.modules.controloficio.ControlOficioController.getContadores(); target is of class [mx.edu.utez.umeca.modules.controloficio.ControlOficioController]
2026-10-08T08:32:52.604-06:00 DEBUG 1947 --- [http-nio-0.0.0.0-8089-exec-3] o.s.security.web.FilterChainProxy        : Securing OPTIONS /api/control-oficios/contadores
2026-10-08T08:32:52.604-06:00 DEBUG 1947 --- [http-nio-0.0.0.0-8089-exec-7] o.s.security.web.FilterChainProxy        : Securing OPTIONS /api/correspondencia/contadores
2026-10-08T08:32:52.607-06:00 DEBUG 1947 --- [http-nio-0.0.0.0-8089-exec-4] o.s.security.web.FilterChainProxy        : Securing GET /api/control-oficios/contadores
2026-10-08T08:32:52.607-06:00 DEBUG 1947 --- [http-nio-0.0.0.0-8089-exec-6] o.s.security.web.FilterChainProxy        : Securing GET /api/correspondencia/contadores
2026-10-08T08:32:52.615-06:00 DEBUG 1947 --- [http-nio-0.0.0.0-8089-exec-6] o.s.security.web.FilterChainProxy        : Secured GET /api/correspondencia/contadores
2026-10-08T08:32:52.615-06:00 DEBUG 1947 --- [http-nio-0.0.0.0-8089-exec-4] o.s.security.web.FilterChainProxy        : Secured GET /api/control-oficios/contadores
2026-10-08T08:32:52.616-06:00 DEBUG 1947 --- [http-nio-0.0.0.0-8089-exec-4] horizationManagerBeforeMethodInterceptor : Authorizing method invocation ReflectiveMethodInvocation: public org.springframework.http.ResponseEntity mx.edu.utez.umeca.modules.controloficio.ControlOficioController.getContadores(); target is of class [mx.edu.utez.umeca.modules.controloficio.ControlOficioController]
2026-10-08T08:32:52.616-06:00 DEBUG 1947 --- [http-nio-0.0.0.0-8089-exec-6] horizationManagerBeforeMethodInterceptor : Authorizing method invocation ReflectiveMethodInvocation: public org.springframework.http.ResponseEntity mx.edu.utez.umeca.modules.correspondencia.CorrespondenciaController.contadores(); target is of class [mx.edu.utez.umeca.modules.correspondencia.CorrespondenciaController]
2026-10-08T08:32:52.616-06:00 DEBUG 1947 --- [http-nio-0.0.0.0-8089-exec-6] horizationManagerBeforeMethodInterceptor : Authorized method invocation ReflectiveMethodInvocation: public org.springframework.http.ResponseEntity mx.edu.utez.umeca.modules.correspondencia.CorrespondenciaController.contadores(); target is of class [mx.edu.utez.umeca.modules.correspondencia.CorrespondenciaController]
2026-10-08T08:32:52.616-06:00 DEBUG 1947 --- [http-nio-0.0.0.0-8089-exec-4] horizationManagerBeforeMethodInterceptor : Authorized method invocation ReflectiveMethodInvocation: public org.springframework.http.ResponseEntity mx.edu.utez.umeca.modules.controloficio.ControlOficioController.getContadores(); target is of class [mx.edu.utez.umeca.modules.controloficio.ControlOficioController]
2026-10-08T08:33:02.602-06:00 DEBUG 1947 --- [http-nio-0.0.0.0-8089-exec-9] o.s.security.web.FilterChainProxy        : Securing OPTIONS /api/control-oficios/contadores
2026-10-08T08:33:02.602-06:00 DEBUG 1947 --- [http-nio-0.0.0.0-8089-exec-2] o.s.security.web.FilterChainProxy        : Securing OPTIONS /api/correspondencia/contadores
2026-10-08T08:33:02.605-06:00 DEBUG 1947 --- [http-nio-0.0.0.0-8089-exec-8] o.s.security.web.FilterChainProxy        : Securing GET /api/correspondencia/contadores
2026-10-08T08:33:02.605-06:00 DEBUG 1947 --- [http-nio-0.0.0.0-8089-exec-10] o.s.security.web.FilterChainProxy        : Securing GET /api/control-oficios/contadores
2026-10-08T08:33:02.612-06:00 DEBUG 1947 --- [http-nio-0.0.0.0-8089-exec-8] o.s.security.web.FilterChainProxy        : Secured GET /api/correspondencia/contadores
2026-10-08T08:33:02.612-06:00 DEBUG 1947 --- [http-nio-0.0.0.0-8089-exec-10] o.s.security.web.FilterChainProxy        : Secured GET /api/control-oficios/contadores
2026-10-08T08:33:02.612-06:00 DEBUG 1947 --- [http-nio-0.0.0.0-8089-exec-8] horizationManagerBeforeMethodInterceptor : Authorizing method invocation ReflectiveMethodInvocation: public org.springframework.http.ResponseEntity mx.edu.utez.umeca.modules.correspondencia.CorrespondenciaController.contadores(); target is of class [mx.edu.utez.umeca.modules.correspondencia.CorrespondenciaController]
2026-10-08T08:33:02.612-06:00 DEBUG 1947 --- [http-nio-0.0.0.0-8089-exec-10] horizationManagerBeforeMethodInterceptor : Authorizing method invocation ReflectiveMethodInvocation: public org.springframework.http.ResponseEntity mx.edu.utez.umeca.modules.controloficio.ControlOficioController.getContadores(); target is of class [mx.edu.utez.umeca.modules.controloficio.ControlOficioController]
2026-10-08T08:33:02.613-06:00 DEBUG 1947 --- [http-nio-0.0.0.0-8089-exec-8] horizationManagerBeforeMethodInterceptor : Authorized method invocation ReflectiveMethodInvocation: public org.springframework.http.ResponseEntity mx.edu.utez.umeca.modules.correspondencia.CorrespondenciaController.contadores(); target is of class [mx.edu.utez.umeca.modules.correspondencia.CorrespondenciaController]
2026-10-08T08:33:02.613-06:00 DEBUG 1947 --- [http-nio-0.0.0.0-8089-exec-10] horizationManagerBeforeMethodInterceptor : Authorized method invocation ReflectiveMethodInvocation: public org.springframework.http.ResponseEntity mx.edu.utez.umeca.modules.controloficio.ControlOficioController.getContadores(); target is of class [mx.edu.utez.umeca.modules.controloficio.ControlOficioController]
2026-10-08T08:33:12.294-06:00 DEBUG 1947 --- [http-nio-0.0.0.0-8089-exec-5] o.s.security.web.FilterChainProxy        : Securing OPTIONS /api/control-oficios/contadores
2026-10-08T08:33:12.294-06:00 DEBUG 1947 --- [http-nio-0.0.0.0-8089-exec-1] o.s.security.web.FilterChainProxy        : Securing OPTIONS /api/correspondencia/contadores
2026-10-08T08:33:12.294-06:00 DEBUG 1947 --- [http-nio-0.0.0.0-8089-exec-7] o.s.security.web.FilterChainProxy        : Securing OPTIONS /api/imputados/expedientes-pendientes-count
2026-10-08T08:33:12.300-06:00 DEBUG 1947 --- [http-nio-0.0.0.0-8089-exec-6] o.s.security.web.FilterChainProxy        : Securing GET /api/control-oficios/contadores
2026-10-08T08:33:12.300-06:00 DEBUG 1947 --- [http-nio-0.0.0.0-8089-exec-3] o.s.security.web.FilterChainProxy        : Securing GET /api/imputados/expedientes-pendientes-count
2026-10-08T08:33:12.300-06:00 DEBUG 1947 --- [http-nio-0.0.0.0-8089-exec-4] o.s.security.web.FilterChainProxy        : Securing GET /api/correspondencia/contadores
2026-10-08T08:33:12.305-06:00 DEBUG 1947 --- [http-nio-0.0.0.0-8089-exec-4] o.s.security.web.FilterChainProxy        : Secured GET /api/correspondencia/contadores
2026-10-08T08:33:12.305-06:00 DEBUG 1947 --- [http-nio-0.0.0.0-8089-exec-6] o.s.security.web.FilterChainProxy        : Secured GET /api/control-oficios/contadores
2026-10-08T08:33:12.305-06:00 DEBUG 1947 --- [http-nio-0.0.0.0-8089-exec-3] o.s.security.web.FilterChainProxy        : Secured GET /api/imputados/expedientes-pendientes-count
2026-10-08T08:33:12.306-06:00 DEBUG 1947 --- [http-nio-0.0.0.0-8089-exec-6] horizationManagerBeforeMethodInterceptor : Authorizing method invocation ReflectiveMethodInvocation: public org.springframework.http.ResponseEntity mx.edu.utez.umeca.modules.controloficio.ControlOficioController.getContadores(); target is of class [mx.edu.utez.umeca.modules.controloficio.ControlOficioController]
2026-10-08T08:33:12.306-06:00 DEBUG 1947 --- [http-nio-0.0.0.0-8089-exec-4] horizationManagerBeforeMethodInterceptor : Authorizing method invocation ReflectiveMethodInvocation: public org.springframework.http.ResponseEntity mx.edu.utez.umeca.modules.correspondencia.CorrespondenciaController.contadores(); target is of class [mx.edu.utez.umeca.modules.correspondencia.CorrespondenciaController]
2026-10-08T08:33:12.306-06:00 DEBUG 1947 --- [http-nio-0.0.0.0-8089-exec-3] horizationManagerBeforeMethodInterceptor : Authorizing method invocation ReflectiveMethodInvocation: public org.springframework.http.ResponseEntity mx.edu.utez.umeca.modules.imputado.ImputadoController.expedientesPendientesCount(org.springframework.security.core.Authentication); target is of class [mx.edu.utez.umeca.modules.imputado.ImputadoController]
2026-10-08T08:33:12.306-06:00 DEBUG 1947 --- [http-nio-0.0.0.0-8089-exec-6] horizationManagerBeforeMethodInterceptor : Authorized method invocation ReflectiveMethodInvocation: public org.springframework.http.ResponseEntity mx.edu.utez.umeca.modules.controloficio.ControlOficioController.getContadores(); target is of class [mx.edu.utez.umeca.modules.controloficio.ControlOficioController]
2026-10-08T08:33:12.306-06:00 DEBUG 1947 --- [http-nio-0.0.0.0-8089-exec-3] horizationManagerBeforeMethodInterceptor : Authorized method invocation ReflectiveMethodInvocation: public org.springframework.http.ResponseEntity mx.edu.utez.umeca.modules.imputado.ImputadoController.expedientesPendientesCount(org.springframework.security.core.Authentication); target is of class [mx.edu.utez.umeca.modules.imputado.ImputadoController]
2026-10-08T08:33:12.306-06:00 DEBUG 1947 --- [http-nio-0.0.0.0-8089-exec-4] horizationManagerBeforeMethodInterceptor : Authorized method invocation ReflectiveMethodInvocation: public org.springframework.http.ResponseEntity mx.edu.utez.umeca.modules.correspondencia.CorrespondenciaController.contadores(); target is of class [mx.edu.utez.umeca.modules.correspondencia.CorrespondenciaController]
2026-10-08T08:33:22.602-06:00 DEBUG 1947 --- [http-nio-0.0.0.0-8089-exec-8] o.s.security.web.FilterChainProxy        : Securing OPTIONS /api/correspondencia/contadores
2026-10-08T08:33:22.602-06:00 DEBUG 1947 --- [http-nio-0.0.0.0-8089-exec-1] o.s.security.web.FilterChainProxy        : Securing OPTIONS /api/control-oficios/contadores
2026-10-08T08:33:22.606-06:00 DEBUG 1947 --- [http-nio-0.0.0.0-8089-exec-7] o.s.security.web.FilterChainProxy        : Securing GET /api/control-oficios/contadores
2026-10-08T08:33:22.606-06:00 DEBUG 1947 --- [http-nio-0.0.0.0-8089-exec-5] o.s.security.web.FilterChainProxy        : Securing GET /api/correspondencia/contadores
2026-10-08T08:33:22.612-06:00 DEBUG 1947 --- [http-nio-0.0.0.0-8089-exec-7] o.s.security.web.FilterChainProxy        : Secured GET /api/control-oficios/contadores
2026-10-08T08:33:22.612-06:00 DEBUG 1947 --- [http-nio-0.0.0.0-8089-exec-5] o.s.security.web.FilterChainProxy        : Secured GET /api/correspondencia/contadores
2026-10-08T08:33:22.613-06:00 DEBUG 1947 --- [http-nio-0.0.0.0-8089-exec-7] horizationManagerBeforeMethodInterceptor : Authorizing method invocation ReflectiveMethodInvocation: public org.springframework.http.ResponseEntity mx.edu.utez.umeca.modules.controloficio.ControlOficioController.getContadores(); target is of class [mx.edu.utez.umeca.modules.controloficio.ControlOficioController]
2026-10-08T08:33:22.613-06:00 DEBUG 1947 --- [http-nio-0.0.0.0-8089-exec-5] horizationManagerBeforeMethodInterceptor : Authorizing method invocation ReflectiveMethodInvocation: public org.springframework.http.ResponseEntity mx.edu.utez.umeca.modules.correspondencia.CorrespondenciaController.contadores(); target is of class [mx.edu.utez.umeca.modules.correspondencia.CorrespondenciaController]
2026-10-08T08:33:22.613-06:00 DEBUG 1947 --- [http-nio-0.0.0.0-8089-exec-7] horizationManagerBeforeMethodInterceptor : Authorized method invocation ReflectiveMethodInvocation: public org.springframework.http.ResponseEntity mx.edu.utez.umeca.modules.controloficio.ControlOficioController.getContadores(); target is of class [mx.edu.utez.umeca.modules.controloficio.ControlOficioController]
2026-10-08T08:33:22.613-06:00 DEBUG 1947 --- [http-nio-0.0.0.0-8089-exec-5] horizationManagerBeforeMethodInterceptor : Authorized method invocation ReflectiveMethodInvocation: public org.springframework.http.ResponseEntity mx.edu.utez.umeca.modules.correspondencia.CorrespondenciaController.contadores(); target is of class [mx.edu.utez.umeca.modules.correspondencia.CorrespondenciaController]
2026-10-08T08:33:32.604-06:00 DEBUG 1947 --- [http-nio-0.0.0.0-8089-exec-6] o.s.security.web.FilterChainProxy        : Securing OPTIONS /api/correspondencia/contadores
2026-10-08T08:33:32.604-06:00 DEBUG 1947 --- [http-nio-0.0.0.0-8089-exec-3] o.s.security.web.FilterChainProxy        : Securing OPTIONS /api/control-oficios/contadores
2026-10-08T08:33:32.608-06:00 DEBUG 1947 --- [http-nio-0.0.0.0-8089-exec-4] o.s.security.web.FilterChainProxy        : Securing GET /api/control-oficios/contadores
2026-10-08T08:33:32.608-06:00 DEBUG 1947 --- [http-nio-0.0.0.0-8089-exec-9] o.s.security.web.FilterChainProxy        : Securing GET /api/correspondencia/contadores
2026-10-08T08:33:32.617-06:00 DEBUG 1947 --- [http-nio-0.0.0.0-8089-exec-9] o.s.security.web.FilterChainProxy        : Secured GET /api/correspondencia/contadores
2026-10-08T08:33:32.617-06:00 DEBUG 1947 --- [http-nio-0.0.0.0-8089-exec-4] o.s.security.web.FilterChainProxy        : Secured GET /api/control-oficios/contadores
2026-10-08T08:33:32.618-06:00 DEBUG 1947 --- [http-nio-0.0.0.0-8089-exec-9] horizationManagerBeforeMethodInterceptor : Authorizing method invocation ReflectiveMethodInvocation: public org.springframework.http.ResponseEntity mx.edu.utez.umeca.modules.correspondencia.CorrespondenciaController.contadores(); target is of class [mx.edu.utez.umeca.modules.correspondencia.CorrespondenciaController]
2026-10-08T08:33:32.618-06:00 DEBUG 1947 --- [http-nio-0.0.0.0-8089-exec-4] horizationManagerBeforeMethodInterceptor : Authorizing method invocation ReflectiveMethodInvocation: public org.springframework.http.ResponseEntity mx.edu.utez.umeca.modules.controloficio.ControlOficioController.getContadores(); target is of class [mx.edu.utez.umeca.modules.controloficio.ControlOficioController]
2026-10-08T08:33:32.618-06:00 DEBUG 1947 --- [http-nio-0.0.0.0-8089-exec-9] horizationManagerBeforeMethodInterceptor : Authorized method invocation ReflectiveMethodInvocation: public org.springframework.http.ResponseEntity mx.edu.utez.umeca.modules.correspondencia.CorrespondenciaController.contadores(); target is of class [mx.edu.utez.umeca.modules.correspondencia.CorrespondenciaController]
2026-10-08T08:33:32.618-06:00 DEBUG 1947 --- [http-nio-0.0.0.0-8089-exec-4] horizationManagerBeforeMethodInterceptor : Authorized method invocation ReflectiveMethodInvocation: public org.springframework.http.ResponseEntity mx.edu.utez.umeca.modules.controloficio.ControlOficioController.getContadores(); target is of class [mx.edu.utez.umeca.modules.controloficio.ControlOficioController]
2026-10-08T08:33:42.295-06:00 DEBUG 1947 --- [http-nio-0.0.0.0-8089-exec-2] o.s.security.web.FilterChainProxy        : Securing OPTIONS /api/control-oficios/contadores
2026-10-08T08:33:42.295-06:00 DEBUG 1947 --- [http-nio-0.0.0.0-8089-exec-1] o.s.security.web.FilterChainProxy        : Securing OPTIONS /api/imputados/expedientes-pendientes-count
2026-10-08T08:33:42.295-06:00 DEBUG 1947 --- [http-nio-0.0.0.0-8089-exec-10] o.s.security.web.FilterChainProxy        : Securing OPTIONS /api/correspondencia/contadores
2026-10-08T08:33:42.299-06:00 DEBUG 1947 --- [http-nio-0.0.0.0-8089-exec-7] o.s.security.web.FilterChainProxy        : Securing GET /api/control-oficios/contadores
2026-10-08T08:33:42.299-06:00 DEBUG 1947 --- [http-nio-0.0.0.0-8089-exec-5] o.s.security.web.FilterChainProxy        : Securing GET /api/correspondencia/contadores
2026-10-08T08:33:42.300-06:00 DEBUG 1947 --- [http-nio-0.0.0.0-8089-exec-8] o.s.security.web.FilterChainProxy        : Securing GET /api/imputados/expedientes-pendientes-count
2026-10-08T08:33:42.309-06:00 DEBUG 1947 --- [http-nio-0.0.0.0-8089-exec-8] o.s.security.web.FilterChainProxy        : Secured GET /api/imputados/expedientes-pendientes-count
2026-10-08T08:33:42.309-06:00 DEBUG 1947 --- [http-nio-0.0.0.0-8089-exec-5] o.s.security.web.FilterChainProxy        : Secured GET /api/correspondencia/contadores
2026-10-08T08:33:42.309-06:00 DEBUG 1947 --- [http-nio-0.0.0.0-8089-exec-7] o.s.security.web.FilterChainProxy        : Secured GET /api/control-oficios/contadores
2026-10-08T08:33:42.309-06:00 DEBUG 1947 --- [http-nio-0.0.0.0-8089-exec-5] horizationManagerBeforeMethodInterceptor : Authorizing method invocation ReflectiveMethodInvocation: public org.springframework.http.ResponseEntity mx.edu.utez.umeca.modules.correspondencia.CorrespondenciaController.contadores(); target is of class [mx.edu.utez.umeca.modules.correspondencia.CorrespondenciaController]
2026-10-08T08:33:42.309-06:00 DEBUG 1947 --- [http-nio-0.0.0.0-8089-exec-7] horizationManagerBeforeMethodInterceptor : Authorizing method invocation ReflectiveMethodInvocation: public org.springframework.http.ResponseEntity mx.edu.utez.umeca.modules.controloficio.ControlOficioController.getContadores(); target is of class [mx.edu.utez.umeca.modules.controloficio.ControlOficioController]
2026-10-08T08:33:42.309-06:00 DEBUG 1947 --- [http-nio-0.0.0.0-8089-exec-8] horizationManagerBeforeMethodInterceptor : Authorizing method invocation ReflectiveMethodInvocation: public org.springframework.http.ResponseEntity mx.edu.utez.umeca.modules.imputado.ImputadoController.expedientesPendientesCount(org.springframework.security.core.Authentication); target is of class [mx.edu.utez.umeca.modules.imputado.ImputadoController]
2026-10-08T08:33:42.310-06:00 DEBUG 1947 --- [http-nio-0.0.0.0-8089-exec-5] horizationManagerBeforeMethodInterceptor : Authorized method invocation ReflectiveMethodInvocation: public org.springframework.http.ResponseEntity mx.edu.utez.umeca.modules.correspondencia.CorrespondenciaController.contadores(); target is of class [mx.edu.utez.umeca.modules.correspondencia.CorrespondenciaController]
2026-10-08T08:33:42.310-06:00 DEBUG 1947 --- [http-nio-0.0.0.0-8089-exec-7] horizationManagerBeforeMethodInterceptor : Authorized method invocation ReflectiveMethodInvocation: public org.springframework.http.ResponseEntity mx.edu.utez.umeca.modules.controloficio.ControlOficioController.getContadores(); target is of class [mx.edu.utez.umeca.modules.controloficio.ControlOficioController]
2026-10-08T08:33:42.310-06:00 DEBUG 1947 --- [http-nio-0.0.0.0-8089-exec-8] horizationManagerBeforeMethodInterceptor : Authorized method invocation ReflectiveMethodInvocation: public org.springframework.http.ResponseEntity mx.edu.utez.umeca.modules.imputado.ImputadoController.expedientesPendientesCount(org.springframework.security.core.Authentication); target is of class [mx.edu.utez.umeca.modules.imputado.ImputadoController]
2026-10-08T08:33:52.601-06:00 DEBUG 1947 --- [http-nio-0.0.0.0-8089-exec-3] o.s.security.web.FilterChainProxy        : Securing OPTIONS /api/correspondencia/contadores
2026-10-08T08:33:52.601-06:00 DEBUG 1947 --- [http-nio-0.0.0.0-8089-exec-6] o.s.security.web.FilterChainProxy        : Securing OPTIONS /api/control-oficios/contadores
2026-10-08T08:33:52.605-06:00 DEBUG 1947 --- [http-nio-0.0.0.0-8089-exec-9] o.s.security.web.FilterChainProxy        : Securing GET /api/control-oficios/contadores
2026-10-08T08:33:52.605-06:00 DEBUG 1947 --- [http-nio-0.0.0.0-8089-exec-4] o.s.security.web.FilterChainProxy        : Securing GET /api/correspondencia/contadores
2026-10-08T08:33:52.612-06:00 DEBUG 1947 --- [http-nio-0.0.0.0-8089-exec-4] o.s.security.web.FilterChainProxy        : Secured GET /api/correspondencia/contadores
2026-10-08T08:33:52.612-06:00 DEBUG 1947 --- [http-nio-0.0.0.0-8089-exec-9] o.s.security.web.FilterChainProxy        : Secured GET /api/control-oficios/contadores
2026-10-08T08:33:52.613-06:00 DEBUG 1947 --- [http-nio-0.0.0.0-8089-exec-4] horizationManagerBeforeMethodInterceptor : Authorizing method invocation ReflectiveMethodInvocation: public org.springframework.http.ResponseEntity mx.edu.utez.umeca.modules.correspondencia.CorrespondenciaController.contadores(); target is of class [mx.edu.utez.umeca.modules.correspondencia.CorrespondenciaController]
2026-10-08T08:33:52.613-06:00 DEBUG 1947 --- [http-nio-0.0.0.0-8089-exec-9] horizationManagerBeforeMethodInterceptor : Authorizing method invocation ReflectiveMethodInvocation: public org.springframework.http.ResponseEntity mx.edu.utez.umeca.modules.controloficio.ControlOficioController.getContadores(); target is of class [mx.edu.utez.umeca.modules.controloficio.ControlOficioController]
2026-10-08T08:33:52.613-06:00 DEBUG 1947 --- [http-nio-0.0.0.0-8089-exec-9] horizationManagerBeforeMethodInterceptor : Authorized method invocation ReflectiveMethodInvocation: public org.springframework.http.ResponseEntity mx.edu.utez.umeca.modules.controloficio.ControlOficioController.getContadores(); target is of class [mx.edu.utez.umeca.modules.controloficio.ControlOficioController]
2026-10-08T08:33:52.613-06:00 DEBUG 1947 --- [http-nio-0.0.0.0-8089-exec-4] horizationManagerBeforeMethodInterceptor : Authorized method invocation ReflectiveMethodInvocation: public org.springframework.http.ResponseEntity mx.edu.utez.umeca.modules.correspondencia.CorrespondenciaController.contadores(); target is of class [mx.edu.utez.umeca.modules.correspondencia.CorrespondenciaController]
2026-10-08T08:34:02.603-06:00 DEBUG 1947 --- [http-nio-0.0.0.0-8089-exec-10] o.s.security.web.FilterChainProxy        : Securing OPTIONS /api/correspondencia/contadores
2026-10-08T08:34:02.603-06:00 DEBUG 1947 --- [http-nio-0.0.0.0-8089-exec-1] o.s.security.web.FilterChainProxy        : Securing OPTIONS /api/control-oficios/contadores
2026-10-08T08:34:02.606-06:00 DEBUG 1947 --- [http-nio-0.0.0.0-8089-exec-2] o.s.security.web.FilterChainProxy        : Securing GET /api/correspondencia/contadores
2026-10-08T08:34:02.606-06:00 DEBUG 1947 --- [http-nio-0.0.0.0-8089-exec-7] o.s.security.web.FilterChainProxy        : Securing GET /api/control-oficios/contadores
2026-10-08T08:34:02.613-06:00 DEBUG 1947 --- [http-nio-0.0.0.0-8089-exec-2] o.s.security.web.FilterChainProxy        : Secured GET /api/correspondencia/contadores
2026-10-08T08:34:02.613-06:00 DEBUG 1947 --- [http-nio-0.0.0.0-8089-exec-7] o.s.security.web.FilterChainProxy        : Secured GET /api/control-oficios/contadores
2026-10-08T08:34:02.614-06:00 DEBUG 1947 --- [http-nio-0.0.0.0-8089-exec-2] horizationManagerBeforeMethodInterceptor : Authorizing method invocation ReflectiveMethodInvocation: public org.springframework.http.ResponseEntity mx.edu.utez.umeca.modules.correspondencia.CorrespondenciaController.contadores(); target is of class [mx.edu.utez.umeca.modules.correspondencia.CorrespondenciaController]
2026-10-08T08:34:02.614-06:00 DEBUG 1947 --- [http-nio-0.0.0.0-8089-exec-7] horizationManagerBeforeMethodInterceptor : Authorizing method invocation ReflectiveMethodInvocation: public org.springframework.http.ResponseEntity mx.edu.utez.umeca.modules.controloficio.ControlOficioController.getContadores(); target is of class [mx.edu.utez.umeca.modules.controloficio.ControlOficioController]
2026-10-08T08:34:02.614-06:00 DEBUG 1947 --- [http-nio-0.0.0.0-8089-exec-2] horizationManagerBeforeMethodInterceptor : Authorized method invocation ReflectiveMethodInvocation: public org.springframework.http.ResponseEntity mx.edu.utez.umeca.modules.correspondencia.CorrespondenciaController.contadores(); target is of class [mx.edu.utez.umeca.modules.correspondencia.CorrespondenciaController]
2026-10-08T08:34:02.614-06:00 DEBUG 1947 --- [http-nio-0.0.0.0-8089-exec-7] horizationManagerBeforeMethodInterceptor : Authorized method invocation ReflectiveMethodInvocation: public org.springframework.http.ResponseEntity mx.edu.utez.umeca.modules.controloficio.ControlOficioController.getContadores(); target is of class [mx.edu.utez.umeca.modules.controloficio.ControlOficioController]
2026-10-08T08:34:12.601-06:00 DEBUG 1947 --- [http-nio-0.0.0.0-8089-exec-3] o.s.security.web.FilterChainProxy        : Securing OPTIONS /api/imputados/expedientes-pendientes-count
2026-10-08T08:34:12.601-06:00 DEBUG 1947 --- [http-nio-0.0.0.0-8089-exec-8] o.s.security.web.FilterChainProxy        : Securing OPTIONS /api/correspondencia/contadores
2026-10-08T08:34:12.601-06:00 DEBUG 1947 --- [http-nio-0.0.0.0-8089-exec-5] o.s.security.web.FilterChainProxy        : Securing OPTIONS /api/control-oficios/contadores
2026-10-08T08:34:12.605-06:00 DEBUG 1947 --- [http-nio-0.0.0.0-8089-exec-6] o.s.security.web.FilterChainProxy        : Securing GET /api/control-oficios/contadores
2026-10-08T08:34:12.605-06:00 DEBUG 1947 --- [http-nio-0.0.0.0-8089-exec-4] o.s.security.web.FilterChainProxy        : Securing GET /api/imputados/expedientes-pendientes-count
2026-10-08T08:34:12.605-06:00 DEBUG 1947 --- [http-nio-0.0.0.0-8089-exec-9] o.s.security.web.FilterChainProxy        : Securing GET /api/correspondencia/contadores
2026-10-08T08:34:12.611-06:00 DEBUG 1947 --- [http-nio-0.0.0.0-8089-exec-6] o.s.security.web.FilterChainProxy        : Secured GET /api/control-oficios/contadores
2026-10-08T08:34:12.611-06:00 DEBUG 1947 --- [http-nio-0.0.0.0-8089-exec-4] o.s.security.web.FilterChainProxy        : Secured GET /api/imputados/expedientes-pendientes-count
2026-10-08T08:34:12.611-06:00 DEBUG 1947 --- [http-nio-0.0.0.0-8089-exec-9] o.s.security.web.FilterChainProxy        : Secured GET /api/correspondencia/contadores
2026-10-08T08:34:12.612-06:00 DEBUG 1947 --- [http-nio-0.0.0.0-8089-exec-6] horizationManagerBeforeMethodInterceptor : Authorizing method invocation ReflectiveMethodInvocation: public org.springframework.http.ResponseEntity mx.edu.utez.umeca.modules.controloficio.ControlOficioController.getContadores(); target is of class [mx.edu.utez.umeca.modules.controloficio.ControlOficioController]
2026-10-08T08:34:12.612-06:00 DEBUG 1947 --- [http-nio-0.0.0.0-8089-exec-9] horizationManagerBeforeMethodInterceptor : Authorizing method invocation ReflectiveMethodInvocation: public org.springframework.http.ResponseEntity mx.edu.utez.umeca.modules.correspondencia.CorrespondenciaController.contadores(); target is of class [mx.edu.utez.umeca.modules.correspondencia.CorrespondenciaController]
2026-10-08T08:34:12.612-06:00 DEBUG 1947 --- [http-nio-0.0.0.0-8089-exec-4] horizationManagerBeforeMethodInterceptor : Authorizing method invocation ReflectiveMethodInvocation: public org.springframework.http.ResponseEntity mx.edu.utez.umeca.modules.imputado.ImputadoController.expedientesPendientesCount(org.springframework.security.core.Authentication); target is of class [mx.edu.utez.umeca.modules.imputado.ImputadoController]
2026-10-08T08:34:12.612-06:00 DEBUG 1947 --- [http-nio-0.0.0.0-8089-exec-6] horizationManagerBeforeMethodInterceptor : Authorized method invocation ReflectiveMethodInvocation: public org.springframework.http.ResponseEntity mx.edu.utez.umeca.modules.controloficio.ControlOficioController.getContadores(); target is of class [mx.edu.utez.umeca.modules.controloficio.ControlOficioController]
2026-10-08T08:34:12.612-06:00 DEBUG 1947 --- [http-nio-0.0.0.0-8089-exec-4] horizationManagerBeforeMethodInterceptor : Authorized method invocation ReflectiveMethodInvocation: public org.springframework.http.ResponseEntity mx.edu.utez.umeca.modules.imputado.ImputadoController.expedientesPendientesCount(org.springframework.security.core.Authentication); target is of class [mx.edu.utez.umeca.modules.imputado.ImputadoController]
2026-10-08T08:34:12.612-06:00 DEBUG 1947 --- [http-nio-0.0.0.0-8089-exec-9] horizationManagerBeforeMethodInterceptor : Authorized method invocation ReflectiveMethodInvocation: public org.springframework.http.ResponseEntity mx.edu.utez.umeca.modules.correspondencia.CorrespondenciaController.contadores(); target is of class [mx.edu.utez.umeca.modules.correspondencia.CorrespondenciaController]
2026-10-08T08:34:22.601-06:00 DEBUG 1947 --- [http-nio-0.0.0.0-8089-exec-10] o.s.security.web.FilterChainProxy        : Securing OPTIONS /api/correspondencia/contadores
2026-10-08T08:34:22.601-06:00 DEBUG 1947 --- [http-nio-0.0.0.0-8089-exec-1] o.s.security.web.FilterChainProxy        : Securing OPTIONS /api/control-oficios/contadores
2026-10-08T08:34:22.604-06:00 DEBUG 1947 --- [http-nio-0.0.0.0-8089-exec-7] o.s.security.web.FilterChainProxy        : Securing GET /api/correspondencia/contadores
2026-10-08T08:34:22.604-06:00 DEBUG 1947 --- [http-nio-0.0.0.0-8089-exec-2] o.s.security.web.FilterChainProxy        : Securing GET /api/control-oficios/contadores
2026-10-08T08:34:22.612-06:00 DEBUG 1947 --- [http-nio-0.0.0.0-8089-exec-2] o.s.security.web.FilterChainProxy        : Secured GET /api/control-oficios/contadores
2026-10-08T08:34:22.612-06:00 DEBUG 1947 --- [http-nio-0.0.0.0-8089-exec-7] o.s.security.web.FilterChainProxy        : Secured GET /api/correspondencia/contadores
2026-10-08T08:34:22.613-06:00 DEBUG 1947 --- [http-nio-0.0.0.0-8089-exec-2] horizationManagerBeforeMethodInterceptor : Authorizing method invocation ReflectiveMethodInvocation: public org.springframework.http.ResponseEntity mx.edu.utez.umeca.modules.controloficio.ControlOficioController.getContadores(); target is of class [mx.edu.utez.umeca.modules.controloficio.ControlOficioController]
2026-10-08T08:34:22.613-06:00 DEBUG 1947 --- [http-nio-0.0.0.0-8089-exec-7] horizationManagerBeforeMethodInterceptor : Authorizing method invocation ReflectiveMethodInvocation: public org.springframework.http.ResponseEntity mx.edu.utez.umeca.modules.correspondencia.CorrespondenciaController.contadores(); target is of class [mx.edu.utez.umeca.modules.correspondencia.CorrespondenciaController]
2026-10-08T08:34:22.613-06:00 DEBUG 1947 --- [http-nio-0.0.0.0-8089-exec-7] horizationManagerBeforeMethodInterceptor : Authorized method invocation ReflectiveMethodInvocation: public org.springframework.http.ResponseEntity mx.edu.utez.umeca.modules.correspondencia.CorrespondenciaController.contadores(); target is of class [mx.edu.utez.umeca.modules.correspondencia.CorrespondenciaController]
2026-10-08T08:34:22.613-06:00 DEBUG 1947 --- [http-nio-0.0.0.0-8089-exec-2] horizationManagerBeforeMethodInterceptor : Authorized method invocation ReflectiveMethodInvocation: public org.springframework.http.ResponseEntity mx.edu.utez.umeca.modules.controloficio.ControlOficioController.getContadores(); target is of class [mx.edu.utez.umeca.modules.controloficio.ControlOficioController]
2026-10-08T08:34:32.601-06:00 DEBUG 1947 --- [http-nio-0.0.0.0-8089-exec-8] o.s.security.web.FilterChainProxy        : Securing OPTIONS /api/correspondencia/contadores
2026-10-08T08:34:32.601-06:00 DEBUG 1947 --- [http-nio-0.0.0.0-8089-exec-3] o.s.security.web.FilterChainProxy        : Securing OPTIONS /api/control-oficios/contadores
2026-10-08T08:34:32.605-06:00 DEBUG 1947 --- [http-nio-0.0.0.0-8089-exec-5] o.s.security.web.FilterChainProxy        : Securing GET /api/correspondencia/contadores
2026-10-08T08:34:32.605-06:00 DEBUG 1947 --- [http-nio-0.0.0.0-8089-exec-4] o.s.security.web.FilterChainProxy        : Securing GET /api/control-oficios/contadores
2026-10-08T08:34:32.614-06:00 DEBUG 1947 --- [http-nio-0.0.0.0-8089-exec-5] o.s.security.web.FilterChainProxy        : Secured GET /api/correspondencia/contadores
2026-10-08T08:34:32.614-06:00 DEBUG 1947 --- [http-nio-0.0.0.0-8089-exec-4] o.s.security.web.FilterChainProxy        : Secured GET /api/control-oficios/contadores
2026-10-08T08:34:32.615-06:00 DEBUG 1947 --- [http-nio-0.0.0.0-8089-exec-4] horizationManagerBeforeMethodInterceptor : Authorizing method invocation ReflectiveMethodInvocation: public org.springframework.http.ResponseEntity mx.edu.utez.umeca.modules.controloficio.ControlOficioController.getContadores(); target is of class [mx.edu.utez.umeca.modules.controloficio.ControlOficioController]
2026-10-08T08:34:32.615-06:00 DEBUG 1947 --- [http-nio-0.0.0.0-8089-exec-5] horizationManagerBeforeMethodInterceptor : Authorizing method invocation ReflectiveMethodInvocation: public org.springframework.http.ResponseEntity mx.edu.utez.umeca.modules.correspondencia.CorrespondenciaController.contadores(); target is of class [mx.edu.utez.umeca.modules.correspondencia.CorrespondenciaController]
2026-10-08T08:34:32.615-06:00 DEBUG 1947 --- [http-nio-0.0.0.0-8089-exec-4] horizationManagerBeforeMethodInterceptor : Authorized method invocation ReflectiveMethodInvocation: public org.springframework.http.ResponseEntity mx.edu.utez.umeca.modules.controloficio.ControlOficioController.getContadores(); target is of class [mx.edu.utez.umeca.modules.controloficio.ControlOficioController]
2026-10-08T08:34:32.615-06:00 DEBUG 1947 --- [http-nio-0.0.0.0-8089-exec-5] horizationManagerBeforeMethodInterceptor : Authorized method invocation ReflectiveMethodInvocation: public org.springframework.http.ResponseEntity mx.edu.utez.umeca.modules.correspondencia.CorrespondenciaController.contadores(); target is of class [mx.edu.utez.umeca.modules.correspondencia.CorrespondenciaController]
2026-10-08T08:34:42.601-06:00 DEBUG 1947 --- [http-nio-0.0.0.0-8089-exec-10] o.s.security.web.FilterChainProxy        : Securing OPTIONS /api/imputados/expedientes-pendientes-count
2026-10-08T08:34:42.601-06:00 DEBUG 1947 --- [http-nio-0.0.0.0-8089-exec-6] o.s.security.web.FilterChainProxy        : Securing OPTIONS /api/correspondencia/contadores
2026-10-08T08:34:42.601-06:00 DEBUG 1947 --- [http-nio-0.0.0.0-8089-exec-9] o.s.security.web.FilterChainProxy        : Securing OPTIONS /api/control-oficios/contadores
2026-10-08T08:34:42.605-06:00 DEBUG 1947 --- [http-nio-0.0.0.0-8089-exec-7] o.s.security.web.FilterChainProxy        : Securing GET /api/correspondencia/contadores
2026-10-08T08:34:42.605-06:00 DEBUG 1947 --- [http-nio-0.0.0.0-8089-exec-2] o.s.security.web.FilterChainProxy        : Securing GET /api/imputados/expedientes-pendientes-count
2026-10-08T08:34:42.605-06:00 DEBUG 1947 --- [http-nio-0.0.0.0-8089-exec-1] o.s.security.web.FilterChainProxy        : Securing GET /api/control-oficios/contadores
2026-10-08T08:34:42.612-06:00 DEBUG 1947 --- [http-nio-0.0.0.0-8089-exec-7] o.s.security.web.FilterChainProxy        : Secured GET /api/correspondencia/contadores
2026-10-08T08:34:42.612-06:00 DEBUG 1947 --- [http-nio-0.0.0.0-8089-exec-1] o.s.security.web.FilterChainProxy        : Secured GET /api/control-oficios/contadores
2026-10-08T08:34:42.612-06:00 DEBUG 1947 --- [http-nio-0.0.0.0-8089-exec-2] o.s.security.web.FilterChainProxy        : Secured GET /api/imputados/expedientes-pendientes-count
2026-10-08T08:34:42.613-06:00 DEBUG 1947 --- [http-nio-0.0.0.0-8089-exec-7] horizationManagerBeforeMethodInterceptor : Authorizing method invocation ReflectiveMethodInvocation: public org.springframework.http.ResponseEntity mx.edu.utez.umeca.modules.correspondencia.CorrespondenciaController.contadores(); target is of class [mx.edu.utez.umeca.modules.correspondencia.CorrespondenciaController]
2026-10-08T08:34:42.613-06:00 DEBUG 1947 --- [http-nio-0.0.0.0-8089-exec-2] horizationManagerBeforeMethodInterceptor : Authorizing method invocation ReflectiveMethodInvocation: public org.springframework.http.ResponseEntity mx.edu.utez.umeca.modules.imputado.ImputadoController.expedientesPendientesCount(org.springframework.security.core.Authentication); target is of class [mx.edu.utez.umeca.modules.imputado.ImputadoController]
2026-10-08T08:34:42.613-06:00 DEBUG 1947 --- [http-nio-0.0.0.0-8089-exec-1] horizationManagerBeforeMethodInterceptor : Authorizing method invocation ReflectiveMethodInvocation: public org.springframework.http.ResponseEntity mx.edu.utez.umeca.modules.controloficio.ControlOficioController.getContadores(); target is of class [mx.edu.utez.umeca.modules.controloficio.ControlOficioController]
2026-10-08T08:34:42.614-06:00 DEBUG 1947 --- [http-nio-0.0.0.0-8089-exec-7] horizationManagerBeforeMethodInterceptor : Authorized method invocation ReflectiveMethodInvocation: public org.springframework.http.ResponseEntity mx.edu.utez.umeca.modules.correspondencia.CorrespondenciaController.contadores(); target is of class [mx.edu.utez.umeca.modules.correspondencia.CorrespondenciaController]
2026-10-08T08:34:42.614-06:00 DEBUG 1947 --- [http-nio-0.0.0.0-8089-exec-2] horizationManagerBeforeMethodInterceptor : Authorized method invocation ReflectiveMethodInvocation: public org.springframework.http.ResponseEntity mx.edu.utez.umeca.modules.imputado.ImputadoController.expedientesPendientesCount(org.springframework.security.core.Authentication); target is of class [mx.edu.utez.umeca.modules.imputado.ImputadoController]
2026-10-08T08:34:42.614-06:00 DEBUG 1947 --- [http-nio-0.0.0.0-8089-exec-1] horizationManagerBeforeMethodInterceptor : Authorized method invocation ReflectiveMethodInvocation: public org.springframework.http.ResponseEntity mx.edu.utez.umeca.modules.controloficio.ControlOficioController.getContadores(); target is of class [mx.edu.utez.umeca.modules.controloficio.ControlOficioController]
2026-10-08T08:34:52.601-06:00 DEBUG 1947 --- [http-nio-0.0.0.0-8089-exec-3] o.s.security.web.FilterChainProxy        : Securing OPTIONS /api/correspondencia/contadores
2026-10-08T08:34:52.601-06:00 DEBUG 1947 --- [http-nio-0.0.0.0-8089-exec-8] o.s.security.web.FilterChainProxy        : Securing OPTIONS /api/control-oficios/contadores
2026-10-08T08:34:52.604-06:00 DEBUG 1947 --- [http-nio-0.0.0.0-8089-exec-4] o.s.security.web.FilterChainProxy        : Securing GET /api/correspondencia/contadores
2026-10-08T08:34:52.604-06:00 DEBUG 1947 --- [http-nio-0.0.0.0-8089-exec-5] o.s.security.web.FilterChainProxy        : Securing GET /api/control-oficios/contadores
2026-10-08T08:34:52.608-06:00 DEBUG 1947 --- [http-nio-0.0.0.0-8089-exec-4] o.s.security.web.FilterChainProxy        : Secured GET /api/correspondencia/contadores
2026-10-08T08:34:52.608-06:00 DEBUG 1947 --- [http-nio-0.0.0.0-8089-exec-5] o.s.security.web.FilterChainProxy        : Secured GET /api/control-oficios/contadores
2026-10-08T08:34:52.609-06:00 DEBUG 1947 --- [http-nio-0.0.0.0-8089-exec-4] horizationManagerBeforeMethodInterceptor : Authorizing method invocation ReflectiveMethodInvocation: public org.springframework.http.ResponseEntity mx.edu.utez.umeca.modules.correspondencia.CorrespondenciaController.contadores(); target is of class [mx.edu.utez.umeca.modules.correspondencia.CorrespondenciaController]
2026-10-08T08:34:52.609-06:00 DEBUG 1947 --- [http-nio-0.0.0.0-8089-exec-5] horizationManagerBeforeMethodInterceptor : Authorizing method invocation ReflectiveMethodInvocation: public org.springframework.http.ResponseEntity mx.edu.utez.umeca.modules.controloficio.ControlOficioController.getContadores(); target is of class [mx.edu.utez.umeca.modules.controloficio.ControlOficioController]
2026-10-08T08:34:52.609-06:00 DEBUG 1947 --- [http-nio-0.0.0.0-8089-exec-4] horizationManagerBeforeMethodInterceptor : Authorized method invocation ReflectiveMethodInvocation: public org.springframework.http.ResponseEntity mx.edu.utez.umeca.modules.correspondencia.CorrespondenciaController.contadores(); target is of class [mx.edu.utez.umeca.modules.correspondencia.CorrespondenciaController]
2026-10-08T08:34:52.609-06:00 DEBUG 1947 --- [http-nio-0.0.0.0-8089-exec-5] horizationManagerBeforeMethodInterceptor : Authorized method invocation ReflectiveMethodInvocation: public org.springframework.http.ResponseEntity mx.edu.utez.umeca.modules.controloficio.ControlOficioController.getContadores(); target is of class [mx.edu.utez.umeca.modules.controloficio.ControlOficioController]
2026-10-08T08:35:02.294-06:00 DEBUG 1947 --- [http-nio-0.0.0.0-8089-exec-10] o.s.security.web.FilterChainProxy        : Securing OPTIONS /api/control-oficios/contadores
2026-10-08T08:35:02.294-06:00 DEBUG 1947 --- [http-nio-0.0.0.0-8089-exec-9] o.s.security.web.FilterChainProxy        : Securing OPTIONS /api/correspondencia/contadores
2026-10-08T08:35:02.297-06:00 DEBUG 1947 --- [http-nio-0.0.0.0-8089-exec-6] o.s.security.web.FilterChainProxy        : Securing GET /api/correspondencia/contadores
2026-10-08T08:35:02.297-06:00 DEBUG 1947 --- [http-nio-0.0.0.0-8089-exec-1] o.s.security.web.FilterChainProxy        : Securing GET /api/control-oficios/contadores
2026-10-08T08:35:02.303-06:00 DEBUG 1947 --- [http-nio-0.0.0.0-8089-exec-1] o.s.security.web.FilterChainProxy        : Secured GET /api/control-oficios/contadores
2026-10-08T08:35:02.303-06:00 DEBUG 1947 --- [http-nio-0.0.0.0-8089-exec-6] o.s.security.web.FilterChainProxy        : Secured GET /api/correspondencia/contadores
2026-10-08T08:35:02.304-06:00 DEBUG 1947 --- [http-nio-0.0.0.0-8089-exec-1] horizationManagerBeforeMethodInterceptor : Authorizing method invocation ReflectiveMethodInvocation: public org.springframework.http.ResponseEntity mx.edu.utez.umeca.modules.controloficio.ControlOficioController.getContadores(); target is of class [mx.edu.utez.umeca.modules.controloficio.ControlOficioController]
2026-10-08T08:35:02.304-06:00 DEBUG 1947 --- [http-nio-0.0.0.0-8089-exec-6] horizationManagerBeforeMethodInterceptor : Authorizing method invocation ReflectiveMethodInvocation: public org.springframework.http.ResponseEntity mx.edu.utez.umeca.modules.correspondencia.CorrespondenciaController.contadores(); target is of class [mx.edu.utez.umeca.modules.correspondencia.CorrespondenciaController]
2026-10-08T08:35:02.304-06:00 DEBUG 1947 --- [http-nio-0.0.0.0-8089-exec-1] horizationManagerBeforeMethodInterceptor : Authorized method invocation ReflectiveMethodInvocation: public org.springframework.http.ResponseEntity mx.edu.utez.umeca.modules.controloficio.ControlOficioController.getContadores(); target is of class [mx.edu.utez.umeca.modules.controloficio.ControlOficioController]
2026-10-08T08:35:02.304-06:00 DEBUG 1947 --- [http-nio-0.0.0.0-8089-exec-6] horizationManagerBeforeMethodInterceptor : Authorized method invocation ReflectiveMethodInvocation: public org.springframework.http.ResponseEntity mx.edu.utez.umeca.modules.correspondencia.CorrespondenciaController.contadores(); target is of class [mx.edu.utez.umeca.modules.correspondencia.CorrespondenciaController]
2026-10-08T08:35:02.468-06:00 DEBUG 1947 --- [http-nio-0.0.0.0-8089-exec-2] o.s.security.web.FilterChainProxy        : Securing OPTIONS /api/imputados/2/cierre-carpeta
2026-10-08T08:35:02.469-06:00 DEBUG 1947 --- [http-nio-0.0.0.0-8089-exec-7] o.s.security.web.FilterChainProxy        : Securing PATCH /api/imputados/2/cierre-carpeta
2026-10-08T08:35:02.475-06:00 DEBUG 1947 --- [http-nio-0.0.0.0-8089-exec-7] o.s.security.web.FilterChainProxy        : Secured PATCH /api/imputados/2/cierre-carpeta
2026-10-08T08:35:02.476-06:00 DEBUG 1947 --- [http-nio-0.0.0.0-8089-exec-7] horizationManagerBeforeMethodInterceptor : Authorizing method invocation ReflectiveMethodInvocation: public org.springframework.http.ResponseEntity mx.edu.utez.umeca.modules.imputado.ImputadoController.registrarCierreCarpeta(java.lang.Long,java.util.Map); target is of class [mx.edu.utez.umeca.modules.imputado.ImputadoController]
2026-10-08T08:35:02.477-06:00 DEBUG 1947 --- [http-nio-0.0.0.0-8089-exec-7] horizationManagerBeforeMethodInterceptor : Authorized method invocation ReflectiveMethodInvocation: public org.springframework.http.ResponseEntity mx.edu.utez.umeca.modules.imputado.ImputadoController.registrarCierreCarpeta(java.lang.Long,java.util.Map); target is of class [mx.edu.utez.umeca.modules.imputado.ImputadoController]
2026-10-08T08:35:02.488-06:00  WARN 1947 --- [http-nio-0.0.0.0-8089-exec-7] o.h.engine.jdbc.spi.SqlExceptionHelper   : SQL Error: 1146, SQLState: 42S02
2026-10-08T08:35:02.489-06:00 ERROR 1947 --- [http-nio-0.0.0.0-8089-exec-7] o.h.engine.jdbc.spi.SqlExceptionHelper   : Table 'umeca_db.imputado' doesn't exist
2026-10-08T08:35:02.491-06:00 ERROR 1947 --- [http-nio-0.0.0.0-8089-exec-7] o.a.c.c.C.[.[.[/].[dispatcherServlet]    : Servlet.service() for servlet [dispatcherServlet] in context with path [] threw exception [Request processing failed: org.springframework.dao.InvalidDataAccessResourceUsageException: JDBC exception executing SQL [SELECT COALESCE(MAX(CAST(SUBSTRING(numero_cierre_carpeta, 9) AS UNSIGNED)), 0) FROM imputado WHERE numero_cierre_carpeta LIKE CONCAT('CC-', ?, '-%')] [Table 'umeca_db.imputado' doesn't exist] [n/a]; SQL [n/a]] with root cause

java.sql.SQLSyntaxErrorException: Table 'umeca_db.imputado' doesn't exist
	at com.mysql.cj.jdbc.exceptions.SQLError.createSQLException(SQLError.java:112) ~[mysql-connector-j-9.7.0.jar:9.7.0]
	at com.mysql.cj.jdbc.exceptions.SQLExceptionsMapping.translateException(SQLExceptionsMapping.java:114) ~[mysql-connector-j-9.7.0.jar:9.7.0]
	at com.mysql.cj.jdbc.ClientPreparedStatement.executeInternal(ClientPreparedStatement.java:988) ~[mysql-connector-j-9.7.0.jar:9.7.0]
	at com.mysql.cj.jdbc.ClientPreparedStatement.executeQuery(ClientPreparedStatement.java:1056) ~[mysql-connector-j-9.7.0.jar:9.7.0]
	at com.zaxxer.hikari.pool.ProxyPreparedStatement.executeQuery(ProxyPreparedStatement.java:52) ~[HikariCP-6.3.3.jar:na]
	at com.zaxxer.hikari.pool.HikariProxyPreparedStatement.executeQuery(HikariProxyPreparedStatement.java) ~[HikariCP-6.3.3.jar:na]
	at org.hibernate.sql.results.jdbc.internal.DeferredResultSetAccess.executeQuery(DeferredResultSetAccess.java:251) ~[hibernate-core-6.6.49.Final.jar:6.6.49.Final]
	at org.hibernate.sql.results.jdbc.internal.DeferredResultSetAccess.getResultSet(DeferredResultSetAccess.java:172) ~[hibernate-core-6.6.49.Final.jar:6.6.49.Final]
	at org.hibernate.sql.results.jdbc.internal.AbstractResultSetAccess.getMetaData(AbstractResultSetAccess.java:36) ~[hibernate-core-6.6.49.Final.jar:6.6.49.Final]
	at org.hibernate.sql.results.jdbc.internal.AbstractResultSetAccess.getColumnCount(AbstractResultSetAccess.java:52) ~[hibernate-core-6.6.49.Final.jar:6.6.49.Final]
	at org.hibernate.query.results.ResultSetMappingImpl.resolve(ResultSetMappingImpl.java:194) ~[hibernate-core-6.6.49.Final.jar:6.6.49.Final]
	at org.hibernate.sql.exec.internal.JdbcSelectExecutorStandardImpl.resolveJdbcValuesSource(JdbcSelectExecutorStandardImpl.java:340) ~[hibernate-core-6.6.49.Final.jar:6.6.49.Final]
	at org.hibernate.sql.exec.internal.JdbcSelectExecutorStandardImpl.doExecuteQuery(JdbcSelectExecutorStandardImpl.java:137) ~[hibernate-core-6.6.49.Final.jar:6.6.49.Final]
	at org.hibernate.sql.exec.internal.JdbcSelectExecutorStandardImpl.executeQuery(JdbcSelectExecutorStandardImpl.java:102) ~[hibernate-core-6.6.49.Final.jar:6.6.49.Final]
	at org.hibernate.sql.exec.spi.JdbcSelectExecutor.executeQuery(JdbcSelectExecutor.java:91) ~[hibernate-core-6.6.49.Final.jar:6.6.49.Final]
	at org.hibernate.sql.exec.spi.JdbcSelectExecutor.list(JdbcSelectExecutor.java:165) ~[hibernate-core-6.6.49.Final.jar:6.6.49.Final]
	at org.hibernate.sql.exec.spi.JdbcSelectExecutor.list(JdbcSelectExecutor.java:142) ~[hibernate-core-6.6.49.Final.jar:6.6.49.Final]
	at org.hibernate.sql.exec.spi.JdbcSelectExecutor.list(JdbcSelectExecutor.java:132) ~[hibernate-core-6.6.49.Final.jar:6.6.49.Final]
	at org.hibernate.query.sql.internal.NativeSelectQueryPlanImpl.performList(NativeSelectQueryPlanImpl.java:135) ~[hibernate-core-6.6.49.Final.jar:6.6.49.Final]
	at org.hibernate.query.sql.internal.NativeQueryImpl.doList(NativeQueryImpl.java:697) ~[hibernate-core-6.6.49.Final.jar:6.6.49.Final]
	at org.hibernate.query.spi.AbstractSelectionQuery.list(AbstractSelectionQuery.java:143) ~[hibernate-core-6.6.49.Final.jar:6.6.49.Final]
	at org.hibernate.query.spi.AbstractSelectionQuery.getSingleResult(AbstractSelectionQuery.java:275) ~[hibernate-core-6.6.49.Final.jar:6.6.49.Final]
	at org.springframework.data.jpa.repository.query.JpaQueryExecution$SingleEntityExecution.doExecute(JpaQueryExecution.java:226) ~[spring-data-jpa-3.5.11.jar:3.5.11]
	at org.springframework.data.jpa.repository.query.JpaQueryExecution.execute(JpaQueryExecution.java:95) ~[spring-data-jpa-3.5.11.jar:3.5.11]
	at org.springframework.data.jpa.repository.query.AbstractJpaQuery.doExecute(AbstractJpaQuery.java:160) ~[spring-data-jpa-3.5.11.jar:3.5.11]
	at org.springframework.data.jpa.repository.query.AbstractJpaQuery.execute(AbstractJpaQuery.java:148) ~[spring-data-jpa-3.5.11.jar:3.5.11]
	at org.springframework.data.repository.core.support.RepositoryMethodInvoker.doInvoke(RepositoryMethodInvoker.java:170) ~[spring-data-commons-3.5.11.jar:3.5.11]
	at org.springframework.data.repository.core.support.RepositoryMethodInvoker.invoke(RepositoryMethodInvoker.java:158) ~[spring-data-commons-3.5.11.jar:3.5.11]
	at org.springframework.data.repository.core.support.QueryExecutorMethodInterceptor.doInvoke(QueryExecutorMethodInterceptor.java:170) ~[spring-data-commons-3.5.11.jar:3.5.11]
	at org.springframework.data.repository.core.support.QueryExecutorMethodInterceptor.invoke(QueryExecutorMethodInterceptor.java:149) ~[spring-data-commons-3.5.11.jar:3.5.11]
	at org.springframework.aop.framework.ReflectiveMethodInvocation.proceed(ReflectiveMethodInvocation.java:184) ~[spring-aop-6.2.18.jar:6.2.18]
	at org.springframework.data.projection.DefaultMethodInvokingMethodInterceptor.invoke(DefaultMethodInvokingMethodInterceptor.java:69) ~[spring-data-commons-3.5.11.jar:3.5.11]
	at org.springframework.aop.framework.ReflectiveMethodInvocation.proceed(ReflectiveMethodInvocation.java:184) ~[spring-aop-6.2.18.jar:6.2.18]
	at org.springframework.transaction.interceptor.TransactionAspectSupport.invokeWithinTransaction(TransactionAspectSupport.java:380) ~[spring-tx-6.2.18.jar:6.2.18]
	at org.springframework.transaction.interceptor.TransactionInterceptor.invoke(TransactionInterceptor.java:119) ~[spring-tx-6.2.18.jar:6.2.18]
	at org.springframework.aop.framework.ReflectiveMethodInvocation.proceed(ReflectiveMethodInvocation.java:184) ~[spring-aop-6.2.18.jar:6.2.18]
	at org.springframework.dao.support.PersistenceExceptionTranslationInterceptor.invoke(PersistenceExceptionTranslationInterceptor.java:138) ~[spring-tx-6.2.18.jar:6.2.18]
	at org.springframework.aop.framework.ReflectiveMethodInvocation.proceed(ReflectiveMethodInvocation.java:184) ~[spring-aop-6.2.18.jar:6.2.18]
	at org.springframework.data.jpa.repository.support.CrudMethodMetadataPostProcessor$CrudMethodMetadataPopulatingMethodInterceptor.invoke(CrudMethodMetadataPostProcessor.java:136) ~[spring-data-jpa-3.5.11.jar:3.5.11]
	at org.springframework.aop.framework.ReflectiveMethodInvocation.proceed(ReflectiveMethodInvocation.java:184) ~[spring-aop-6.2.18.jar:6.2.18]
	at org.springframework.aop.framework.JdkDynamicAopProxy.invoke(JdkDynamicAopProxy.java:223) ~[spring-aop-6.2.18.jar:6.2.18]
	at jdk.proxy4/jdk.proxy4.$Proxy173.maxSecuenciaCierre(Unknown Source) ~[na:na]
	at mx.edu.utez.umeca.modules.imputado.ImputadoService.lambda$registrarCierreCarpeta$0(ImputadoService.java:300) ~[classes/:na]
	at java.base/java.util.Optional.map(Optional.java:260) ~[na:na]
	at mx.edu.utez.umeca.modules.imputado.ImputadoService.registrarCierreCarpeta(ImputadoService.java:260) ~[classes/:na]
	at java.base/jdk.internal.reflect.DirectMethodHandleAccessor.invoke(DirectMethodHandleAccessor.java:104) ~[na:na]
	at java.base/java.lang.reflect.Method.invoke(Method.java:565) ~[na:na]
	at org.springframework.aop.support.AopUtils.invokeJoinpointUsingReflection(AopUtils.java:360) ~[spring-aop-6.2.18.jar:6.2.18]
	at org.springframework.aop.framework.ReflectiveMethodInvocation.invokeJoinpoint(ReflectiveMethodInvocation.java:196) ~[spring-aop-6.2.18.jar:6.2.18]
	at org.springframework.aop.framework.ReflectiveMethodInvocation.proceed(ReflectiveMethodInvocation.java:163) ~[spring-aop-6.2.18.jar:6.2.18]
	at org.springframework.transaction.interceptor.TransactionAspectSupport.invokeWithinTransaction(TransactionAspectSupport.java:380) ~[spring-tx-6.2.18.jar:6.2.18]
	at org.springframework.transaction.interceptor.TransactionInterceptor.invoke(TransactionInterceptor.java:119) ~[spring-tx-6.2.18.jar:6.2.18]
	at org.springframework.aop.framework.ReflectiveMethodInvocation.proceed(ReflectiveMethodInvocation.java:184) ~[spring-aop-6.2.18.jar:6.2.18]
	at org.springframework.aop.framework.CglibAopProxy$DynamicAdvisedInterceptor.intercept(CglibAopProxy.java:728) ~[spring-aop-6.2.18.jar:6.2.18]
	at mx.edu.utez.umeca.modules.imputado.ImputadoService$$SpringCGLIB$$0.registrarCierreCarpeta(<generated>) ~[classes/:na]
	at mx.edu.utez.umeca.modules.imputado.ImputadoController.registrarCierreCarpeta(ImputadoController.java:91) ~[classes/:na]
	at java.base/jdk.internal.reflect.DirectMethodHandleAccessor.invoke(DirectMethodHandleAccessor.java:104) ~[na:na]
	at java.base/java.lang.reflect.Method.invoke(Method.java:565) ~[na:na]
	at org.springframework.aop.support.AopUtils.invokeJoinpointUsingReflection(AopUtils.java:360) ~[spring-aop-6.2.18.jar:6.2.18]
	at org.springframework.aop.framework.ReflectiveMethodInvocation.invokeJoinpoint(ReflectiveMethodInvocation.java:196) ~[spring-aop-6.2.18.jar:6.2.18]
	at org.springframework.aop.framework.ReflectiveMethodInvocation.proceed(ReflectiveMethodInvocation.java:163) ~[spring-aop-6.2.18.jar:6.2.18]
	at org.springframework.security.authorization.method.AuthorizationManagerBeforeMethodInterceptor.proceed(AuthorizationManagerBeforeMethodInterceptor.java:268) ~[spring-security-core-6.5.10.jar:6.5.10]
	at org.springframework.security.authorization.method.AuthorizationManagerBeforeMethodInterceptor.attemptAuthorization(AuthorizationManagerBeforeMethodInterceptor.java:263) ~[spring-security-core-6.5.10.jar:6.5.10]
	at org.springframework.security.authorization.method.AuthorizationManagerBeforeMethodInterceptor.invoke(AuthorizationManagerBeforeMethodInterceptor.java:196) ~[spring-security-core-6.5.10.jar:6.5.10]
	at org.springframework.security.config.annotation.method.configuration.DeferringMethodInterceptor.invoke(DeferringMethodInterceptor.java:44) ~[spring-security-config-6.5.10.jar:6.5.10]
	at org.springframework.aop.framework.ReflectiveMethodInvocation.proceed(ReflectiveMethodInvocation.java:184) ~[spring-aop-6.2.18.jar:6.2.18]
	at org.springframework.aop.framework.CglibAopProxy$DynamicAdvisedInterceptor.intercept(CglibAopProxy.java:728) ~[spring-aop-6.2.18.jar:6.2.18]
	at mx.edu.utez.umeca.modules.imputado.ImputadoController$$SpringCGLIB$$0.registrarCierreCarpeta(<generated>) ~[classes/:na]
	at java.base/jdk.internal.reflect.DirectMethodHandleAccessor.invoke(DirectMethodHandleAccessor.java:104) ~[na:na]
	at java.base/java.lang.reflect.Method.invoke(Method.java:565) ~[na:na]
	at org.springframework.web.method.support.InvocableHandlerMethod.doInvoke(InvocableHandlerMethod.java:258) ~[spring-web-6.2.18.jar:6.2.18]
	at org.springframework.web.method.support.InvocableHandlerMethod.invokeForRequest(InvocableHandlerMethod.java:191) ~[spring-web-6.2.18.jar:6.2.18]
	at org.springframework.web.servlet.mvc.method.annotation.ServletInvocableHandlerMethod.invokeAndHandle(ServletInvocableHandlerMethod.java:118) ~[spring-webmvc-6.2.18.jar:6.2.18]
	at org.springframework.web.servlet.mvc.method.annotation.RequestMappingHandlerAdapter.invokeHandlerMethod(RequestMappingHandlerAdapter.java:991) ~[spring-webmvc-6.2.18.jar:6.2.18]
	at org.springframework.web.servlet.mvc.method.annotation.RequestMappingHandlerAdapter.handleInternal(RequestMappingHandlerAdapter.java:896) ~[spring-webmvc-6.2.18.jar:6.2.18]
	at org.springframework.web.servlet.mvc.method.AbstractHandlerMethodAdapter.handle(AbstractHandlerMethodAdapter.java:87) ~[spring-webmvc-6.2.18.jar:6.2.18]
	at org.springframework.web.servlet.DispatcherServlet.doDispatch(DispatcherServlet.java:1089) ~[spring-webmvc-6.2.18.jar:6.2.18]
	at org.springframework.web.servlet.DispatcherServlet.doService(DispatcherServlet.java:979) ~[spring-webmvc-6.2.18.jar:6.2.18]
	at org.springframework.web.servlet.FrameworkServlet.processRequest(FrameworkServlet.java:1014) ~[spring-webmvc-6.2.18.jar:6.2.18]
	at org.springframework.web.servlet.FrameworkServlet.service(FrameworkServlet.java:888) ~[spring-webmvc-6.2.18.jar:6.2.18]
	at jakarta.servlet.http.HttpServlet.service(HttpServlet.java:658) ~[tomcat-embed-core-10.1.54.jar:6.0]
	at org.apache.catalina.core.ApplicationFilterChain.internalDoFilter(ApplicationFilterChain.java:193) ~[tomcat-embed-core-10.1.54.jar:10.1.54]
	at org.apache.catalina.core.ApplicationFilterChain.doFilter(ApplicationFilterChain.java:138) ~[tomcat-embed-core-10.1.54.jar:10.1.54]
	at org.apache.tomcat.websocket.server.WsFilter.doFilter(WsFilter.java:51) ~[tomcat-embed-websocket-10.1.54.jar:10.1.54]
	at org.apache.catalina.core.ApplicationFilterChain.internalDoFilter(ApplicationFilterChain.java:162) ~[tomcat-embed-core-10.1.54.jar:10.1.54]
	at org.apache.catalina.core.ApplicationFilterChain.doFilter(ApplicationFilterChain.java:138) ~[tomcat-embed-core-10.1.54.jar:10.1.54]
	at org.springframework.web.filter.OncePerRequestFilter.doFilter(OncePerRequestFilter.java:110) ~[spring-web-6.2.18.jar:6.2.18]
	at org.apache.catalina.core.ApplicationFilterChain.internalDoFilter(ApplicationFilterChain.java:162) ~[tomcat-embed-core-10.1.54.jar:10.1.54]
	at org.apache.catalina.core.ApplicationFilterChain.doFilter(ApplicationFilterChain.java:138) ~[tomcat-embed-core-10.1.54.jar:10.1.54]
	at org.springframework.web.filter.CompositeFilter$VirtualFilterChain.doFilter(CompositeFilter.java:108) ~[spring-web-6.2.18.jar:6.2.18]
	at org.springframework.web.filter.CompositeFilter$VirtualFilterChain.doFilter(CompositeFilter.java:108) ~[spring-web-6.2.18.jar:6.2.18]
	at org.springframework.security.web.FilterChainProxy.lambda$doFilterInternal$3(FilterChainProxy.java:231) ~[spring-security-web-6.5.10.jar:6.5.10]
	at org.springframework.security.web.ObservationFilterChainDecorator$FilterObservation$SimpleFilterObservation.lambda$wrap$1(ObservationFilterChainDecorator.java:490) ~[spring-security-web-6.5.10.jar:6.5.10]
	at org.springframework.security.web.ObservationFilterChainDecorator$AroundFilterObservation$SimpleAroundFilterObservation.lambda$wrap$1(ObservationFilterChainDecorator.java:351) ~[spring-security-web-6.5.10.jar:6.5.10]
	at org.springframework.security.web.ObservationFilterChainDecorator.lambda$wrapSecured$0(ObservationFilterChainDecorator.java:83) ~[spring-security-web-6.5.10.jar:6.5.10]
	at org.springframework.security.web.ObservationFilterChainDecorator$VirtualFilterChain.doFilter(ObservationFilterChainDecorator.java:129) ~[spring-security-web-6.5.10.jar:6.5.10]
	at org.springframework.security.web.access.intercept.AuthorizationFilter.doFilter(AuthorizationFilter.java:101) ~[spring-security-web-6.5.10.jar:6.5.10]
	at org.springframework.security.web.ObservationFilterChainDecorator$ObservationFilter.wrapFilter(ObservationFilterChainDecorator.java:241) ~[spring-security-web-6.5.10.jar:6.5.10]
	at org.springframework.security.web.ObservationFilterChainDecorator$ObservationFilter.doFilter(ObservationFilterChainDecorator.java:228) ~[spring-security-web-6.5.10.jar:6.5.10]
	at org.springframework.security.web.ObservationFilterChainDecorator$VirtualFilterChain.doFilter(ObservationFilterChainDecorator.java:138) ~[spring-security-web-6.5.10.jar:6.5.10]
	at org.springframework.security.web.access.ExceptionTranslationFilter.doFilter(ExceptionTranslationFilter.java:125) ~[spring-security-web-6.5.10.jar:6.5.10]
	at org.springframework.security.web.access.ExceptionTranslationFilter.doFilter(ExceptionTranslationFilter.java:119) ~[spring-security-web-6.5.10.jar:6.5.10]
	at org.springframework.security.web.ObservationFilterChainDecorator$ObservationFilter.wrapFilter(ObservationFilterChainDecorator.java:241) ~[spring-security-web-6.5.10.jar:6.5.10]
	at org.springframework.security.web.ObservationFilterChainDecorator$ObservationFilter.doFilter(ObservationFilterChainDecorator.java:228) ~[spring-security-web-6.5.10.jar:6.5.10]
	at org.springframework.security.web.ObservationFilterChainDecorator$VirtualFilterChain.doFilter(ObservationFilterChainDecorator.java:138) ~[spring-security-web-6.5.10.jar:6.5.10]
	at org.springframework.security.web.session.SessionManagementFilter.doFilter(SessionManagementFilter.java:131) ~[spring-security-web-6.5.10.jar:6.5.10]
	at org.springframework.security.web.session.SessionManagementFilter.doFilter(SessionManagementFilter.java:85) ~[spring-security-web-6.5.10.jar:6.5.10]
	at org.springframework.security.web.ObservationFilterChainDecorator$ObservationFilter.wrapFilter(ObservationFilterChainDecorator.java:241) ~[spring-security-web-6.5.10.jar:6.5.10]
	at org.springframework.security.web.ObservationFilterChainDecorator$ObservationFilter.doFilter(ObservationFilterChainDecorator.java:228) ~[spring-security-web-6.5.10.jar:6.5.10]
	at org.springframework.security.web.ObservationFilterChainDecorator$VirtualFilterChain.doFilter(ObservationFilterChainDecorator.java:138) ~[spring-security-web-6.5.10.jar:6.5.10]
	at org.springframework.security.web.authentication.AnonymousAuthenticationFilter.doFilter(AnonymousAuthenticationFilter.java:100) ~[spring-security-web-6.5.10.jar:6.5.10]
	at org.springframework.security.web.ObservationFilterChainDecorator$ObservationFilter.wrapFilter(ObservationFilterChainDecorator.java:241) ~[spring-security-web-6.5.10.jar:6.5.10]
	at org.springframework.security.web.ObservationFilterChainDecorator$ObservationFilter.doFilter(ObservationFilterChainDecorator.java:228) ~[spring-security-web-6.5.10.jar:6.5.10]
	at org.springframework.security.web.ObservationFilterChainDecorator$VirtualFilterChain.doFilter(ObservationFilterChainDecorator.java:138) ~[spring-security-web-6.5.10.jar:6.5.10]
	at org.springframework.security.web.servletapi.SecurityContextHolderAwareRequestFilter.doFilter(SecurityContextHolderAwareRequestFilter.java:179) ~[spring-security-web-6.5.10.jar:6.5.10]
	at org.springframework.security.web.ObservationFilterChainDecorator$ObservationFilter.wrapFilter(ObservationFilterChainDecorator.java:241) ~[spring-security-web-6.5.10.jar:6.5.10]
	at org.springframework.security.web.ObservationFilterChainDecorator$ObservationFilter.doFilter(ObservationFilterChainDecorator.java:228) ~[spring-security-web-6.5.10.jar:6.5.10]
	at org.springframework.security.web.ObservationFilterChainDecorator$VirtualFilterChain.doFilter(ObservationFilterChainDecorator.java:138) ~[spring-security-web-6.5.10.jar:6.5.10]
	at org.springframework.security.web.savedrequest.RequestCacheAwareFilter.doFilter(RequestCacheAwareFilter.java:63) ~[spring-security-web-6.5.10.jar:6.5.10]
	at org.springframework.security.web.ObservationFilterChainDecorator$ObservationFilter.wrapFilter(ObservationFilterChainDecorator.java:241) ~[spring-security-web-6.5.10.jar:6.5.10]
	at org.springframework.security.web.ObservationFilterChainDecorator$ObservationFilter.doFilter(ObservationFilterChainDecorator.java:228) ~[spring-security-web-6.5.10.jar:6.5.10]
	at org.springframework.security.web.ObservationFilterChainDecorator$VirtualFilterChain.doFilter(ObservationFilterChainDecorator.java:138) ~[spring-security-web-6.5.10.jar:6.5.10]
	at mx.edu.utez.umeca.modules.security.config.JwtFilter.doFilterInternal(JwtFilter.java:52) ~[classes/:na]
	at org.springframework.web.filter.OncePerRequestFilter.doFilter(OncePerRequestFilter.java:116) ~[spring-web-6.2.18.jar:6.2.18]
	at org.springframework.security.web.ObservationFilterChainDecorator$ObservationFilter.wrapFilter(ObservationFilterChainDecorator.java:241) ~[spring-security-web-6.5.10.jar:6.5.10]
	at org.springframework.security.web.ObservationFilterChainDecorator$ObservationFilter.doFilter(ObservationFilterChainDecorator.java:228) ~[spring-security-web-6.5.10.jar:6.5.10]
	at org.springframework.security.web.ObservationFilterChainDecorator$VirtualFilterChain.doFilter(ObservationFilterChainDecorator.java:138) ~[spring-security-web-6.5.10.jar:6.5.10]
	at org.springframework.security.web.authentication.logout.LogoutFilter.doFilter(LogoutFilter.java:107) ~[spring-security-web-6.5.10.jar:6.5.10]
	at org.springframework.security.web.authentication.logout.LogoutFilter.doFilter(LogoutFilter.java:93) ~[spring-security-web-6.5.10.jar:6.5.10]
	at org.springframework.security.web.ObservationFilterChainDecorator$ObservationFilter.wrapFilter(ObservationFilterChainDecorator.java:241) ~[spring-security-web-6.5.10.jar:6.5.10]
	at org.springframework.security.web.ObservationFilterChainDecorator$ObservationFilter.doFilter(ObservationFilterChainDecorator.java:228) ~[spring-security-web-6.5.10.jar:6.5.10]
	at org.springframework.security.web.ObservationFilterChainDecorator$VirtualFilterChain.doFilter(ObservationFilterChainDecorator.java:138) ~[spring-security-web-6.5.10.jar:6.5.10]
	at org.springframework.web.filter.CorsFilter.doFilterInternal(CorsFilter.java:91) ~[spring-web-6.2.18.jar:6.2.18]
	at org.springframework.web.filter.OncePerRequestFilter.doFilter(OncePerRequestFilter.java:116) ~[spring-web-6.2.18.jar:6.2.18]
	at org.springframework.security.web.ObservationFilterChainDecorator$ObservationFilter.wrapFilter(ObservationFilterChainDecorator.java:241) ~[spring-security-web-6.5.10.jar:6.5.10]
	at org.springframework.security.web.ObservationFilterChainDecorator$ObservationFilter.doFilter(ObservationFilterChainDecorator.java:228) ~[spring-security-web-6.5.10.jar:6.5.10]
	at org.springframework.security.web.ObservationFilterChainDecorator$VirtualFilterChain.doFilter(ObservationFilterChainDecorator.java:138) ~[spring-security-web-6.5.10.jar:6.5.10]
	at org.springframework.security.web.header.HeaderWriterFilter.doHeadersAfter(HeaderWriterFilter.java:90) ~[spring-security-web-6.5.10.jar:6.5.10]
	at org.springframework.security.web.header.HeaderWriterFilter.doFilterInternal(HeaderWriterFilter.java:75) ~[spring-security-web-6.5.10.jar:6.5.10]
	at org.springframework.web.filter.OncePerRequestFilter.doFilter(OncePerRequestFilter.java:116) ~[spring-web-6.2.18.jar:6.2.18]
	at org.springframework.security.web.ObservationFilterChainDecorator$ObservationFilter.wrapFilter(ObservationFilterChainDecorator.java:241) ~[spring-security-web-6.5.10.jar:6.5.10]
	at org.springframework.security.web.ObservationFilterChainDecorator$ObservationFilter.doFilter(ObservationFilterChainDecorator.java:228) ~[spring-security-web-6.5.10.jar:6.5.10]
	at org.springframework.security.web.ObservationFilterChainDecorator$VirtualFilterChain.doFilter(ObservationFilterChainDecorator.java:138) ~[spring-security-web-6.5.10.jar:6.5.10]
	at org.springframework.security.web.context.SecurityContextHolderFilter.doFilter(SecurityContextHolderFilter.java:82) ~[spring-security-web-6.5.10.jar:6.5.10]
	at org.springframework.security.web.context.SecurityContextHolderFilter.doFilter(SecurityContextHolderFilter.java:69) ~[spring-security-web-6.5.10.jar:6.5.10]
	at org.springframework.security.web.ObservationFilterChainDecorator$ObservationFilter.wrapFilter(ObservationFilterChainDecorator.java:241) ~[spring-security-web-6.5.10.jar:6.5.10]
	at org.springframework.security.web.ObservationFilterChainDecorator$ObservationFilter.doFilter(ObservationFilterChainDecorator.java:228) ~[spring-security-web-6.5.10.jar:6.5.10]
	at org.springframework.security.web.ObservationFilterChainDecorator$VirtualFilterChain.doFilter(ObservationFilterChainDecorator.java:138) ~[spring-security-web-6.5.10.jar:6.5.10]
	at org.springframework.security.web.context.request.async.WebAsyncManagerIntegrationFilter.doFilterInternal(WebAsyncManagerIntegrationFilter.java:62) ~[spring-security-web-6.5.10.jar:6.5.10]
	at org.springframework.web.filter.OncePerRequestFilter.doFilter(OncePerRequestFilter.java:116) ~[spring-web-6.2.18.jar:6.2.18]
	at org.springframework.security.web.ObservationFilterChainDecorator$ObservationFilter.wrapFilter(ObservationFilterChainDecorator.java:241) ~[spring-security-web-6.5.10.jar:6.5.10]
	at org.springframework.security.web.ObservationFilterChainDecorator$ObservationFilter.doFilter(ObservationFilterChainDecorator.java:228) ~[spring-security-web-6.5.10.jar:6.5.10]
	at org.springframework.security.web.ObservationFilterChainDecorator$VirtualFilterChain.doFilter(ObservationFilterChainDecorator.java:138) ~[spring-security-web-6.5.10.jar:6.5.10]
	at org.springframework.security.web.session.DisableEncodeUrlFilter.doFilterInternal(DisableEncodeUrlFilter.java:42) ~[spring-security-web-6.5.10.jar:6.5.10]
	at org.springframework.web.filter.OncePerRequestFilter.doFilter(OncePerRequestFilter.java:116) ~[spring-web-6.2.18.jar:6.2.18]
	at org.springframework.security.web.ObservationFilterChainDecorator$ObservationFilter.wrapFilter(ObservationFilterChainDecorator.java:241) ~[spring-security-web-6.5.10.jar:6.5.10]
	at org.springframework.security.web.ObservationFilterChainDecorator$AroundFilterObservation$SimpleAroundFilterObservation.lambda$wrap$0(ObservationFilterChainDecorator.java:334) ~[spring-security-web-6.5.10.jar:6.5.10]
	at org.springframework.security.web.ObservationFilterChainDecorator$ObservationFilter.doFilter(ObservationFilterChainDecorator.java:225) ~[spring-security-web-6.5.10.jar:6.5.10]
	at org.springframework.security.web.ObservationFilterChainDecorator$VirtualFilterChain.doFilter(ObservationFilterChainDecorator.java:138) ~[spring-security-web-6.5.10.jar:6.5.10]
	at org.springframework.security.web.FilterChainProxy.doFilterInternal(FilterChainProxy.java:233) ~[spring-security-web-6.5.10.jar:6.5.10]
	at org.springframework.security.web.FilterChainProxy.doFilter(FilterChainProxy.java:191) ~[spring-security-web-6.5.10.jar:6.5.10]
	at org.springframework.web.filter.CompositeFilter$VirtualFilterChain.doFilter(CompositeFilter.java:113) ~[spring-web-6.2.18.jar:6.2.18]
	at org.springframework.web.filter.ServletRequestPathFilter.doFilter(ServletRequestPathFilter.java:52) ~[spring-web-6.2.18.jar:6.2.18]
	at org.springframework.web.filter.CompositeFilter$VirtualFilterChain.doFilter(CompositeFilter.java:113) ~[spring-web-6.2.18.jar:6.2.18]
	at org.springframework.web.filter.CompositeFilter.doFilter(CompositeFilter.java:74) ~[spring-web-6.2.18.jar:6.2.18]
	at org.springframework.security.config.annotation.web.configuration.WebSecurityConfiguration$CompositeFilterChainProxy.doFilter(WebSecurityConfiguration.java:319) ~[spring-security-config-6.5.10.jar:6.5.10]
	at org.springframework.web.filter.CompositeFilter$VirtualFilterChain.doFilter(CompositeFilter.java:113) ~[spring-web-6.2.18.jar:6.2.18]
	at org.springframework.web.servlet.handler.HandlerMappingIntrospector.lambda$createCacheFilter$4(HandlerMappingIntrospector.java:267) ~[spring-webmvc-6.2.18.jar:6.2.18]
	at org.springframework.web.filter.CompositeFilter$VirtualFilterChain.doFilter(CompositeFilter.java:113) ~[spring-web-6.2.18.jar:6.2.18]
	at org.springframework.web.filter.CompositeFilter.doFilter(CompositeFilter.java:74) ~[spring-web-6.2.18.jar:6.2.18]
	at org.springframework.security.config.annotation.web.configuration.WebMvcSecurityConfiguration$CompositeFilterChainProxy.doFilter(WebMvcSecurityConfiguration.java:240) ~[spring-security-config-6.5.10.jar:6.5.10]
	at org.springframework.web.filter.DelegatingFilterProxy.invokeDelegate(DelegatingFilterProxy.java:362) ~[spring-web-6.2.18.jar:6.2.18]
	at org.springframework.web.filter.DelegatingFilterProxy.doFilter(DelegatingFilterProxy.java:278) ~[spring-web-6.2.18.jar:6.2.18]
	at org.apache.catalina.core.ApplicationFilterChain.internalDoFilter(ApplicationFilterChain.java:162) ~[tomcat-embed-core-10.1.54.jar:10.1.54]
	at org.apache.catalina.core.ApplicationFilterChain.doFilter(ApplicationFilterChain.java:138) ~[tomcat-embed-core-10.1.54.jar:10.1.54]
	at org.springframework.web.filter.RequestContextFilter.doFilterInternal(RequestContextFilter.java:100) ~[spring-web-6.2.18.jar:6.2.18]
	at org.springframework.web.filter.OncePerRequestFilter.doFilter(OncePerRequestFilter.java:116) ~[spring-web-6.2.18.jar:6.2.18]
	at org.apache.catalina.core.ApplicationFilterChain.internalDoFilter(ApplicationFilterChain.java:162) ~[tomcat-embed-core-10.1.54.jar:10.1.54]
	at org.apache.catalina.core.ApplicationFilterChain.doFilter(ApplicationFilterChain.java:138) ~[tomcat-embed-core-10.1.54.jar:10.1.54]
	at org.springframework.web.filter.FormContentFilter.doFilterInternal(FormContentFilter.java:93) ~[spring-web-6.2.18.jar:6.2.18]
	at org.springframework.web.filter.OncePerRequestFilter.doFilter(OncePerRequestFilter.java:116) ~[spring-web-6.2.18.jar:6.2.18]
	at org.apache.catalina.core.ApplicationFilterChain.internalDoFilter(ApplicationFilterChain.java:162) ~[tomcat-embed-core-10.1.54.jar:10.1.54]
	at org.apache.catalina.core.ApplicationFilterChain.doFilter(ApplicationFilterChain.java:138) ~[tomcat-embed-core-10.1.54.jar:10.1.54]
	at org.springframework.web.filter.ServerHttpObservationFilter.doFilterInternal(ServerHttpObservationFilter.java:110) ~[spring-web-6.2.18.jar:6.2.18]
	at org.springframework.web.filter.OncePerRequestFilter.doFilter(OncePerRequestFilter.java:116) ~[spring-web-6.2.18.jar:6.2.18]
	at org.apache.catalina.core.ApplicationFilterChain.internalDoFilter(ApplicationFilterChain.java:162) ~[tomcat-embed-core-10.1.54.jar:10.1.54]
	at org.apache.catalina.core.ApplicationFilterChain.doFilter(ApplicationFilterChain.java:138) ~[tomcat-embed-core-10.1.54.jar:10.1.54]
	at org.springframework.web.filter.CharacterEncodingFilter.doFilterInternal(CharacterEncodingFilter.java:201) ~[spring-web-6.2.18.jar:6.2.18]
	at org.springframework.web.filter.OncePerRequestFilter.doFilter(OncePerRequestFilter.java:116) ~[spring-web-6.2.18.jar:6.2.18]
	at org.apache.catalina.core.ApplicationFilterChain.internalDoFilter(ApplicationFilterChain.java:162) ~[tomcat-embed-core-10.1.54.jar:10.1.54]
	at org.apache.catalina.core.ApplicationFilterChain.doFilter(ApplicationFilterChain.java:138) ~[tomcat-embed-core-10.1.54.jar:10.1.54]
	at org.apache.catalina.core.StandardWrapperValve.invoke(StandardWrapperValve.java:165) ~[tomcat-embed-core-10.1.54.jar:10.1.54]
	at org.apache.catalina.core.StandardContextValve.invoke(StandardContextValve.java:88) ~[tomcat-embed-core-10.1.54.jar:10.1.54]
	at org.apache.catalina.authenticator.AuthenticatorBase.invoke(AuthenticatorBase.java:492) ~[tomcat-embed-core-10.1.54.jar:10.1.54]
	at org.apache.catalina.core.StandardHostValve.invoke(StandardHostValve.java:113) ~[tomcat-embed-core-10.1.54.jar:10.1.54]
	at org.apache.catalina.valves.ErrorReportValve.invoke(ErrorReportValve.java:83) ~[tomcat-embed-core-10.1.54.jar:10.1.54]
	at org.apache.catalina.core.StandardEngineValve.invoke(StandardEngineValve.java:72) ~[tomcat-embed-core-10.1.54.jar:10.1.54]
	at org.apache.catalina.connector.CoyoteAdapter.service(CoyoteAdapter.java:342) ~[tomcat-embed-core-10.1.54.jar:10.1.54]
	at org.apache.coyote.http11.Http11Processor.service(Http11Processor.java:399) ~[tomcat-embed-core-10.1.54.jar:10.1.54]
	at org.apache.coyote.AbstractProcessorLight.process(AbstractProcessorLight.java:63) ~[tomcat-embed-core-10.1.54.jar:10.1.54]
	at org.apache.coyote.AbstractProtocol$ConnectionHandler.process(AbstractProtocol.java:903) ~[tomcat-embed-core-10.1.54.jar:10.1.54]
	at org.apache.tomcat.util.net.NioEndpoint$SocketProcessor.doRun(NioEndpoint.java:1797) ~[tomcat-embed-core-10.1.54.jar:10.1.54]
	at org.apache.tomcat.util.net.SocketProcessorBase.run(SocketProcessorBase.java:52) ~[tomcat-embed-core-10.1.54.jar:10.1.54]
	at org.apache.tomcat.util.threads.ThreadPoolExecutor.runWorker(ThreadPoolExecutor.java:973) ~[tomcat-embed-core-10.1.54.jar:10.1.54]
	at org.apache.tomcat.util.threads.ThreadPoolExecutor$Worker.run(ThreadPoolExecutor.java:491) ~[tomcat-embed-core-10.1.54.jar:10.1.54]
	at org.apache.tomcat.util.threads.TaskThread$WrappingRunnable.run(TaskThread.java:63) ~[tomcat-embed-core-10.1.54.jar:10.1.54]
	at java.base/java.lang.Thread.run(Thread.java:1447) ~[na:na]

2026-10-08T08:35:02.493-06:00 DEBUG 1947 --- [http-nio-0.0.0.0-8089-exec-7] o.s.security.web.FilterChainProxy        : Securing PATCH /error
2026-10-08T08:35:02.493-06:00 DEBUG 1947 --- [http-nio-0.0.0.0-8089-exec-7] o.s.s.w.a.AnonymousAuthenticationFilter  : Set SecurityContextHolder to anonymous SecurityContext
2026-10-08T08:35:02.493-06:00 DEBUG 1947 --- [http-nio-0.0.0.0-8089-exec-7] o.s.s.w.a.Http403ForbiddenEntryPoint     : Pre-authenticated entry point called. Rejecting access
2026-10-08T08:35:12.601-06:00 DEBUG 1947 --- [http-nio-0.0.0.0-8089-exec-3] o.s.security.web.FilterChainProxy        : Securing OPTIONS /api/control-oficios/contadores
2026-10-08T08:35:12.601-06:00 DEBUG 1947 --- [http-nio-0.0.0.0-8089-exec-8] o.s.security.web.FilterChainProxy        : Securing OPTIONS /api/correspondencia/contadores
2026-10-08T08:35:12.601-06:00 DEBUG 1947 --- [http-nio-0.0.0.0-8089-exec-5] o.s.security.web.FilterChainProxy        : Securing OPTIONS /api/imputados/expedientes-pendientes-count
2026-10-08T08:35:12.604-06:00 DEBUG 1947 --- [http-nio-0.0.0.0-8089-exec-4] o.s.security.web.FilterChainProxy        : Securing GET /api/imputados/expedientes-pendientes-count
2026-10-08T08:35:12.604-06:00 DEBUG 1947 --- [http-nio-0.0.0.0-8089-exec-10] o.s.security.web.FilterChainProxy        : Securing GET /api/control-oficios/contadores
2026-10-08T08:35:12.604-06:00 DEBUG 1947 --- [http-nio-0.0.0.0-8089-exec-9] o.s.security.web.FilterChainProxy        : Securing GET /api/correspondencia/contadores
2026-10-08T08:35:12.610-06:00 DEBUG 1947 --- [http-nio-0.0.0.0-8089-exec-4] o.s.security.web.FilterChainProxy        : Secured GET /api/imputados/expedientes-pendientes-count
2026-10-08T08:35:12.610-06:00 DEBUG 1947 --- [http-nio-0.0.0.0-8089-exec-10] o.s.security.web.FilterChainProxy        : Secured GET /api/control-oficios/contadores
2026-10-08T08:35:12.610-06:00 DEBUG 1947 --- [http-nio-0.0.0.0-8089-exec-9] o.s.security.web.FilterChainProxy        : Secured GET /api/correspondencia/contadores
2026-10-08T08:35:12.610-06:00 DEBUG 1947 --- [http-nio-0.0.0.0-8089-exec-4] horizationManagerBeforeMethodInterceptor : Authorizing method invocation ReflectiveMethodInvocation: public org.springframework.http.ResponseEntity mx.edu.utez.umeca.modules.imputado.ImputadoController.expedientesPendientesCount(org.springframework.security.core.Authentication); target is of class [mx.edu.utez.umeca.modules.imputado.ImputadoController]
2026-10-08T08:35:12.610-06:00 DEBUG 1947 --- [http-nio-0.0.0.0-8089-exec-10] horizationManagerBeforeMethodInterceptor : Authorizing method invocation ReflectiveMethodInvocation: public org.springframework.http.ResponseEntity mx.edu.utez.umeca.modules.controloficio.ControlOficioController.getContadores(); target is of class [mx.edu.utez.umeca.modules.controloficio.ControlOficioController]
2026-10-08T08:35:12.610-06:00 DEBUG 1947 --- [http-nio-0.0.0.0-8089-exec-9] horizationManagerBeforeMethodInterceptor : Authorizing method invocation ReflectiveMethodInvocation: public org.springframework.http.ResponseEntity mx.edu.utez.umeca.modules.correspondencia.CorrespondenciaController.contadores(); target is of class [mx.edu.utez.umeca.modules.correspondencia.CorrespondenciaController]
2026-10-08T08:35:12.611-06:00 DEBUG 1947 --- [http-nio-0.0.0.0-8089-exec-4] horizationManagerBeforeMethodInterceptor : Authorized method invocation ReflectiveMethodInvocation: public org.springframework.http.ResponseEntity mx.edu.utez.umeca.modules.imputado.ImputadoController.expedientesPendientesCount(org.springframework.security.core.Authentication); target is of class [mx.edu.utez.umeca.modules.imputado.ImputadoController]
2026-10-08T08:35:12.611-06:00 DEBUG 1947 --- [http-nio-0.0.0.0-8089-exec-9] horizationManagerBeforeMethodInterceptor : Authorized method invocation ReflectiveMethodInvocation: public org.springframework.http.ResponseEntity mx.edu.utez.umeca.modules.correspondencia.CorrespondenciaController.contadores(); target is of class [mx.edu.utez.umeca.modules.correspondencia.CorrespondenciaController]
2026-10-08T08:35:12.611-06:00 DEBUG 1947 --- [http-nio-0.0.0.0-8089-exec-10] horizationManagerBeforeMethodInterceptor : Authorized method invocation ReflectiveMethodInvocation: public org.springframework.http.ResponseEntity mx.edu.utez.umeca.modules.controloficio.ControlOficioController.getContadores(); target is of class [mx.edu.utez.umeca.modules.controloficio.ControlOficioController]
2026-10-08T08:35:22.601-06:00 DEBUG 1947 --- [http-nio-0.0.0.0-8089-exec-1] o.s.security.web.FilterChainProxy        : Securing OPTIONS /api/correspondencia/contadores
2026-10-08T08:35:22.601-06:00 DEBUG 1947 --- [http-nio-0.0.0.0-8089-exec-6] o.s.security.web.FilterChainProxy        : Securing OPTIONS /api/control-oficios/contadores
2026-10-08T08:35:22.604-06:00 DEBUG 1947 --- [http-nio-0.0.0.0-8089-exec-2] o.s.security.web.FilterChainProxy        : Securing GET /api/control-oficios/contadores
2026-10-08T08:35:22.604-06:00 DEBUG 1947 --- [http-nio-0.0.0.0-8089-exec-7] o.s.security.web.FilterChainProxy        : Securing GET /api/correspondencia/contadores
2026-10-08T08:35:22.609-06:00 DEBUG 1947 --- [http-nio-0.0.0.0-8089-exec-7] o.s.security.web.FilterChainProxy        : Secured GET /api/correspondencia/contadores
2026-10-08T08:35:22.609-06:00 DEBUG 1947 --- [http-nio-0.0.0.0-8089-exec-2] o.s.security.web.FilterChainProxy        : Secured GET /api/control-oficios/contadores
2026-10-08T08:35:22.609-06:00 DEBUG 1947 --- [http-nio-0.0.0.0-8089-exec-2] horizationManagerBeforeMethodInterceptor : Authorizing method invocation ReflectiveMethodInvocation: public org.springframework.http.ResponseEntity mx.edu.utez.umeca.modules.controloficio.ControlOficioController.getContadores(); target is of class [mx.edu.utez.umeca.modules.controloficio.ControlOficioController]
2026-10-08T08:35:22.609-06:00 DEBUG 1947 --- [http-nio-0.0.0.0-8089-exec-7] horizationManagerBeforeMethodInterceptor : Authorizing method invocation ReflectiveMethodInvocation: public org.springframework.http.ResponseEntity mx.edu.utez.umeca.modules.correspondencia.CorrespondenciaController.contadores(); target is of class [mx.edu.utez.umeca.modules.correspondencia.CorrespondenciaController]
2026-10-08T08:35:22.610-06:00 DEBUG 1947 --- [http-nio-0.0.0.0-8089-exec-2] horizationManagerBeforeMethodInterceptor : Authorized method invocation ReflectiveMethodInvocation: public org.springframework.http.ResponseEntity mx.edu.utez.umeca.modules.controloficio.ControlOficioController.getContadores(); target is of class [mx.edu.utez.umeca.modules.controloficio.ControlOficioController]
2026-10-08T08:35:22.610-06:00 DEBUG 1947 --- [http-nio-0.0.0.0-8089-exec-7] horizationManagerBeforeMethodInterceptor : Authorized method invocation ReflectiveMethodInvocation: public org.springframework.http.ResponseEntity mx.edu.utez.umeca.modules.correspondencia.CorrespondenciaController.contadores(); target is of class [mx.edu.utez.umeca.modules.correspondencia.CorrespondenciaController]
2026-10-08T08:35:32.601-06:00 DEBUG 1947 --- [http-nio-0.0.0.0-8089-exec-5] o.s.security.web.FilterChainProxy        : Securing OPTIONS /api/control-oficios/contadores
2026-10-08T08:35:32.601-06:00 DEBUG 1947 --- [http-nio-0.0.0.0-8089-exec-8] o.s.security.web.FilterChainProxy        : Securing OPTIONS /api/correspondencia/contadores
2026-10-08T08:35:32.603-06:00 DEBUG 1947 --- [http-nio-0.0.0.0-8089-exec-4] o.s.security.web.FilterChainProxy        : Securing GET /api/correspondencia/contadores
2026-10-08T08:35:32.603-06:00 DEBUG 1947 --- [http-nio-0.0.0.0-8089-exec-3] o.s.security.web.FilterChainProxy        : Securing GET /api/control-oficios/contadores
2026-10-08T08:35:32.608-06:00 DEBUG 1947 --- [http-nio-0.0.0.0-8089-exec-4] o.s.security.web.FilterChainProxy        : Secured GET /api/correspondencia/contadores
2026-10-08T08:35:32.608-06:00 DEBUG 1947 --- [http-nio-0.0.0.0-8089-exec-3] o.s.security.web.FilterChainProxy        : Secured GET /api/control-oficios/contadores
2026-10-08T08:35:32.609-06:00 DEBUG 1947 --- [http-nio-0.0.0.0-8089-exec-4] horizationManagerBeforeMethodInterceptor : Authorizing method invocation ReflectiveMethodInvocation: public org.springframework.http.ResponseEntity mx.edu.utez.umeca.modules.correspondencia.CorrespondenciaController.contadores(); target is of class [mx.edu.utez.umeca.modules.correspondencia.CorrespondenciaController]
2026-10-08T08:35:32.609-06:00 DEBUG 1947 --- [http-nio-0.0.0.0-8089-exec-3] horizationManagerBeforeMethodInterceptor : Authorizing method invocation ReflectiveMethodInvocation: public org.springframework.http.ResponseEntity mx.edu.utez.umeca.modules.controloficio.ControlOficioController.getContadores(); target is of class [mx.edu.utez.umeca.modules.controloficio.ControlOficioController]
2026-10-08T08:35:32.609-06:00 DEBUG 1947 --- [http-nio-0.0.0.0-8089-exec-4] horizationManagerBeforeMethodInterceptor : Authorized method invocation ReflectiveMethodInvocation: public org.springframework.http.ResponseEntity mx.edu.utez.umeca.modules.correspondencia.CorrespondenciaController.contadores(); target is of class [mx.edu.utez.umeca.modules.correspondencia.CorrespondenciaController]
2026-10-08T08:35:32.609-06:00 DEBUG 1947 --- [http-nio-0.0.0.0-8089-exec-3] horizationManagerBeforeMethodInterceptor : Authorized method invocation ReflectiveMethodInvocation: public org.springframework.http.ResponseEntity mx.edu.utez.umeca.modules.controloficio.ControlOficioController.getContadores(); target is of class [mx.edu.utez.umeca.modules.controloficio.ControlOficioController]
2026-10-08T08:35:42.602-06:00 DEBUG 1947 --- [http-nio-0.0.0.0-8089-exec-9] o.s.security.web.FilterChainProxy        : Securing OPTIONS /api/correspondencia/contadores
2026-10-08T08:35:42.602-06:00 DEBUG 1947 --- [http-nio-0.0.0.0-8089-exec-6] o.s.security.web.FilterChainProxy        : Securing OPTIONS /api/imputados/expedientes-pendientes-count
2026-10-08T08:35:42.602-06:00 DEBUG 1947 --- [http-nio-0.0.0.0-8089-exec-10] o.s.security.web.FilterChainProxy        : Securing OPTIONS /api/control-oficios/contadores
2026-10-08T08:35:42.605-06:00 DEBUG 1947 --- [http-nio-0.0.0.0-8089-exec-1] o.s.security.web.FilterChainProxy        : Securing GET /api/correspondencia/contadores
2026-10-08T08:35:42.605-06:00 DEBUG 1947 --- [http-nio-0.0.0.0-8089-exec-7] o.s.security.web.FilterChainProxy        : Securing GET /api/imputados/expedientes-pendientes-count
2026-10-08T08:35:42.605-06:00 DEBUG 1947 --- [http-nio-0.0.0.0-8089-exec-2] o.s.security.web.FilterChainProxy        : Securing GET /api/control-oficios/contadores
2026-10-08T08:35:42.610-06:00 DEBUG 1947 --- [http-nio-0.0.0.0-8089-exec-7] o.s.security.web.FilterChainProxy        : Secured GET /api/imputados/expedientes-pendientes-count
2026-10-08T08:35:42.610-06:00 DEBUG 1947 --- [http-nio-0.0.0.0-8089-exec-2] o.s.security.web.FilterChainProxy        : Secured GET /api/control-oficios/contadores
2026-10-08T08:35:42.610-06:00 DEBUG 1947 --- [http-nio-0.0.0.0-8089-exec-1] o.s.security.web.FilterChainProxy        : Secured GET /api/correspondencia/contadores
2026-10-08T08:35:42.610-06:00 DEBUG 1947 --- [http-nio-0.0.0.0-8089-exec-7] horizationManagerBeforeMethodInterceptor : Authorizing method invocation ReflectiveMethodInvocation: public org.springframework.http.ResponseEntity mx.edu.utez.umeca.modules.imputado.ImputadoController.expedientesPendientesCount(org.springframework.security.core.Authentication); target is of class [mx.edu.utez.umeca.modules.imputado.ImputadoController]
2026-10-08T08:35:42.610-06:00 DEBUG 1947 --- [http-nio-0.0.0.0-8089-exec-1] horizationManagerBeforeMethodInterceptor : Authorizing method invocation ReflectiveMethodInvocation: public org.springframework.http.ResponseEntity mx.edu.utez.umeca.modules.correspondencia.CorrespondenciaController.contadores(); target is of class [mx.edu.utez.umeca.modules.correspondencia.CorrespondenciaController]
2026-10-08T08:35:42.610-06:00 DEBUG 1947 --- [http-nio-0.0.0.0-8089-exec-2] horizationManagerBeforeMethodInterceptor : Authorizing method invocation ReflectiveMethodInvocation: public org.springframework.http.ResponseEntity mx.edu.utez.umeca.modules.controloficio.ControlOficioController.getContadores(); target is of class [mx.edu.utez.umeca.modules.controloficio.ControlOficioController]
2026-10-08T08:35:42.610-06:00 DEBUG 1947 --- [http-nio-0.0.0.0-8089-exec-1] horizationManagerBeforeMethodInterceptor : Authorized method invocation ReflectiveMethodInvocation: public org.springframework.http.ResponseEntity mx.edu.utez.umeca.modules.correspondencia.CorrespondenciaController.contadores(); target is of class [mx.edu.utez.umeca.modules.correspondencia.CorrespondenciaController]
2026-10-08T08:35:42.610-06:00 DEBUG 1947 --- [http-nio-0.0.0.0-8089-exec-2] horizationManagerBeforeMethodInterceptor : Authorized method invocation ReflectiveMethodInvocation: public org.springframework.http.ResponseEntity mx.edu.utez.umeca.modules.controloficio.ControlOficioController.getContadores(); target is of class [mx.edu.utez.umeca.modules.controloficio.ControlOficioController]
2026-10-08T08:35:42.610-06:00 DEBUG 1947 --- [http-nio-0.0.0.0-8089-exec-7] horizationManagerBeforeMethodInterceptor : Authorized method invocation ReflectiveMethodInvocation: public org.springframework.http.ResponseEntity mx.edu.utez.umeca.modules.imputado.ImputadoController.expedientesPendientesCount(org.springframework.security.core.Authentication); target is of class [mx.edu.utez.umeca.modules.imputado.ImputadoController]
2026-10-08T08:35:52.600-06:00 DEBUG 1947 --- [http-nio-0.0.0.0-8089-exec-8] o.s.security.web.FilterChainProxy        : Securing OPTIONS /api/control-oficios/contadores
2026-10-08T08:35:52.600-06:00 DEBUG 1947 --- [http-nio-0.0.0.0-8089-exec-5] o.s.security.web.FilterChainProxy        : Securing OPTIONS /api/correspondencia/contadores
2026-10-08T08:35:52.603-06:00 DEBUG 1947 --- [http-nio-0.0.0.0-8089-exec-3] o.s.security.web.FilterChainProxy        : Securing GET /api/correspondencia/contadores
2026-10-08T08:35:52.603-06:00 DEBUG 1947 --- [http-nio-0.0.0.0-8089-exec-4] o.s.security.web.FilterChainProxy        : Securing GET /api/control-oficios/contadores
2026-10-08T08:35:52.609-06:00 DEBUG 1947 --- [http-nio-0.0.0.0-8089-exec-3] o.s.security.web.FilterChainProxy        : Secured GET /api/correspondencia/contadores
2026-10-08T08:35:52.609-06:00 DEBUG 1947 --- [http-nio-0.0.0.0-8089-exec-4] o.s.security.web.FilterChainProxy        : Secured GET /api/control-oficios/contadores
2026-10-08T08:35:52.609-06:00 DEBUG 1947 --- [http-nio-0.0.0.0-8089-exec-3] horizationManagerBeforeMethodInterceptor : Authorizing method invocation ReflectiveMethodInvocation: public org.springframework.http.ResponseEntity mx.edu.utez.umeca.modules.correspondencia.CorrespondenciaController.contadores(); target is of class [mx.edu.utez.umeca.modules.correspondencia.CorrespondenciaController]
2026-10-08T08:35:52.609-06:00 DEBUG 1947 --- [http-nio-0.0.0.0-8089-exec-4] horizationManagerBeforeMethodInterceptor : Authorizing method invocation ReflectiveMethodInvocation: public org.springframework.http.ResponseEntity mx.edu.utez.umeca.modules.controloficio.ControlOficioController.getContadores(); target is of class [mx.edu.utez.umeca.modules.controloficio.ControlOficioController]
2026-10-08T08:35:52.610-06:00 DEBUG 1947 --- [http-nio-0.0.0.0-8089-exec-4] horizationManagerBeforeMethodInterceptor : Authorized method invocation ReflectiveMethodInvocation: public org.springframework.http.ResponseEntity mx.edu.utez.umeca.modules.controloficio.ControlOficioController.getContadores(); target is of class [mx.edu.utez.umeca.modules.controloficio.ControlOficioController]
2026-10-08T08:35:52.610-06:00 DEBUG 1947 --- [http-nio-0.0.0.0-8089-exec-3] horizationManagerBeforeMethodInterceptor : Authorized method invocation ReflectiveMethodInvocation: public org.springframework.http.ResponseEntity mx.edu.utez.umeca.modules.correspondencia.CorrespondenciaController.contadores(); target is of class [mx.edu.utez.umeca.modules.correspondencia.CorrespondenciaController]
2026-10-08T08:36:02.600-06:00 DEBUG 1947 --- [http-nio-0.0.0.0-8089-exec-10] o.s.security.web.FilterChainProxy        : Securing OPTIONS /api/control-oficios/contadores
2026-10-08T08:36:02.600-06:00 DEBUG 1947 --- [http-nio-0.0.0.0-8089-exec-6] o.s.security.web.FilterChainProxy        : Securing OPTIONS /api/correspondencia/contadores
2026-10-08T08:36:02.602-06:00 DEBUG 1947 --- [http-nio-0.0.0.0-8089-exec-9] o.s.security.web.FilterChainProxy        : Securing GET /api/control-oficios/contadores
2026-10-08T08:36:02.602-06:00 DEBUG 1947 --- [http-nio-0.0.0.0-8089-exec-7] o.s.security.web.FilterChainProxy        : Securing GET /api/correspondencia/contadores
2026-10-08T08:36:02.604-06:00 DEBUG 1947 --- [http-nio-0.0.0.0-8089-exec-7] o.s.security.web.FilterChainProxy        : Secured GET /api/correspondencia/contadores
2026-10-08T08:36:02.604-06:00 DEBUG 1947 --- [http-nio-0.0.0.0-8089-exec-9] o.s.security.web.FilterChainProxy        : Secured GET /api/control-oficios/contadores
2026-10-08T08:36:02.605-06:00 DEBUG 1947 --- [http-nio-0.0.0.0-8089-exec-7] horizationManagerBeforeMethodInterceptor : Authorizing method invocation ReflectiveMethodInvocation: public org.springframework.http.ResponseEntity mx.edu.utez.umeca.modules.correspondencia.CorrespondenciaController.contadores(); target is of class [mx.edu.utez.umeca.modules.correspondencia.CorrespondenciaController]
2026-10-08T08:36:02.605-06:00 DEBUG 1947 --- [http-nio-0.0.0.0-8089-exec-9] horizationManagerBeforeMethodInterceptor : Authorizing method invocation ReflectiveMethodInvocation: public org.springframework.http.ResponseEntity mx.edu.utez.umeca.modules.controloficio.ControlOficioController.getContadores(); target is of class [mx.edu.utez.umeca.modules.controloficio.ControlOficioController]
2026-10-08T08:36:02.605-06:00 DEBUG 1947 --- [http-nio-0.0.0.0-8089-exec-7] horizationManagerBeforeMethodInterceptor : Authorized method invocation ReflectiveMethodInvocation: public org.springframework.http.ResponseEntity mx.edu.utez.umeca.modules.correspondencia.CorrespondenciaController.contadores(); target is of class [mx.edu.utez.umeca.modules.correspondencia.CorrespondenciaController]
2026-10-08T08:36:02.605-06:00 DEBUG 1947 --- [http-nio-0.0.0.0-8089-exec-9] horizationManagerBeforeMethodInterceptor : Authorized method invocation ReflectiveMethodInvocation: public org.springframework.http.ResponseEntity mx.edu.utez.umeca.modules.controloficio.ControlOficioController.getContadores(); target is of class [mx.edu.utez.umeca.modules.controloficio.ControlOficioController]
2026-10-08T08:36:12.602-06:00 DEBUG 1947 --- [http-nio-0.0.0.0-8089-exec-1] o.s.security.web.FilterChainProxy        : Securing OPTIONS /api/control-oficios/contadores
2026-10-08T08:36:12.602-06:00 DEBUG 1947 --- [http-nio-0.0.0.0-8089-exec-8] o.s.security.web.FilterChainProxy        : Securing OPTIONS /api/imputados/expedientes-pendientes-count
2026-10-08T08:36:12.602-06:00 DEBUG 1947 --- [http-nio-0.0.0.0-8089-exec-2] o.s.security.web.FilterChainProxy        : Securing OPTIONS /api/correspondencia/contadores
2026-10-08T08:36:12.606-06:00 DEBUG 1947 --- [http-nio-0.0.0.0-8089-exec-5] o.s.security.web.FilterChainProxy        : Securing GET /api/control-oficios/contadores
2026-10-08T08:36:12.606-06:00 DEBUG 1947 --- [http-nio-0.0.0.0-8089-exec-3] o.s.security.web.FilterChainProxy        : Securing GET /api/correspondencia/contadores
2026-10-08T08:36:12.606-06:00 DEBUG 1947 --- [http-nio-0.0.0.0-8089-exec-4] o.s.security.web.FilterChainProxy        : Securing GET /api/imputados/expedientes-pendientes-count
2026-10-08T08:36:12.611-06:00 DEBUG 1947 --- [http-nio-0.0.0.0-8089-exec-5] o.s.security.web.FilterChainProxy        : Secured GET /api/control-oficios/contadores
2026-10-08T08:36:12.611-06:00 DEBUG 1947 --- [http-nio-0.0.0.0-8089-exec-4] o.s.security.web.FilterChainProxy        : Secured GET /api/imputados/expedientes-pendientes-count
2026-10-08T08:36:12.612-06:00 DEBUG 1947 --- [http-nio-0.0.0.0-8089-exec-4] horizationManagerBeforeMethodInterceptor : Authorizing method invocation ReflectiveMethodInvocation: public org.springframework.http.ResponseEntity mx.edu.utez.umeca.modules.imputado.ImputadoController.expedientesPendientesCount(org.springframework.security.core.Authentication); target is of class [mx.edu.utez.umeca.modules.imputado.ImputadoController]
2026-10-08T08:36:12.612-06:00 DEBUG 1947 --- [http-nio-0.0.0.0-8089-exec-5] horizationManagerBeforeMethodInterceptor : Authorizing method invocation ReflectiveMethodInvocation: public org.springframework.http.ResponseEntity mx.edu.utez.umeca.modules.controloficio.ControlOficioController.getContadores(); target is of class [mx.edu.utez.umeca.modules.controloficio.ControlOficioController]
2026-10-08T08:36:12.612-06:00 DEBUG 1947 --- [http-nio-0.0.0.0-8089-exec-4] horizationManagerBeforeMethodInterceptor : Authorized method invocation ReflectiveMethodInvocation: public org.springframework.http.ResponseEntity mx.edu.utez.umeca.modules.imputado.ImputadoController.expedientesPendientesCount(org.springframework.security.core.Authentication); target is of class [mx.edu.utez.umeca.modules.imputado.ImputadoController]
2026-10-08T08:36:12.612-06:00 DEBUG 1947 --- [http-nio-0.0.0.0-8089-exec-5] horizationManagerBeforeMethodInterceptor : Authorized method invocation ReflectiveMethodInvocation: public org.springframework.http.ResponseEntity mx.edu.utez.umeca.modules.controloficio.ControlOficioController.getContadores(); target is of class [mx.edu.utez.umeca.modules.controloficio.ControlOficioController]
2026-10-08T08:36:12.613-06:00 DEBUG 1947 --- [http-nio-0.0.0.0-8089-exec-3] o.s.security.web.FilterChainProxy        : Secured GET /api/correspondencia/contadores
2026-10-08T08:36:12.613-06:00 DEBUG 1947 --- [http-nio-0.0.0.0-8089-exec-3] horizationManagerBeforeMethodInterceptor : Authorizing method invocation ReflectiveMethodInvocation: public org.springframework.http.ResponseEntity mx.edu.utez.umeca.modules.correspondencia.CorrespondenciaController.contadores(); target is of class [mx.edu.utez.umeca.modules.correspondencia.CorrespondenciaController]
2026-10-08T08:36:12.614-06:00 DEBUG 1947 --- [http-nio-0.0.0.0-8089-exec-3] horizationManagerBeforeMethodInterceptor : Authorized method invocation ReflectiveMethodInvocation: public org.springframework.http.ResponseEntity mx.edu.utez.umeca.modules.correspondencia.CorrespondenciaController.contadores(); target is of class [mx.edu.utez.umeca.modules.correspondencia.CorrespondenciaController]
2026-10-08T08:36:22.601-06:00 DEBUG 1947 --- [http-nio-0.0.0.0-8089-exec-6] o.s.security.web.FilterChainProxy        : Securing OPTIONS /api/correspondencia/contadores
2026-10-08T08:36:22.601-06:00 DEBUG 1947 --- [http-nio-0.0.0.0-8089-exec-10] o.s.security.web.FilterChainProxy        : Securing OPTIONS /api/control-oficios/contadores
2026-10-08T08:36:22.604-06:00 DEBUG 1947 --- [http-nio-0.0.0.0-8089-exec-9] o.s.security.web.FilterChainProxy        : Securing GET /api/control-oficios/contadores
2026-10-08T08:36:22.604-06:00 DEBUG 1947 --- [http-nio-0.0.0.0-8089-exec-7] o.s.security.web.FilterChainProxy        : Securing GET /api/correspondencia/contadores
2026-10-08T08:36:22.610-06:00 DEBUG 1947 --- [http-nio-0.0.0.0-8089-exec-7] o.s.security.web.FilterChainProxy        : Secured GET /api/correspondencia/contadores
2026-10-08T08:36:22.610-06:00 DEBUG 1947 --- [http-nio-0.0.0.0-8089-exec-9] o.s.security.web.FilterChainProxy        : Secured GET /api/control-oficios/contadores
2026-10-08T08:36:22.611-06:00 DEBUG 1947 --- [http-nio-0.0.0.0-8089-exec-9] horizationManagerBeforeMethodInterceptor : Authorizing method invocation ReflectiveMethodInvocation: public org.springframework.http.ResponseEntity mx.edu.utez.umeca.modules.controloficio.ControlOficioController.getContadores(); target is of class [mx.edu.utez.umeca.modules.controloficio.ControlOficioController]
2026-10-08T08:36:22.611-06:00 DEBUG 1947 --- [http-nio-0.0.0.0-8089-exec-7] horizationManagerBeforeMethodInterceptor : Authorizing method invocation ReflectiveMethodInvocation: public org.springframework.http.ResponseEntity mx.edu.utez.umeca.modules.correspondencia.CorrespondenciaController.contadores(); target is of class [mx.edu.utez.umeca.modules.correspondencia.CorrespondenciaController]
2026-10-08T08:36:22.611-06:00 DEBUG 1947 --- [http-nio-0.0.0.0-8089-exec-9] horizationManagerBeforeMethodInterceptor : Authorized method invocation ReflectiveMethodInvocation: public org.springframework.http.ResponseEntity mx.edu.utez.umeca.modules.controloficio.ControlOficioController.getContadores(); target is of class [mx.edu.utez.umeca.modules.controloficio.ControlOficioController]
2026-10-08T08:36:22.611-06:00 DEBUG 1947 --- [http-nio-0.0.0.0-8089-exec-7] horizationManagerBeforeMethodInterceptor : Authorized method invocation ReflectiveMethodInvocation: public org.springframework.http.ResponseEntity mx.edu.utez.umeca.modules.correspondencia.CorrespondenciaController.contadores(); target is of class [mx.edu.utez.umeca.modules.correspondencia.CorrespondenciaController]
2026-10-08T08:36:26.906-06:00  INFO 1947 --- [SpringApplicationShutdownHook] o.s.b.w.e.tomcat.GracefulShutdown        : Commencing graceful shutdown. Waiting for active requests to complete
2026-10-08T08:36:26.908-06:00  INFO 1947 --- [tomcat-shutdown] o.s.b.w.e.tomcat.GracefulShutdown        : Graceful shutdown complete
2026-10-08T08:36:26.915-06:00  INFO 1947 --- [SpringApplicationShutdownHook] j.LocalContainerEntityManagerFactoryBean : Closing JPA EntityManagerFactory for persistence unit 'default'
2026-10-08T08:36:26.918-06:00  INFO 1947 --- [SpringApplicationShutdownHook] com.zaxxer.hikari.HikariDataSource       : HikariPool-1 - Shutdown initiated...
2026-10-08T08:36:26.919-06:00  INFO 1947 --- [SpringApplicationShutdownHook] com.zaxxer.hikari.HikariDataSource       : HikariPool-1 - Shutdown completed.
2026-10-08T08:36:29.239-06:00  INFO 2252 --- [restartedMain] mx.edu.utez.umeca.UmecaApplication       : Starting UmecaApplication using Java 24.0.2 with PID 2252 (/Users/albert/Documents/Estadias/umeca/target/classes started by albert in /Users/albert/Documents/Estadias/umeca)
2026-10-08T08:36:29.240-06:00 DEBUG 2252 --- [restartedMain] mx.edu.utez.umeca.UmecaApplication       : Running with Spring Boot v3.5.14, Spring v6.2.18
2026-10-08T08:36:29.241-06:00  INFO 2252 --- [restartedMain] mx.edu.utez.umeca.UmecaApplication       : No active profile set, falling back to 1 default profile: "default"
2026-10-08T08:36:29.280-06:00  INFO 2252 --- [restartedMain] .e.DevToolsPropertyDefaultsPostProcessor : Devtools property defaults active! Set 'spring.devtools.add-properties' to 'false' to disable
2026-10-08T08:36:29.281-06:00  INFO 2252 --- [restartedMain] .e.DevToolsPropertyDefaultsPostProcessor : For additional web related logging consider setting the 'logging.level.web' property to 'DEBUG'
2026-10-08T08:36:29.818-06:00  INFO 2252 --- [restartedMain] .s.d.r.c.RepositoryConfigurationDelegate : Bootstrapping Spring Data JPA repositories in DEFAULT mode.
2026-10-08T08:36:29.871-06:00  INFO 2252 --- [restartedMain] .s.d.r.c.RepositoryConfigurationDelegate : Finished Spring Data repository scanning in 48 ms. Found 18 JPA repository interfaces.
2026-10-08T08:36:30.224-06:00  INFO 2252 --- [restartedMain] o.s.b.w.embedded.tomcat.TomcatWebServer  : Tomcat initialized with port 8089 (http)
2026-10-08T08:36:30.232-06:00  INFO 2252 --- [restartedMain] o.apache.catalina.core.StandardService   : Starting service [Tomcat]
2026-10-08T08:36:30.233-06:00  INFO 2252 --- [restartedMain] o.apache.catalina.core.StandardEngine    : Starting Servlet engine: [Apache Tomcat/10.1.54]
2026-10-08T08:36:30.250-06:00  INFO 2252 --- [restartedMain] o.a.c.c.C.[Tomcat].[localhost].[/]       : Initializing Spring embedded WebApplicationContext
2026-10-08T08:36:30.251-06:00  INFO 2252 --- [restartedMain] w.s.c.ServletWebServerApplicationContext : Root WebApplicationContext: initialization completed in 970 ms
2026-10-08T08:36:30.386-06:00  INFO 2252 --- [restartedMain] o.hibernate.jpa.internal.util.LogHelper  : HHH000204: Processing PersistenceUnitInfo [name: default]
2026-10-08T08:36:30.416-06:00  INFO 2252 --- [restartedMain] org.hibernate.Version                    : HHH000412: Hibernate ORM core version 6.6.49.Final
2026-10-08T08:36:30.433-06:00  INFO 2252 --- [restartedMain] o.h.c.internal.RegionFactoryInitiator    : HHH000026: Second-level cache disabled
2026-10-08T08:36:30.581-06:00  INFO 2252 --- [restartedMain] o.s.o.j.p.SpringPersistenceUnitInfo      : No LoadTimeWeaver setup: ignoring JPA class transformer
2026-10-08T08:36:30.595-06:00  INFO 2252 --- [restartedMain] com.zaxxer.hikari.HikariDataSource       : HikariPool-1 - Starting...
2026-10-08T08:36:30.691-06:00  INFO 2252 --- [restartedMain] com.zaxxer.hikari.pool.HikariPool        : HikariPool-1 - Added connection com.mysql.cj.jdbc.ConnectionImpl@7e04804
2026-10-08T08:36:30.692-06:00  INFO 2252 --- [restartedMain] com.zaxxer.hikari.HikariDataSource       : HikariPool-1 - Start completed.
2026-10-08T08:36:30.720-06:00  WARN 2252 --- [restartedMain] org.hibernate.orm.deprecation            : HHH90000025: MySQLDialect does not need to be specified explicitly using 'hibernate.dialect' (remove the property setting and it will be selected by default)
2026-10-08T08:36:30.728-06:00  INFO 2252 --- [restartedMain] org.hibernate.orm.connections.pooling    : HHH10001005: Database info:
	Database JDBC URL [Connecting through datasource 'HikariDataSource (HikariPool-1)']
	Database driver: undefined/unknown
	Database version: 9.6
	Autocommit mode: undefined/unknown
	Isolation level: undefined/unknown
	Minimum pool size: undefined/unknown
	Maximum pool size: undefined/unknown
2026-10-08T08:36:31.596-06:00  INFO 2252 --- [restartedMain] o.h.e.t.j.p.i.JtaPlatformInitiator       : HHH000489: No JTA platform available (set 'hibernate.transaction.jta.platform' to enable JTA platform integration)
2026-10-08T08:36:31.960-06:00  INFO 2252 --- [restartedMain] j.LocalContainerEntityManagerFactoryBean : Initialized JPA EntityManagerFactory for persistence unit 'default'
2026-10-08T08:36:32.141-06:00  INFO 2252 --- [restartedMain] o.s.d.j.r.query.QueryEnhancerFactory     : Hibernate is in classpath; If applicable, HQL parser will be used.
2026-10-08T08:36:32.854-06:00 DEBUG 2252 --- [restartedMain] m.e.u.u.m.security.config.JwtFilter      : Filter 'jwtFilter' configured for use
2026-10-08T08:36:34.437-06:00  INFO 2252 --- [restartedMain] eAuthenticationProviderManagerConfigurer : Global AuthenticationManager configured with AuthenticationProvider bean with name authenticationProvider
2026-10-08T08:36:34.437-06:00  WARN 2252 --- [restartedMain] r$InitializeUserDetailsManagerConfigurer : Global AuthenticationManager configured with an AuthenticationProvider bean. UserDetailsService beans will not be used by Spring Security for automatically configuring username/password login. Consider removing the AuthenticationProvider bean. Alternatively, consider using the UserDetailsService in a manually instantiated DaoAuthenticationProvider. If the current configuration is intentional, to turn off this warning, increase the logging level of 'org.springframework.security.config.annotation.authentication.configuration.InitializeUserDetailsBeanManagerConfigurer' to ERROR
2026-10-08T08:36:34.503-06:00  WARN 2252 --- [restartedMain] JpaBaseConfiguration$JpaWebConfiguration : spring.jpa.open-in-view is enabled by default. Therefore, database queries may be performed during view rendering. Explicitly configure spring.jpa.open-in-view to disable this warning
2026-10-08T08:36:34.533-06:00  INFO 2252 --- [restartedMain] o.s.b.a.w.s.WelcomePageHandlerMapping    : Adding welcome page: class path resource [static/index.html]
2026-10-08T08:36:34.733-06:00  INFO 2252 --- [restartedMain] o.s.b.a.e.web.EndpointLinksResolver      : Exposing 1 endpoint beneath base path '/actuator'
2026-10-08T08:36:34.838-06:00 DEBUG 2252 --- [restartedMain] o.s.s.web.DefaultSecurityFilterChain     : Will secure any request with filters: DisableEncodeUrlFilter, WebAsyncManagerIntegrationFilter, SecurityContextHolderFilter, HeaderWriterFilter, CorsFilter, LogoutFilter, JwtFilter, RequestCacheAwareFilter, SecurityContextHolderAwareRequestFilter, AnonymousAuthenticationFilter, SessionManagementFilter, ExceptionTranslationFilter, AuthorizationFilter
2026-10-08T08:36:35.039-06:00  INFO 2252 --- [restartedMain] o.s.b.d.a.OptionalLiveReloadServer       : LiveReload server is running on port 35729
2026-10-08T08:36:35.080-06:00  INFO 2252 --- [restartedMain] o.s.b.w.embedded.tomcat.TomcatWebServer  : Tomcat started on port 8089 (http) with context path '/'
2026-10-08T08:36:35.090-06:00  INFO 2252 --- [restartedMain] mx.edu.utez.umeca.UmecaApplication       : Started UmecaApplication in 6.171 seconds (process running for 6.487)
2026-10-08T08:36:41.137-06:00  INFO 2252 --- [http-nio-0.0.0.0-8089-exec-5] o.a.c.c.C.[Tomcat].[localhost].[/]       : Initializing Spring DispatcherServlet 'dispatcherServlet'
2026-10-08T08:36:41.137-06:00  INFO 2252 --- [http-nio-0.0.0.0-8089-exec-5] o.s.web.servlet.DispatcherServlet        : Initializing Servlet 'dispatcherServlet'
2026-10-08T08:36:41.139-06:00  INFO 2252 --- [http-nio-0.0.0.0-8089-exec-5] o.s.web.servlet.DispatcherServlet        : Completed initialization in 2 ms
2026-10-08T08:36:41.155-06:00 DEBUG 2252 --- [http-nio-0.0.0.0-8089-exec-6] o.s.security.web.FilterChainProxy        : Securing OPTIONS /api/imputados
2026-10-08T08:36:41.155-06:00 DEBUG 2252 --- [http-nio-0.0.0.0-8089-exec-1] o.s.security.web.FilterChainProxy        : Securing OPTIONS /api/correspondencia/contadores
2026-10-08T08:36:41.155-06:00 DEBUG 2252 --- [http-nio-0.0.0.0-8089-exec-3] o.s.security.web.FilterChainProxy        : Securing OPTIONS /api/imputados
2026-10-08T08:36:41.155-06:00 DEBUG 2252 --- [http-nio-0.0.0.0-8089-exec-2] o.s.security.web.FilterChainProxy        : Securing OPTIONS /api/imputados/expedientes-pendientes-count
2026-10-08T08:36:41.155-06:00 DEBUG 2252 --- [http-nio-0.0.0.0-8089-exec-5] o.s.security.web.FilterChainProxy        : Securing OPTIONS /api/correspondencia/contadores
2026-10-08T08:36:41.155-06:00 DEBUG 2252 --- [http-nio-0.0.0.0-8089-exec-4] o.s.security.web.FilterChainProxy        : Securing OPTIONS /api/control-oficios/contadores
2026-10-08T08:36:41.176-06:00 DEBUG 2252 --- [http-nio-0.0.0.0-8089-exec-10] o.s.security.web.FilterChainProxy        : Securing OPTIONS /api/imputados/expedientes-pendientes-count
2026-10-08T08:36:41.176-06:00 DEBUG 2252 --- [http-nio-0.0.0.0-8089-exec-8] o.s.security.web.FilterChainProxy        : Securing OPTIONS /api/control-oficios/contadores
2026-10-08T08:36:41.177-06:00 DEBUG 2252 --- [http-nio-0.0.0.0-8089-exec-9] o.s.security.web.FilterChainProxy        : Securing GET /api/imputados
2026-10-08T08:36:41.177-06:00 DEBUG 2252 --- [http-nio-0.0.0.0-8089-exec-6] o.s.security.web.FilterChainProxy        : Securing GET /api/correspondencia/contadores
2026-10-08T08:36:41.177-06:00 DEBUG 2252 --- [http-nio-0.0.0.0-8089-exec-7] o.s.security.web.FilterChainProxy        : Securing GET /api/imputados/expedientes-pendientes-count
2026-10-08T08:36:41.177-06:00 DEBUG 2252 --- [http-nio-0.0.0.0-8089-exec-4] o.s.security.web.FilterChainProxy        : Securing GET /api/control-oficios/contadores
2026-10-08T08:36:41.342-06:00 DEBUG 2252 --- [http-nio-0.0.0.0-8089-exec-6] o.s.security.web.FilterChainProxy        : Secured GET /api/correspondencia/contadores
2026-10-08T08:36:41.342-06:00 DEBUG 2252 --- [http-nio-0.0.0.0-8089-exec-7] o.s.security.web.FilterChainProxy        : Secured GET /api/imputados/expedientes-pendientes-count
2026-10-08T08:36:41.342-06:00 DEBUG 2252 --- [http-nio-0.0.0.0-8089-exec-4] o.s.security.web.FilterChainProxy        : Secured GET /api/control-oficios/contadores
2026-10-08T08:36:41.342-06:00 DEBUG 2252 --- [http-nio-0.0.0.0-8089-exec-9] o.s.security.web.FilterChainProxy        : Secured GET /api/imputados
2026-10-08T08:36:41.354-06:00 DEBUG 2252 --- [http-nio-0.0.0.0-8089-exec-6] horizationManagerBeforeMethodInterceptor : Authorizing method invocation ReflectiveMethodInvocation: public org.springframework.http.ResponseEntity mx.edu.utez.umeca.modules.correspondencia.CorrespondenciaController.contadores(); target is of class [mx.edu.utez.umeca.modules.correspondencia.CorrespondenciaController]
2026-10-08T08:36:41.354-06:00 DEBUG 2252 --- [http-nio-0.0.0.0-8089-exec-4] horizationManagerBeforeMethodInterceptor : Authorizing method invocation ReflectiveMethodInvocation: public org.springframework.http.ResponseEntity mx.edu.utez.umeca.modules.controloficio.ControlOficioController.getContadores(); target is of class [mx.edu.utez.umeca.modules.controloficio.ControlOficioController]
2026-10-08T08:36:41.354-06:00 DEBUG 2252 --- [http-nio-0.0.0.0-8089-exec-7] horizationManagerBeforeMethodInterceptor : Authorizing method invocation ReflectiveMethodInvocation: public org.springframework.http.ResponseEntity mx.edu.utez.umeca.modules.imputado.ImputadoController.expedientesPendientesCount(org.springframework.security.core.Authentication); target is of class [mx.edu.utez.umeca.modules.imputado.ImputadoController]
2026-10-08T08:36:41.358-06:00 DEBUG 2252 --- [http-nio-0.0.0.0-8089-exec-9] horizationManagerBeforeMethodInterceptor : Authorizing method invocation ReflectiveMethodInvocation: public org.springframework.http.ResponseEntity mx.edu.utez.umeca.modules.imputado.ImputadoController.findAll(java.lang.String); target is of class [mx.edu.utez.umeca.modules.imputado.ImputadoController]
2026-10-08T08:36:41.376-06:00 DEBUG 2252 --- [http-nio-0.0.0.0-8089-exec-7] horizationManagerBeforeMethodInterceptor : Authorized method invocation ReflectiveMethodInvocation: public org.springframework.http.ResponseEntity mx.edu.utez.umeca.modules.imputado.ImputadoController.expedientesPendientesCount(org.springframework.security.core.Authentication); target is of class [mx.edu.utez.umeca.modules.imputado.ImputadoController]
2026-10-08T08:36:41.376-06:00 DEBUG 2252 --- [http-nio-0.0.0.0-8089-exec-4] horizationManagerBeforeMethodInterceptor : Authorized method invocation ReflectiveMethodInvocation: public org.springframework.http.ResponseEntity mx.edu.utez.umeca.modules.controloficio.ControlOficioController.getContadores(); target is of class [mx.edu.utez.umeca.modules.controloficio.ControlOficioController]
2026-10-08T08:36:41.376-06:00 DEBUG 2252 --- [http-nio-0.0.0.0-8089-exec-6] horizationManagerBeforeMethodInterceptor : Authorized method invocation ReflectiveMethodInvocation: public org.springframework.http.ResponseEntity mx.edu.utez.umeca.modules.correspondencia.CorrespondenciaController.contadores(); target is of class [mx.edu.utez.umeca.modules.correspondencia.CorrespondenciaController]
2026-10-08T08:36:41.376-06:00 DEBUG 2252 --- [http-nio-0.0.0.0-8089-exec-9] horizationManagerBeforeMethodInterceptor : Authorized method invocation ReflectiveMethodInvocation: public org.springframework.http.ResponseEntity mx.edu.utez.umeca.modules.imputado.ImputadoController.findAll(java.lang.String); target is of class [mx.edu.utez.umeca.modules.imputado.ImputadoController]
2026-10-08T08:36:41.428-06:00 DEBUG 2252 --- [http-nio-0.0.0.0-8089-exec-5] o.s.security.web.FilterChainProxy        : Securing GET /api/imputados/expedientes-pendientes-count
2026-10-08T08:36:41.430-06:00 DEBUG 2252 --- [http-nio-0.0.0.0-8089-exec-4] o.s.security.web.FilterChainProxy        : Securing GET /api/correspondencia/contadores
2026-10-08T08:36:41.430-06:00 DEBUG 2252 --- [http-nio-0.0.0.0-8089-exec-2] o.s.security.web.FilterChainProxy        : Securing GET /api/control-oficios/contadores
2026-10-08T08:36:41.435-06:00 DEBUG 2252 --- [http-nio-0.0.0.0-8089-exec-5] o.s.security.web.FilterChainProxy        : Secured GET /api/imputados/expedientes-pendientes-count
2026-10-08T08:36:41.435-06:00 DEBUG 2252 --- [http-nio-0.0.0.0-8089-exec-2] o.s.security.web.FilterChainProxy        : Secured GET /api/control-oficios/contadores
2026-10-08T08:36:41.435-06:00 DEBUG 2252 --- [http-nio-0.0.0.0-8089-exec-4] o.s.security.web.FilterChainProxy        : Secured GET /api/correspondencia/contadores
2026-10-08T08:36:41.436-06:00 DEBUG 2252 --- [http-nio-0.0.0.0-8089-exec-2] horizationManagerBeforeMethodInterceptor : Authorizing method invocation ReflectiveMethodInvocation: public org.springframework.http.ResponseEntity mx.edu.utez.umeca.modules.controloficio.ControlOficioController.getContadores(); target is of class [mx.edu.utez.umeca.modules.controloficio.ControlOficioController]
2026-10-08T08:36:41.436-06:00 DEBUG 2252 --- [http-nio-0.0.0.0-8089-exec-4] horizationManagerBeforeMethodInterceptor : Authorizing method invocation ReflectiveMethodInvocation: public org.springframework.http.ResponseEntity mx.edu.utez.umeca.modules.correspondencia.CorrespondenciaController.contadores(); target is of class [mx.edu.utez.umeca.modules.correspondencia.CorrespondenciaController]
2026-10-08T08:36:41.436-06:00 DEBUG 2252 --- [http-nio-0.0.0.0-8089-exec-5] horizationManagerBeforeMethodInterceptor : Authorizing method invocation ReflectiveMethodInvocation: public org.springframework.http.ResponseEntity mx.edu.utez.umeca.modules.imputado.ImputadoController.expedientesPendientesCount(org.springframework.security.core.Authentication); target is of class [mx.edu.utez.umeca.modules.imputado.ImputadoController]
2026-10-08T08:36:41.437-06:00 DEBUG 2252 --- [http-nio-0.0.0.0-8089-exec-2] horizationManagerBeforeMethodInterceptor : Authorized method invocation ReflectiveMethodInvocation: public org.springframework.http.ResponseEntity mx.edu.utez.umeca.modules.controloficio.ControlOficioController.getContadores(); target is of class [mx.edu.utez.umeca.modules.controloficio.ControlOficioController]
2026-10-08T08:36:41.437-06:00 DEBUG 2252 --- [http-nio-0.0.0.0-8089-exec-4] horizationManagerBeforeMethodInterceptor : Authorized method invocation ReflectiveMethodInvocation: public org.springframework.http.ResponseEntity mx.edu.utez.umeca.modules.correspondencia.CorrespondenciaController.contadores(); target is of class [mx.edu.utez.umeca.modules.correspondencia.CorrespondenciaController]
2026-10-08T08:36:41.437-06:00 DEBUG 2252 --- [http-nio-0.0.0.0-8089-exec-5] horizationManagerBeforeMethodInterceptor : Authorized method invocation ReflectiveMethodInvocation: public org.springframework.http.ResponseEntity mx.edu.utez.umeca.modules.imputado.ImputadoController.expedientesPendientesCount(org.springframework.security.core.Authentication); target is of class [mx.edu.utez.umeca.modules.imputado.ImputadoController]
2026-10-08T08:36:41.450-06:00 DEBUG 2252 --- [http-nio-0.0.0.0-8089-exec-1] o.s.security.web.FilterChainProxy        : Securing GET /api/imputados
2026-10-08T08:36:41.455-06:00 DEBUG 2252 --- [http-nio-0.0.0.0-8089-exec-1] o.s.security.web.FilterChainProxy        : Secured GET /api/imputados
2026-10-08T08:36:41.455-06:00 DEBUG 2252 --- [http-nio-0.0.0.0-8089-exec-1] horizationManagerBeforeMethodInterceptor : Authorizing method invocation ReflectiveMethodInvocation: public org.springframework.http.ResponseEntity mx.edu.utez.umeca.modules.imputado.ImputadoController.findAll(java.lang.String); target is of class [mx.edu.utez.umeca.modules.imputado.ImputadoController]
2026-10-08T08:36:41.455-06:00 DEBUG 2252 --- [http-nio-0.0.0.0-8089-exec-1] horizationManagerBeforeMethodInterceptor : Authorized method invocation ReflectiveMethodInvocation: public org.springframework.http.ResponseEntity mx.edu.utez.umeca.modules.imputado.ImputadoController.findAll(java.lang.String); target is of class [mx.edu.utez.umeca.modules.imputado.ImputadoController]
2026-10-08T08:36:50.738-06:00 DEBUG 2252 --- [http-nio-0.0.0.0-8089-exec-8] o.s.security.web.FilterChainProxy        : Securing OPTIONS /api/seguimientos/imputado/1
2026-10-08T08:36:50.738-06:00 DEBUG 2252 --- [http-nio-0.0.0.0-8089-exec-10] o.s.security.web.FilterChainProxy        : Securing OPTIONS /api/imputados/1
2026-10-08T08:36:50.742-06:00 DEBUG 2252 --- [http-nio-0.0.0.0-8089-exec-7] o.s.security.web.FilterChainProxy        : Securing GET /api/seguimientos/imputado/1
2026-10-08T08:36:50.742-06:00 DEBUG 2252 --- [http-nio-0.0.0.0-8089-exec-6] o.s.security.web.FilterChainProxy        : Securing GET /api/imputados/1
2026-10-08T08:36:50.750-06:00 DEBUG 2252 --- [http-nio-0.0.0.0-8089-exec-6] o.s.security.web.FilterChainProxy        : Secured GET /api/imputados/1
2026-10-08T08:36:50.750-06:00 DEBUG 2252 --- [http-nio-0.0.0.0-8089-exec-7] o.s.security.web.FilterChainProxy        : Secured GET /api/seguimientos/imputado/1
2026-10-08T08:36:50.752-06:00 DEBUG 2252 --- [http-nio-0.0.0.0-8089-exec-6] horizationManagerBeforeMethodInterceptor : Authorizing method invocation ReflectiveMethodInvocation: public org.springframework.http.ResponseEntity mx.edu.utez.umeca.modules.imputado.ImputadoController.findById(java.lang.Long); target is of class [mx.edu.utez.umeca.modules.imputado.ImputadoController]
2026-10-08T08:36:50.752-06:00 DEBUG 2252 --- [http-nio-0.0.0.0-8089-exec-7] horizationManagerBeforeMethodInterceptor : Authorizing method invocation ReflectiveMethodInvocation: public org.springframework.http.ResponseEntity mx.edu.utez.umeca.modules.seguimiento.SeguimientoController.porImputado(java.lang.Long); target is of class [mx.edu.utez.umeca.modules.seguimiento.SeguimientoController]
2026-10-08T08:36:50.753-06:00 DEBUG 2252 --- [http-nio-0.0.0.0-8089-exec-7] horizationManagerBeforeMethodInterceptor : Authorized method invocation ReflectiveMethodInvocation: public org.springframework.http.ResponseEntity mx.edu.utez.umeca.modules.seguimiento.SeguimientoController.porImputado(java.lang.Long); target is of class [mx.edu.utez.umeca.modules.seguimiento.SeguimientoController]
2026-10-08T08:36:50.753-06:00 DEBUG 2252 --- [http-nio-0.0.0.0-8089-exec-6] horizationManagerBeforeMethodInterceptor : Authorized method invocation ReflectiveMethodInvocation: public org.springframework.http.ResponseEntity mx.edu.utez.umeca.modules.imputado.ImputadoController.findById(java.lang.Long); target is of class [mx.edu.utez.umeca.modules.imputado.ImputadoController]
2026-10-08T08:36:51.092-06:00 DEBUG 2252 --- [http-nio-0.0.0.0-8089-exec-2] o.s.security.web.FilterChainProxy        : Securing OPTIONS /api/control-oficios/contadores
2026-10-08T08:36:51.092-06:00 DEBUG 2252 --- [http-nio-0.0.0.0-8089-exec-3] o.s.security.web.FilterChainProxy        : Securing OPTIONS /api/correspondencia/contadores
2026-10-08T08:36:51.095-06:00 DEBUG 2252 --- [http-nio-0.0.0.0-8089-exec-4] o.s.security.web.FilterChainProxy        : Securing GET /api/correspondencia/contadores
2026-10-08T08:36:51.095-06:00 DEBUG 2252 --- [http-nio-0.0.0.0-8089-exec-5] o.s.security.web.FilterChainProxy        : Securing GET /api/control-oficios/contadores
2026-10-08T08:36:51.101-06:00 DEBUG 2252 --- [http-nio-0.0.0.0-8089-exec-4] o.s.security.web.FilterChainProxy        : Secured GET /api/correspondencia/contadores
2026-10-08T08:36:51.101-06:00 DEBUG 2252 --- [http-nio-0.0.0.0-8089-exec-5] o.s.security.web.FilterChainProxy        : Secured GET /api/control-oficios/contadores
2026-10-08T08:36:51.101-06:00 DEBUG 2252 --- [http-nio-0.0.0.0-8089-exec-5] horizationManagerBeforeMethodInterceptor : Authorizing method invocation ReflectiveMethodInvocation: public org.springframework.http.ResponseEntity mx.edu.utez.umeca.modules.controloficio.ControlOficioController.getContadores(); target is of class [mx.edu.utez.umeca.modules.controloficio.ControlOficioController]
2026-10-08T08:36:51.101-06:00 DEBUG 2252 --- [http-nio-0.0.0.0-8089-exec-4] horizationManagerBeforeMethodInterceptor : Authorizing method invocation ReflectiveMethodInvocation: public org.springframework.http.ResponseEntity mx.edu.utez.umeca.modules.correspondencia.CorrespondenciaController.contadores(); target is of class [mx.edu.utez.umeca.modules.correspondencia.CorrespondenciaController]
2026-10-08T08:36:51.102-06:00 DEBUG 2252 --- [http-nio-0.0.0.0-8089-exec-4] horizationManagerBeforeMethodInterceptor : Authorized method invocation ReflectiveMethodInvocation: public org.springframework.http.ResponseEntity mx.edu.utez.umeca.modules.correspondencia.CorrespondenciaController.contadores(); target is of class [mx.edu.utez.umeca.modules.correspondencia.CorrespondenciaController]
2026-10-08T08:36:51.102-06:00 DEBUG 2252 --- [http-nio-0.0.0.0-8089-exec-5] horizationManagerBeforeMethodInterceptor : Authorized method invocation ReflectiveMethodInvocation: public org.springframework.http.ResponseEntity mx.edu.utez.umeca.modules.controloficio.ControlOficioController.getContadores(); target is of class [mx.edu.utez.umeca.modules.controloficio.ControlOficioController]
2026-10-08T08:37:00.565-06:00 DEBUG 2252 --- [http-nio-0.0.0.0-8089-exec-8] o.s.security.web.FilterChainProxy        : Securing OPTIONS /api/imputados/expedientes-pendientes-count
2026-10-08T08:37:00.565-06:00 DEBUG 2252 --- [http-nio-0.0.0.0-8089-exec-10] o.s.security.web.FilterChainProxy        : Securing OPTIONS /api/control-oficios/contadores
2026-10-08T08:37:00.565-06:00 DEBUG 2252 --- [http-nio-0.0.0.0-8089-exec-9] o.s.security.web.FilterChainProxy        : Securing OPTIONS /api/imputados
2026-10-08T08:37:00.565-06:00 DEBUG 2252 --- [http-nio-0.0.0.0-8089-exec-1] o.s.security.web.FilterChainProxy        : Securing OPTIONS /api/correspondencia/contadores
2026-10-08T08:37:00.565-06:00 DEBUG 2252 --- [http-nio-0.0.0.0-8089-exec-7] o.s.security.web.FilterChainProxy        : Securing OPTIONS /api/imputados
2026-10-08T08:37:00.565-06:00 DEBUG 2252 --- [http-nio-0.0.0.0-8089-exec-6] o.s.security.web.FilterChainProxy        : Securing OPTIONS /api/correspondencia/contadores
2026-10-08T08:37:00.568-06:00 DEBUG 2252 --- [http-nio-0.0.0.0-8089-exec-3] o.s.security.web.FilterChainProxy        : Securing GET /api/correspondencia/contadores
2026-10-08T08:37:00.568-06:00 DEBUG 2252 --- [http-nio-0.0.0.0-8089-exec-5] o.s.security.web.FilterChainProxy        : Securing OPTIONS /api/control-oficios/contadores
2026-10-08T08:37:00.568-06:00 DEBUG 2252 --- [http-nio-0.0.0.0-8089-exec-2] o.s.security.web.FilterChainProxy        : Securing GET /api/imputados
2026-10-08T08:37:00.568-06:00 DEBUG 2252 --- [http-nio-0.0.0.0-8089-exec-4] o.s.security.web.FilterChainProxy        : Securing GET /api/control-oficios/contadores
2026-10-08T08:37:00.569-06:00 DEBUG 2252 --- [http-nio-0.0.0.0-8089-exec-1] o.s.security.web.FilterChainProxy        : Securing OPTIONS /api/imputados/expedientes-pendientes-count
2026-10-08T08:37:00.569-06:00 DEBUG 2252 --- [http-nio-0.0.0.0-8089-exec-9] o.s.security.web.FilterChainProxy        : Securing GET /api/imputados/expedientes-pendientes-count
2026-10-08T08:37:00.573-06:00 DEBUG 2252 --- [http-nio-0.0.0.0-8089-exec-3] o.s.security.web.FilterChainProxy        : Secured GET /api/correspondencia/contadores
2026-10-08T08:37:00.573-06:00 DEBUG 2252 --- [http-nio-0.0.0.0-8089-exec-9] o.s.security.web.FilterChainProxy        : Secured GET /api/imputados/expedientes-pendientes-count
2026-10-08T08:37:00.574-06:00 DEBUG 2252 --- [http-nio-0.0.0.0-8089-exec-4] o.s.security.web.FilterChainProxy        : Secured GET /api/control-oficios/contadores
2026-10-08T08:37:00.574-06:00 DEBUG 2252 --- [http-nio-0.0.0.0-8089-exec-3] horizationManagerBeforeMethodInterceptor : Authorizing method invocation ReflectiveMethodInvocation: public org.springframework.http.ResponseEntity mx.edu.utez.umeca.modules.correspondencia.CorrespondenciaController.contadores(); target is of class [mx.edu.utez.umeca.modules.correspondencia.CorrespondenciaController]
2026-10-08T08:37:00.574-06:00 DEBUG 2252 --- [http-nio-0.0.0.0-8089-exec-4] horizationManagerBeforeMethodInterceptor : Authorizing method invocation ReflectiveMethodInvocation: public org.springframework.http.ResponseEntity mx.edu.utez.umeca.modules.controloficio.ControlOficioController.getContadores(); target is of class [mx.edu.utez.umeca.modules.controloficio.ControlOficioController]
2026-10-08T08:37:00.574-06:00 DEBUG 2252 --- [http-nio-0.0.0.0-8089-exec-2] o.s.security.web.FilterChainProxy        : Secured GET /api/imputados
2026-10-08T08:37:00.574-06:00 DEBUG 2252 --- [http-nio-0.0.0.0-8089-exec-9] horizationManagerBeforeMethodInterceptor : Authorizing method invocation ReflectiveMethodInvocation: public org.springframework.http.ResponseEntity mx.edu.utez.umeca.modules.imputado.ImputadoController.expedientesPendientesCount(org.springframework.security.core.Authentication); target is of class [mx.edu.utez.umeca.modules.imputado.ImputadoController]
2026-10-08T08:37:00.575-06:00 DEBUG 2252 --- [http-nio-0.0.0.0-8089-exec-3] horizationManagerBeforeMethodInterceptor : Authorized method invocation ReflectiveMethodInvocation: public org.springframework.http.ResponseEntity mx.edu.utez.umeca.modules.correspondencia.CorrespondenciaController.contadores(); target is of class [mx.edu.utez.umeca.modules.correspondencia.CorrespondenciaController]
2026-10-08T08:37:00.575-06:00 DEBUG 2252 --- [http-nio-0.0.0.0-8089-exec-2] horizationManagerBeforeMethodInterceptor : Authorizing method invocation ReflectiveMethodInvocation: public org.springframework.http.ResponseEntity mx.edu.utez.umeca.modules.imputado.ImputadoController.findAll(java.lang.String); target is of class [mx.edu.utez.umeca.modules.imputado.ImputadoController]
2026-10-08T08:37:00.575-06:00 DEBUG 2252 --- [http-nio-0.0.0.0-8089-exec-4] horizationManagerBeforeMethodInterceptor : Authorized method invocation ReflectiveMethodInvocation: public org.springframework.http.ResponseEntity mx.edu.utez.umeca.modules.controloficio.ControlOficioController.getContadores(); target is of class [mx.edu.utez.umeca.modules.controloficio.ControlOficioController]
2026-10-08T08:37:00.575-06:00 DEBUG 2252 --- [http-nio-0.0.0.0-8089-exec-9] horizationManagerBeforeMethodInterceptor : Authorized method invocation ReflectiveMethodInvocation: public org.springframework.http.ResponseEntity mx.edu.utez.umeca.modules.imputado.ImputadoController.expedientesPendientesCount(org.springframework.security.core.Authentication); target is of class [mx.edu.utez.umeca.modules.imputado.ImputadoController]
2026-10-08T08:37:00.575-06:00 DEBUG 2252 --- [http-nio-0.0.0.0-8089-exec-2] horizationManagerBeforeMethodInterceptor : Authorized method invocation ReflectiveMethodInvocation: public org.springframework.http.ResponseEntity mx.edu.utez.umeca.modules.imputado.ImputadoController.findAll(java.lang.String); target is of class [mx.edu.utez.umeca.modules.imputado.ImputadoController]
2026-10-08T08:37:00.580-06:00 DEBUG 2252 --- [http-nio-0.0.0.0-8089-exec-9] o.s.security.web.FilterChainProxy        : Securing GET /api/imputados/expedientes-pendientes-count
2026-10-08T08:37:00.580-06:00 DEBUG 2252 --- [http-nio-0.0.0.0-8089-exec-7] o.s.security.web.FilterChainProxy        : Securing GET /api/control-oficios/contadores
2026-10-08T08:37:00.583-06:00 DEBUG 2252 --- [http-nio-0.0.0.0-8089-exec-9] o.s.security.web.FilterChainProxy        : Secured GET /api/imputados/expedientes-pendientes-count
2026-10-08T08:37:00.583-06:00 DEBUG 2252 --- [http-nio-0.0.0.0-8089-exec-7] o.s.security.web.FilterChainProxy        : Secured GET /api/control-oficios/contadores
2026-10-08T08:37:00.584-06:00 DEBUG 2252 --- [http-nio-0.0.0.0-8089-exec-9] horizationManagerBeforeMethodInterceptor : Authorizing method invocation ReflectiveMethodInvocation: public org.springframework.http.ResponseEntity mx.edu.utez.umeca.modules.imputado.ImputadoController.expedientesPendientesCount(org.springframework.security.core.Authentication); target is of class [mx.edu.utez.umeca.modules.imputado.ImputadoController]
2026-10-08T08:37:00.584-06:00 DEBUG 2252 --- [http-nio-0.0.0.0-8089-exec-6] o.s.security.web.FilterChainProxy        : Securing GET /api/correspondencia/contadores
2026-10-08T08:37:00.584-06:00 DEBUG 2252 --- [http-nio-0.0.0.0-8089-exec-9] horizationManagerBeforeMethodInterceptor : Authorized method invocation ReflectiveMethodInvocation: public org.springframework.http.ResponseEntity mx.edu.utez.umeca.modules.imputado.ImputadoController.expedientesPendientesCount(org.springframework.security.core.Authentication); target is of class [mx.edu.utez.umeca.modules.imputado.ImputadoController]
2026-10-08T08:37:00.584-06:00 DEBUG 2252 --- [http-nio-0.0.0.0-8089-exec-7] horizationManagerBeforeMethodInterceptor : Authorizing method invocation ReflectiveMethodInvocation: public org.springframework.http.ResponseEntity mx.edu.utez.umeca.modules.controloficio.ControlOficioController.getContadores(); target is of class [mx.edu.utez.umeca.modules.controloficio.ControlOficioController]
2026-10-08T08:37:00.584-06:00 DEBUG 2252 --- [http-nio-0.0.0.0-8089-exec-7] horizationManagerBeforeMethodInterceptor : Authorized method invocation ReflectiveMethodInvocation: public org.springframework.http.ResponseEntity mx.edu.utez.umeca.modules.controloficio.ControlOficioController.getContadores(); target is of class [mx.edu.utez.umeca.modules.controloficio.ControlOficioController]
2026-10-08T08:37:00.588-06:00 DEBUG 2252 --- [http-nio-0.0.0.0-8089-exec-6] o.s.security.web.FilterChainProxy        : Secured GET /api/correspondencia/contadores
2026-10-08T08:37:00.588-06:00 DEBUG 2252 --- [http-nio-0.0.0.0-8089-exec-6] horizationManagerBeforeMethodInterceptor : Authorizing method invocation ReflectiveMethodInvocation: public org.springframework.http.ResponseEntity mx.edu.utez.umeca.modules.correspondencia.CorrespondenciaController.contadores(); target is of class [mx.edu.utez.umeca.modules.correspondencia.CorrespondenciaController]
2026-10-08T08:37:00.588-06:00 DEBUG 2252 --- [http-nio-0.0.0.0-8089-exec-6] horizationManagerBeforeMethodInterceptor : Authorized method invocation ReflectiveMethodInvocation: public org.springframework.http.ResponseEntity mx.edu.utez.umeca.modules.correspondencia.CorrespondenciaController.contadores(); target is of class [mx.edu.utez.umeca.modules.correspondencia.CorrespondenciaController]
2026-10-08T08:37:00.594-06:00 DEBUG 2252 --- [http-nio-0.0.0.0-8089-exec-8] o.s.security.web.FilterChainProxy        : Securing GET /api/imputados
2026-10-08T08:37:00.601-06:00 DEBUG 2252 --- [http-nio-0.0.0.0-8089-exec-8] o.s.security.web.FilterChainProxy        : Secured GET /api/imputados
2026-10-08T08:37:00.602-06:00 DEBUG 2252 --- [http-nio-0.0.0.0-8089-exec-8] horizationManagerBeforeMethodInterceptor : Authorizing method invocation ReflectiveMethodInvocation: public org.springframework.http.ResponseEntity mx.edu.utez.umeca.modules.imputado.ImputadoController.findAll(java.lang.String); target is of class [mx.edu.utez.umeca.modules.imputado.ImputadoController]
2026-10-08T08:37:00.602-06:00 DEBUG 2252 --- [http-nio-0.0.0.0-8089-exec-8] horizationManagerBeforeMethodInterceptor : Authorized method invocation ReflectiveMethodInvocation: public org.springframework.http.ResponseEntity mx.edu.utez.umeca.modules.imputado.ImputadoController.findAll(java.lang.String); target is of class [mx.edu.utez.umeca.modules.imputado.ImputadoController]
2026-10-08T08:37:02.752-06:00 DEBUG 2252 --- [http-nio-0.0.0.0-8089-exec-5] o.s.security.web.FilterChainProxy        : Securing GET /api/correspondencia/contadores
2026-10-08T08:37:02.752-06:00 DEBUG 2252 --- [http-nio-0.0.0.0-8089-exec-1] o.s.security.web.FilterChainProxy        : Securing GET /api/imputados
2026-10-08T08:37:02.752-06:00 DEBUG 2252 --- [http-nio-0.0.0.0-8089-exec-4] o.s.security.web.FilterChainProxy        : Securing GET /api/control-oficios/contadores
2026-10-08T08:37:02.753-06:00 DEBUG 2252 --- [http-nio-0.0.0.0-8089-exec-10] o.s.security.web.FilterChainProxy        : Securing GET /api/imputados/expedientes-pendientes-count
2026-10-08T08:37:02.758-06:00 DEBUG 2252 --- [http-nio-0.0.0.0-8089-exec-5] o.s.security.web.FilterChainProxy        : Secured GET /api/correspondencia/contadores
2026-10-08T08:37:02.758-06:00 DEBUG 2252 --- [http-nio-0.0.0.0-8089-exec-10] o.s.security.web.FilterChainProxy        : Secured GET /api/imputados/expedientes-pendientes-count
2026-10-08T08:37:02.758-06:00 DEBUG 2252 --- [http-nio-0.0.0.0-8089-exec-4] o.s.security.web.FilterChainProxy        : Secured GET /api/control-oficios/contadores
2026-10-08T08:37:02.758-06:00 DEBUG 2252 --- [http-nio-0.0.0.0-8089-exec-1] o.s.security.web.FilterChainProxy        : Secured GET /api/imputados
2026-10-08T08:37:02.758-06:00 DEBUG 2252 --- [http-nio-0.0.0.0-8089-exec-4] horizationManagerBeforeMethodInterceptor : Authorizing method invocation ReflectiveMethodInvocation: public org.springframework.http.ResponseEntity mx.edu.utez.umeca.modules.controloficio.ControlOficioController.getContadores(); target is of class [mx.edu.utez.umeca.modules.controloficio.ControlOficioController]
2026-10-08T08:37:02.758-06:00 DEBUG 2252 --- [http-nio-0.0.0.0-8089-exec-5] horizationManagerBeforeMethodInterceptor : Authorizing method invocation ReflectiveMethodInvocation: public org.springframework.http.ResponseEntity mx.edu.utez.umeca.modules.correspondencia.CorrespondenciaController.contadores(); target is of class [mx.edu.utez.umeca.modules.correspondencia.CorrespondenciaController]
2026-10-08T08:37:02.758-06:00 DEBUG 2252 --- [http-nio-0.0.0.0-8089-exec-1] horizationManagerBeforeMethodInterceptor : Authorizing method invocation ReflectiveMethodInvocation: public org.springframework.http.ResponseEntity mx.edu.utez.umeca.modules.imputado.ImputadoController.findAll(java.lang.String); target is of class [mx.edu.utez.umeca.modules.imputado.ImputadoController]
2026-10-08T08:37:02.758-06:00 DEBUG 2252 --- [http-nio-0.0.0.0-8089-exec-10] horizationManagerBeforeMethodInterceptor : Authorizing method invocation ReflectiveMethodInvocation: public org.springframework.http.ResponseEntity mx.edu.utez.umeca.modules.imputado.ImputadoController.expedientesPendientesCount(org.springframework.security.core.Authentication); target is of class [mx.edu.utez.umeca.modules.imputado.ImputadoController]
2026-10-08T08:37:02.759-06:00 DEBUG 2252 --- [http-nio-0.0.0.0-8089-exec-5] horizationManagerBeforeMethodInterceptor : Authorized method invocation ReflectiveMethodInvocation: public org.springframework.http.ResponseEntity mx.edu.utez.umeca.modules.correspondencia.CorrespondenciaController.contadores(); target is of class [mx.edu.utez.umeca.modules.correspondencia.CorrespondenciaController]
2026-10-08T08:37:02.759-06:00 DEBUG 2252 --- [http-nio-0.0.0.0-8089-exec-4] horizationManagerBeforeMethodInterceptor : Authorized method invocation ReflectiveMethodInvocation: public org.springframework.http.ResponseEntity mx.edu.utez.umeca.modules.controloficio.ControlOficioController.getContadores(); target is of class [mx.edu.utez.umeca.modules.controloficio.ControlOficioController]
2026-10-08T08:37:02.759-06:00 DEBUG 2252 --- [http-nio-0.0.0.0-8089-exec-1] horizationManagerBeforeMethodInterceptor : Authorized method invocation ReflectiveMethodInvocation: public org.springframework.http.ResponseEntity mx.edu.utez.umeca.modules.imputado.ImputadoController.findAll(java.lang.String); target is of class [mx.edu.utez.umeca.modules.imputado.ImputadoController]
2026-10-08T08:37:02.759-06:00 DEBUG 2252 --- [http-nio-0.0.0.0-8089-exec-10] horizationManagerBeforeMethodInterceptor : Authorized method invocation ReflectiveMethodInvocation: public org.springframework.http.ResponseEntity mx.edu.utez.umeca.modules.imputado.ImputadoController.expedientesPendientesCount(org.springframework.security.core.Authentication); target is of class [mx.edu.utez.umeca.modules.imputado.ImputadoController]
2026-10-08T08:37:02.764-06:00 DEBUG 2252 --- [http-nio-0.0.0.0-8089-exec-3] o.s.security.web.FilterChainProxy        : Securing GET /api/control-oficios/contadores
2026-10-08T08:37:02.764-06:00 DEBUG 2252 --- [http-nio-0.0.0.0-8089-exec-9] o.s.security.web.FilterChainProxy        : Securing GET /api/imputados/expedientes-pendientes-count
2026-10-08T08:37:02.767-06:00 DEBUG 2252 --- [http-nio-0.0.0.0-8089-exec-7] o.s.security.web.FilterChainProxy        : Securing GET /api/correspondencia/contadores
2026-10-08T08:37:02.767-06:00 DEBUG 2252 --- [http-nio-0.0.0.0-8089-exec-9] o.s.security.web.FilterChainProxy        : Secured GET /api/imputados/expedientes-pendientes-count
2026-10-08T08:37:02.767-06:00 DEBUG 2252 --- [http-nio-0.0.0.0-8089-exec-3] o.s.security.web.FilterChainProxy        : Secured GET /api/control-oficios/contadores
2026-10-08T08:37:02.767-06:00 DEBUG 2252 --- [http-nio-0.0.0.0-8089-exec-9] horizationManagerBeforeMethodInterceptor : Authorizing method invocation ReflectiveMethodInvocation: public org.springframework.http.ResponseEntity mx.edu.utez.umeca.modules.imputado.ImputadoController.expedientesPendientesCount(org.springframework.security.core.Authentication); target is of class [mx.edu.utez.umeca.modules.imputado.ImputadoController]
2026-10-08T08:37:02.768-06:00 DEBUG 2252 --- [http-nio-0.0.0.0-8089-exec-3] horizationManagerBeforeMethodInterceptor : Authorizing method invocation ReflectiveMethodInvocation: public org.springframework.http.ResponseEntity mx.edu.utez.umeca.modules.controloficio.ControlOficioController.getContadores(); target is of class [mx.edu.utez.umeca.modules.controloficio.ControlOficioController]
2026-10-08T08:37:02.768-06:00 DEBUG 2252 --- [http-nio-0.0.0.0-8089-exec-9] horizationManagerBeforeMethodInterceptor : Authorized method invocation ReflectiveMethodInvocation: public org.springframework.http.ResponseEntity mx.edu.utez.umeca.modules.imputado.ImputadoController.expedientesPendientesCount(org.springframework.security.core.Authentication); target is of class [mx.edu.utez.umeca.modules.imputado.ImputadoController]
2026-10-08T08:37:02.768-06:00 DEBUG 2252 --- [http-nio-0.0.0.0-8089-exec-3] horizationManagerBeforeMethodInterceptor : Authorized method invocation ReflectiveMethodInvocation: public org.springframework.http.ResponseEntity mx.edu.utez.umeca.modules.controloficio.ControlOficioController.getContadores(); target is of class [mx.edu.utez.umeca.modules.controloficio.ControlOficioController]
2026-10-08T08:37:02.770-06:00 DEBUG 2252 --- [http-nio-0.0.0.0-8089-exec-7] o.s.security.web.FilterChainProxy        : Secured GET /api/correspondencia/contadores
2026-10-08T08:37:02.770-06:00 DEBUG 2252 --- [http-nio-0.0.0.0-8089-exec-7] horizationManagerBeforeMethodInterceptor : Authorizing method invocation ReflectiveMethodInvocation: public org.springframework.http.ResponseEntity mx.edu.utez.umeca.modules.correspondencia.CorrespondenciaController.contadores(); target is of class [mx.edu.utez.umeca.modules.correspondencia.CorrespondenciaController]
2026-10-08T08:37:02.771-06:00 DEBUG 2252 --- [http-nio-0.0.0.0-8089-exec-7] horizationManagerBeforeMethodInterceptor : Authorized method invocation ReflectiveMethodInvocation: public org.springframework.http.ResponseEntity mx.edu.utez.umeca.modules.correspondencia.CorrespondenciaController.contadores(); target is of class [mx.edu.utez.umeca.modules.correspondencia.CorrespondenciaController]
2026-10-08T08:37:02.775-06:00 DEBUG 2252 --- [http-nio-0.0.0.0-8089-exec-6] o.s.security.web.FilterChainProxy        : Securing GET /api/imputados
2026-10-08T08:37:02.778-06:00 DEBUG 2252 --- [http-nio-0.0.0.0-8089-exec-6] o.s.security.web.FilterChainProxy        : Secured GET /api/imputados
2026-10-08T08:37:02.779-06:00 DEBUG 2252 --- [http-nio-0.0.0.0-8089-exec-6] horizationManagerBeforeMethodInterceptor : Authorizing method invocation ReflectiveMethodInvocation: public org.springframework.http.ResponseEntity mx.edu.utez.umeca.modules.imputado.ImputadoController.findAll(java.lang.String); target is of class [mx.edu.utez.umeca.modules.imputado.ImputadoController]
2026-10-08T08:37:02.779-06:00 DEBUG 2252 --- [http-nio-0.0.0.0-8089-exec-6] horizationManagerBeforeMethodInterceptor : Authorized method invocation ReflectiveMethodInvocation: public org.springframework.http.ResponseEntity mx.edu.utez.umeca.modules.imputado.ImputadoController.findAll(java.lang.String); target is of class [mx.edu.utez.umeca.modules.imputado.ImputadoController]
2026-10-08T08:37:05.289-06:00 DEBUG 2252 --- [http-nio-0.0.0.0-8089-exec-8] o.s.security.web.FilterChainProxy        : Securing OPTIONS /api/seguimientos/imputado/1
2026-10-08T08:37:05.289-06:00 DEBUG 2252 --- [http-nio-0.0.0.0-8089-exec-2] o.s.security.web.FilterChainProxy        : Securing OPTIONS /api/imputados/1
2026-10-08T08:37:05.291-06:00 DEBUG 2252 --- [http-nio-0.0.0.0-8089-exec-4] o.s.security.web.FilterChainProxy        : Securing GET /api/imputados/1
2026-10-08T08:37:05.291-06:00 DEBUG 2252 --- [http-nio-0.0.0.0-8089-exec-10] o.s.security.web.FilterChainProxy        : Securing GET /api/seguimientos/imputado/1
2026-10-08T08:37:05.297-06:00 DEBUG 2252 --- [http-nio-0.0.0.0-8089-exec-10] o.s.security.web.FilterChainProxy        : Secured GET /api/seguimientos/imputado/1
2026-10-08T08:37:05.297-06:00 DEBUG 2252 --- [http-nio-0.0.0.0-8089-exec-4] o.s.security.web.FilterChainProxy        : Secured GET /api/imputados/1
2026-10-08T08:37:05.298-06:00 DEBUG 2252 --- [http-nio-0.0.0.0-8089-exec-10] horizationManagerBeforeMethodInterceptor : Authorizing method invocation ReflectiveMethodInvocation: public org.springframework.http.ResponseEntity mx.edu.utez.umeca.modules.seguimiento.SeguimientoController.porImputado(java.lang.Long); target is of class [mx.edu.utez.umeca.modules.seguimiento.SeguimientoController]
2026-10-08T08:37:05.298-06:00 DEBUG 2252 --- [http-nio-0.0.0.0-8089-exec-4] horizationManagerBeforeMethodInterceptor : Authorizing method invocation ReflectiveMethodInvocation: public org.springframework.http.ResponseEntity mx.edu.utez.umeca.modules.imputado.ImputadoController.findById(java.lang.Long); target is of class [mx.edu.utez.umeca.modules.imputado.ImputadoController]
2026-10-08T08:37:05.298-06:00 DEBUG 2252 --- [http-nio-0.0.0.0-8089-exec-10] horizationManagerBeforeMethodInterceptor : Authorized method invocation ReflectiveMethodInvocation: public org.springframework.http.ResponseEntity mx.edu.utez.umeca.modules.seguimiento.SeguimientoController.porImputado(java.lang.Long); target is of class [mx.edu.utez.umeca.modules.seguimiento.SeguimientoController]
2026-10-08T08:37:05.298-06:00 DEBUG 2252 --- [http-nio-0.0.0.0-8089-exec-4] horizationManagerBeforeMethodInterceptor : Authorized method invocation ReflectiveMethodInvocation: public org.springframework.http.ResponseEntity mx.edu.utez.umeca.modules.imputado.ImputadoController.findById(java.lang.Long); target is of class [mx.edu.utez.umeca.modules.imputado.ImputadoController]
2026-10-08T08:37:12.752-06:00 DEBUG 2252 --- [http-nio-0.0.0.0-8089-exec-9] o.s.security.web.FilterChainProxy        : Securing OPTIONS /api/correspondencia/contadores
2026-10-08T08:37:12.752-06:00 DEBUG 2252 --- [http-nio-0.0.0.0-8089-exec-5] o.s.security.web.FilterChainProxy        : Securing OPTIONS /api/control-oficios/contadores
2026-10-08T08:37:12.755-06:00 DEBUG 2252 --- [http-nio-0.0.0.0-8089-exec-3] o.s.security.web.FilterChainProxy        : Securing GET /api/correspondencia/contadores
2026-10-08T08:37:12.755-06:00 DEBUG 2252 --- [http-nio-0.0.0.0-8089-exec-7] o.s.security.web.FilterChainProxy        : Securing GET /api/control-oficios/contadores
2026-10-08T08:37:12.761-06:00 DEBUG 2252 --- [http-nio-0.0.0.0-8089-exec-7] o.s.security.web.FilterChainProxy        : Secured GET /api/control-oficios/contadores
2026-10-08T08:37:12.761-06:00 DEBUG 2252 --- [http-nio-0.0.0.0-8089-exec-3] o.s.security.web.FilterChainProxy        : Secured GET /api/correspondencia/contadores
2026-10-08T08:37:12.762-06:00 DEBUG 2252 --- [http-nio-0.0.0.0-8089-exec-7] horizationManagerBeforeMethodInterceptor : Authorizing method invocation ReflectiveMethodInvocation: public org.springframework.http.ResponseEntity mx.edu.utez.umeca.modules.controloficio.ControlOficioController.getContadores(); target is of class [mx.edu.utez.umeca.modules.controloficio.ControlOficioController]
2026-10-08T08:37:12.762-06:00 DEBUG 2252 --- [http-nio-0.0.0.0-8089-exec-3] horizationManagerBeforeMethodInterceptor : Authorizing method invocation ReflectiveMethodInvocation: public org.springframework.http.ResponseEntity mx.edu.utez.umeca.modules.correspondencia.CorrespondenciaController.contadores(); target is of class [mx.edu.utez.umeca.modules.correspondencia.CorrespondenciaController]
2026-10-08T08:37:12.763-06:00 DEBUG 2252 --- [http-nio-0.0.0.0-8089-exec-7] horizationManagerBeforeMethodInterceptor : Authorized method invocation ReflectiveMethodInvocation: public org.springframework.http.ResponseEntity mx.edu.utez.umeca.modules.controloficio.ControlOficioController.getContadores(); target is of class [mx.edu.utez.umeca.modules.controloficio.ControlOficioController]
2026-10-08T08:37:12.763-06:00 DEBUG 2252 --- [http-nio-0.0.0.0-8089-exec-3] horizationManagerBeforeMethodInterceptor : Authorized method invocation ReflectiveMethodInvocation: public org.springframework.http.ResponseEntity mx.edu.utez.umeca.modules.correspondencia.CorrespondenciaController.contadores(); target is of class [mx.edu.utez.umeca.modules.correspondencia.CorrespondenciaController]
2026-10-08T08:37:22.753-06:00 DEBUG 2252 --- [http-nio-0.0.0.0-8089-exec-1] o.s.security.web.FilterChainProxy        : Securing OPTIONS /api/correspondencia/contadores
2026-10-08T08:37:22.753-06:00 DEBUG 2252 --- [http-nio-0.0.0.0-8089-exec-6] o.s.security.web.FilterChainProxy        : Securing OPTIONS /api/control-oficios/contadores
2026-10-08T08:37:22.757-06:00 DEBUG 2252 --- [http-nio-0.0.0.0-8089-exec-8] o.s.security.web.FilterChainProxy        : Securing GET /api/correspondencia/contadores
2026-10-08T08:37:22.757-06:00 DEBUG 2252 --- [http-nio-0.0.0.0-8089-exec-2] o.s.security.web.FilterChainProxy        : Securing GET /api/control-oficios/contadores
2026-10-08T08:37:22.763-06:00 DEBUG 2252 --- [http-nio-0.0.0.0-8089-exec-2] o.s.security.web.FilterChainProxy        : Secured GET /api/control-oficios/contadores
2026-10-08T08:37:22.763-06:00 DEBUG 2252 --- [http-nio-0.0.0.0-8089-exec-8] o.s.security.web.FilterChainProxy        : Secured GET /api/correspondencia/contadores
2026-10-08T08:37:22.764-06:00 DEBUG 2252 --- [http-nio-0.0.0.0-8089-exec-2] horizationManagerBeforeMethodInterceptor : Authorizing method invocation ReflectiveMethodInvocation: public org.springframework.http.ResponseEntity mx.edu.utez.umeca.modules.controloficio.ControlOficioController.getContadores(); target is of class [mx.edu.utez.umeca.modules.controloficio.ControlOficioController]
2026-10-08T08:37:22.764-06:00 DEBUG 2252 --- [http-nio-0.0.0.0-8089-exec-8] horizationManagerBeforeMethodInterceptor : Authorizing method invocation ReflectiveMethodInvocation: public org.springframework.http.ResponseEntity mx.edu.utez.umeca.modules.correspondencia.CorrespondenciaController.contadores(); target is of class [mx.edu.utez.umeca.modules.correspondencia.CorrespondenciaController]
2026-10-08T08:37:22.764-06:00 DEBUG 2252 --- [http-nio-0.0.0.0-8089-exec-2] horizationManagerBeforeMethodInterceptor : Authorized method invocation ReflectiveMethodInvocation: public org.springframework.http.ResponseEntity mx.edu.utez.umeca.modules.controloficio.ControlOficioController.getContadores(); target is of class [mx.edu.utez.umeca.modules.controloficio.ControlOficioController]
2026-10-08T08:37:22.764-06:00 DEBUG 2252 --- [http-nio-0.0.0.0-8089-exec-8] horizationManagerBeforeMethodInterceptor : Authorized method invocation ReflectiveMethodInvocation: public org.springframework.http.ResponseEntity mx.edu.utez.umeca.modules.correspondencia.CorrespondenciaController.contadores(); target is of class [mx.edu.utez.umeca.modules.correspondencia.CorrespondenciaController]
2026-10-08T08:37:33.602-06:00 DEBUG 2252 --- [http-nio-0.0.0.0-8089-exec-10] o.s.security.web.FilterChainProxy        : Securing OPTIONS /api/correspondencia/contadores
2026-10-08T08:37:33.602-06:00 DEBUG 2252 --- [http-nio-0.0.0.0-8089-exec-5] o.s.security.web.FilterChainProxy        : Securing OPTIONS /api/imputados/expedientes-pendientes-count
2026-10-08T08:37:33.602-06:00 DEBUG 2252 --- [http-nio-0.0.0.0-8089-exec-4] o.s.security.web.FilterChainProxy        : Securing OPTIONS /api/control-oficios/contadores
2026-10-08T08:37:33.606-06:00 DEBUG 2252 --- [http-nio-0.0.0.0-8089-exec-3] o.s.security.web.FilterChainProxy        : Securing GET /api/imputados/expedientes-pendientes-count
2026-10-08T08:37:33.606-06:00 DEBUG 2252 --- [http-nio-0.0.0.0-8089-exec-9] o.s.security.web.FilterChainProxy        : Securing GET /api/correspondencia/contadores
2026-10-08T08:37:33.606-06:00 DEBUG 2252 --- [http-nio-0.0.0.0-8089-exec-7] o.s.security.web.FilterChainProxy        : Securing GET /api/control-oficios/contadores
2026-10-08T08:37:33.613-06:00 DEBUG 2252 --- [http-nio-0.0.0.0-8089-exec-3] o.s.security.web.FilterChainProxy        : Secured GET /api/imputados/expedientes-pendientes-count
2026-10-08T08:37:33.613-06:00 DEBUG 2252 --- [http-nio-0.0.0.0-8089-exec-9] o.s.security.web.FilterChainProxy        : Secured GET /api/correspondencia/contadores
2026-10-08T08:37:33.613-06:00 DEBUG 2252 --- [http-nio-0.0.0.0-8089-exec-7] o.s.security.web.FilterChainProxy        : Secured GET /api/control-oficios/contadores
2026-10-08T08:37:33.614-06:00 DEBUG 2252 --- [http-nio-0.0.0.0-8089-exec-3] horizationManagerBeforeMethodInterceptor : Authorizing method invocation ReflectiveMethodInvocation: public org.springframework.http.ResponseEntity mx.edu.utez.umeca.modules.imputado.ImputadoController.expedientesPendientesCount(org.springframework.security.core.Authentication); target is of class [mx.edu.utez.umeca.modules.imputado.ImputadoController]
2026-10-08T08:37:33.614-06:00 DEBUG 2252 --- [http-nio-0.0.0.0-8089-exec-7] horizationManagerBeforeMethodInterceptor : Authorizing method invocation ReflectiveMethodInvocation: public org.springframework.http.ResponseEntity mx.edu.utez.umeca.modules.controloficio.ControlOficioController.getContadores(); target is of class [mx.edu.utez.umeca.modules.controloficio.ControlOficioController]
2026-10-08T08:37:33.614-06:00 DEBUG 2252 --- [http-nio-0.0.0.0-8089-exec-9] horizationManagerBeforeMethodInterceptor : Authorizing method invocation ReflectiveMethodInvocation: public org.springframework.http.ResponseEntity mx.edu.utez.umeca.modules.correspondencia.CorrespondenciaController.contadores(); target is of class [mx.edu.utez.umeca.modules.correspondencia.CorrespondenciaController]
2026-10-08T08:37:33.615-06:00 DEBUG 2252 --- [http-nio-0.0.0.0-8089-exec-9] horizationManagerBeforeMethodInterceptor : Authorized method invocation ReflectiveMethodInvocation: public org.springframework.http.ResponseEntity mx.edu.utez.umeca.modules.correspondencia.CorrespondenciaController.contadores(); target is of class [mx.edu.utez.umeca.modules.correspondencia.CorrespondenciaController]
2026-10-08T08:37:33.615-06:00 DEBUG 2252 --- [http-nio-0.0.0.0-8089-exec-7] horizationManagerBeforeMethodInterceptor : Authorized method invocation ReflectiveMethodInvocation: public org.springframework.http.ResponseEntity mx.edu.utez.umeca.modules.controloficio.ControlOficioController.getContadores(); target is of class [mx.edu.utez.umeca.modules.controloficio.ControlOficioController]
2026-10-08T08:37:33.615-06:00 DEBUG 2252 --- [http-nio-0.0.0.0-8089-exec-3] horizationManagerBeforeMethodInterceptor : Authorized method invocation ReflectiveMethodInvocation: public org.springframework.http.ResponseEntity mx.edu.utez.umeca.modules.imputado.ImputadoController.expedientesPendientesCount(org.springframework.security.core.Authentication); target is of class [mx.edu.utez.umeca.modules.imputado.ImputadoController]
2026-10-08T08:37:43.600-06:00 DEBUG 2252 --- [http-nio-0.0.0.0-8089-exec-1] o.s.security.web.FilterChainProxy        : Securing OPTIONS /api/correspondencia/contadores
2026-10-08T08:37:43.600-06:00 DEBUG 2252 --- [http-nio-0.0.0.0-8089-exec-6] o.s.security.web.FilterChainProxy        : Securing OPTIONS /api/control-oficios/contadores
2026-10-08T08:37:43.603-06:00 DEBUG 2252 --- [http-nio-0.0.0.0-8089-exec-2] o.s.security.web.FilterChainProxy        : Securing GET /api/control-oficios/contadores
2026-10-08T08:37:43.603-06:00 DEBUG 2252 --- [http-nio-0.0.0.0-8089-exec-8] o.s.security.web.FilterChainProxy        : Securing GET /api/correspondencia/contadores
2026-10-08T08:37:43.609-06:00 DEBUG 2252 --- [http-nio-0.0.0.0-8089-exec-2] o.s.security.web.FilterChainProxy        : Secured GET /api/control-oficios/contadores
2026-10-08T08:37:43.609-06:00 DEBUG 2252 --- [http-nio-0.0.0.0-8089-exec-8] o.s.security.web.FilterChainProxy        : Secured GET /api/correspondencia/contadores
2026-10-08T08:37:43.609-06:00 DEBUG 2252 --- [http-nio-0.0.0.0-8089-exec-2] horizationManagerBeforeMethodInterceptor : Authorizing method invocation ReflectiveMethodInvocation: public org.springframework.http.ResponseEntity mx.edu.utez.umeca.modules.controloficio.ControlOficioController.getContadores(); target is of class [mx.edu.utez.umeca.modules.controloficio.ControlOficioController]
2026-10-08T08:37:43.609-06:00 DEBUG 2252 --- [http-nio-0.0.0.0-8089-exec-8] horizationManagerBeforeMethodInterceptor : Authorizing method invocation ReflectiveMethodInvocation: public org.springframework.http.ResponseEntity mx.edu.utez.umeca.modules.correspondencia.CorrespondenciaController.contadores(); target is of class [mx.edu.utez.umeca.modules.correspondencia.CorrespondenciaController]
2026-10-08T08:37:43.610-06:00 DEBUG 2252 --- [http-nio-0.0.0.0-8089-exec-2] horizationManagerBeforeMethodInterceptor : Authorized method invocation ReflectiveMethodInvocation: public org.springframework.http.ResponseEntity mx.edu.utez.umeca.modules.controloficio.ControlOficioController.getContadores(); target is of class [mx.edu.utez.umeca.modules.controloficio.ControlOficioController]
2026-10-08T08:37:43.610-06:00 DEBUG 2252 --- [http-nio-0.0.0.0-8089-exec-8] horizationManagerBeforeMethodInterceptor : Authorized method invocation ReflectiveMethodInvocation: public org.springframework.http.ResponseEntity mx.edu.utez.umeca.modules.correspondencia.CorrespondenciaController.contadores(); target is of class [mx.edu.utez.umeca.modules.correspondencia.CorrespondenciaController]
2026-10-08T08:37:53.602-06:00 DEBUG 2252 --- [http-nio-0.0.0.0-8089-exec-5] o.s.security.web.FilterChainProxy        : Securing OPTIONS /api/control-oficios/contadores
2026-10-08T08:37:53.602-06:00 DEBUG 2252 --- [http-nio-0.0.0.0-8089-exec-4] o.s.security.web.FilterChainProxy        : Securing OPTIONS /api/correspondencia/contadores
2026-10-08T08:37:53.604-06:00 DEBUG 2252 --- [http-nio-0.0.0.0-8089-exec-3] o.s.security.web.FilterChainProxy        : Securing GET /api/correspondencia/contadores
2026-10-08T08:37:53.604-06:00 DEBUG 2252 --- [http-nio-0.0.0.0-8089-exec-10] o.s.security.web.FilterChainProxy        : Securing GET /api/control-oficios/contadores
2026-10-08T08:37:53.612-06:00 DEBUG 2252 --- [http-nio-0.0.0.0-8089-exec-3] o.s.security.web.FilterChainProxy        : Secured GET /api/correspondencia/contadores
2026-10-08T08:37:53.612-06:00 DEBUG 2252 --- [http-nio-0.0.0.0-8089-exec-10] o.s.security.web.FilterChainProxy        : Secured GET /api/control-oficios/contadores
2026-10-08T08:37:53.612-06:00 DEBUG 2252 --- [http-nio-0.0.0.0-8089-exec-10] horizationManagerBeforeMethodInterceptor : Authorizing method invocation ReflectiveMethodInvocation: public org.springframework.http.ResponseEntity mx.edu.utez.umeca.modules.controloficio.ControlOficioController.getContadores(); target is of class [mx.edu.utez.umeca.modules.controloficio.ControlOficioController]
2026-10-08T08:37:53.612-06:00 DEBUG 2252 --- [http-nio-0.0.0.0-8089-exec-3] horizationManagerBeforeMethodInterceptor : Authorizing method invocation ReflectiveMethodInvocation: public org.springframework.http.ResponseEntity mx.edu.utez.umeca.modules.correspondencia.CorrespondenciaController.contadores(); target is of class [mx.edu.utez.umeca.modules.correspondencia.CorrespondenciaController]
2026-10-08T08:37:53.613-06:00 DEBUG 2252 --- [http-nio-0.0.0.0-8089-exec-10] horizationManagerBeforeMethodInterceptor : Authorized method invocation ReflectiveMethodInvocation: public org.springframework.http.ResponseEntity mx.edu.utez.umeca.modules.controloficio.ControlOficioController.getContadores(); target is of class [mx.edu.utez.umeca.modules.controloficio.ControlOficioController]
2026-10-08T08:37:53.613-06:00 DEBUG 2252 --- [http-nio-0.0.0.0-8089-exec-3] horizationManagerBeforeMethodInterceptor : Authorized method invocation ReflectiveMethodInvocation: public org.springframework.http.ResponseEntity mx.edu.utez.umeca.modules.correspondencia.CorrespondenciaController.contadores(); target is of class [mx.edu.utez.umeca.modules.correspondencia.CorrespondenciaController]
2026-10-08T08:38:03.601-06:00 DEBUG 2252 --- [http-nio-0.0.0.0-8089-exec-9] o.s.security.web.FilterChainProxy        : Securing OPTIONS /api/imputados/expedientes-pendientes-count
2026-10-08T08:38:03.601-06:00 DEBUG 2252 --- [http-nio-0.0.0.0-8089-exec-7] o.s.security.web.FilterChainProxy        : Securing OPTIONS /api/correspondencia/contadores
2026-10-08T08:38:03.601-06:00 DEBUG 2252 --- [http-nio-0.0.0.0-8089-exec-6] o.s.security.web.FilterChainProxy        : Securing OPTIONS /api/control-oficios/contadores
2026-10-08T08:38:03.604-06:00 DEBUG 2252 --- [http-nio-0.0.0.0-8089-exec-2] o.s.security.web.FilterChainProxy        : Securing GET /api/correspondencia/contadores
2026-10-08T08:38:03.604-06:00 DEBUG 2252 --- [http-nio-0.0.0.0-8089-exec-1] o.s.security.web.FilterChainProxy        : Securing GET /api/control-oficios/contadores
2026-10-08T08:38:03.605-06:00 DEBUG 2252 --- [http-nio-0.0.0.0-8089-exec-8] o.s.security.web.FilterChainProxy        : Securing GET /api/imputados/expedientes-pendientes-count
2026-10-08T08:38:03.611-06:00 DEBUG 2252 --- [http-nio-0.0.0.0-8089-exec-2] o.s.security.web.FilterChainProxy        : Secured GET /api/correspondencia/contadores
2026-10-08T08:38:03.611-06:00 DEBUG 2252 --- [http-nio-0.0.0.0-8089-exec-1] o.s.security.web.FilterChainProxy        : Secured GET /api/control-oficios/contadores
2026-10-08T08:38:03.611-06:00 DEBUG 2252 --- [http-nio-0.0.0.0-8089-exec-8] o.s.security.web.FilterChainProxy        : Secured GET /api/imputados/expedientes-pendientes-count
2026-10-08T08:38:03.611-06:00 DEBUG 2252 --- [http-nio-0.0.0.0-8089-exec-1] horizationManagerBeforeMethodInterceptor : Authorizing method invocation ReflectiveMethodInvocation: public org.springframework.http.ResponseEntity mx.edu.utez.umeca.modules.controloficio.ControlOficioController.getContadores(); target is of class [mx.edu.utez.umeca.modules.controloficio.ControlOficioController]
2026-10-08T08:38:03.611-06:00 DEBUG 2252 --- [http-nio-0.0.0.0-8089-exec-8] horizationManagerBeforeMethodInterceptor : Authorizing method invocation ReflectiveMethodInvocation: public org.springframework.http.ResponseEntity mx.edu.utez.umeca.modules.imputado.ImputadoController.expedientesPendientesCount(org.springframework.security.core.Authentication); target is of class [mx.edu.utez.umeca.modules.imputado.ImputadoController]
2026-10-08T08:38:03.611-06:00 DEBUG 2252 --- [http-nio-0.0.0.0-8089-exec-2] horizationManagerBeforeMethodInterceptor : Authorizing method invocation ReflectiveMethodInvocation: public org.springframework.http.ResponseEntity mx.edu.utez.umeca.modules.correspondencia.CorrespondenciaController.contadores(); target is of class [mx.edu.utez.umeca.modules.correspondencia.CorrespondenciaController]
2026-10-08T08:38:03.611-06:00 DEBUG 2252 --- [http-nio-0.0.0.0-8089-exec-1] horizationManagerBeforeMethodInterceptor : Authorized method invocation ReflectiveMethodInvocation: public org.springframework.http.ResponseEntity mx.edu.utez.umeca.modules.controloficio.ControlOficioController.getContadores(); target is of class [mx.edu.utez.umeca.modules.controloficio.ControlOficioController]
2026-10-08T08:38:03.611-06:00 DEBUG 2252 --- [http-nio-0.0.0.0-8089-exec-2] horizationManagerBeforeMethodInterceptor : Authorized method invocation ReflectiveMethodInvocation: public org.springframework.http.ResponseEntity mx.edu.utez.umeca.modules.correspondencia.CorrespondenciaController.contadores(); target is of class [mx.edu.utez.umeca.modules.correspondencia.CorrespondenciaController]
2026-10-08T08:38:03.611-06:00 DEBUG 2252 --- [http-nio-0.0.0.0-8089-exec-8] horizationManagerBeforeMethodInterceptor : Authorized method invocation ReflectiveMethodInvocation: public org.springframework.http.ResponseEntity mx.edu.utez.umeca.modules.imputado.ImputadoController.expedientesPendientesCount(org.springframework.security.core.Authentication); target is of class [mx.edu.utez.umeca.modules.imputado.ImputadoController]
2026-10-08T08:38:13.600-06:00 DEBUG 2252 --- [http-nio-0.0.0.0-8089-exec-7] o.s.security.web.FilterChainProxy        : Securing OPTIONS /api/control-oficios/contadores
2026-10-08T08:38:13.600-06:00 DEBUG 2252 --- [http-nio-0.0.0.0-8089-exec-3] o.s.security.web.FilterChainProxy        : Securing OPTIONS /api/correspondencia/contadores
2026-10-08T08:38:13.604-06:00 DEBUG 2252 --- [http-nio-0.0.0.0-8089-exec-6] o.s.security.web.FilterChainProxy        : Securing GET /api/correspondencia/contadores
2026-10-08T08:38:13.604-06:00 DEBUG 2252 --- [http-nio-0.0.0.0-8089-exec-9] o.s.security.web.FilterChainProxy        : Securing GET /api/control-oficios/contadores
2026-10-08T08:38:13.612-06:00 DEBUG 2252 --- [http-nio-0.0.0.0-8089-exec-9] o.s.security.web.FilterChainProxy        : Secured GET /api/control-oficios/contadores
2026-10-08T08:38:13.612-06:00 DEBUG 2252 --- [http-nio-0.0.0.0-8089-exec-6] o.s.security.web.FilterChainProxy        : Secured GET /api/correspondencia/contadores
2026-10-08T08:38:13.612-06:00 DEBUG 2252 --- [http-nio-0.0.0.0-8089-exec-9] horizationManagerBeforeMethodInterceptor : Authorizing method invocation ReflectiveMethodInvocation: public org.springframework.http.ResponseEntity mx.edu.utez.umeca.modules.controloficio.ControlOficioController.getContadores(); target is of class [mx.edu.utez.umeca.modules.controloficio.ControlOficioController]
2026-10-08T08:38:13.612-06:00 DEBUG 2252 --- [http-nio-0.0.0.0-8089-exec-6] horizationManagerBeforeMethodInterceptor : Authorizing method invocation ReflectiveMethodInvocation: public org.springframework.http.ResponseEntity mx.edu.utez.umeca.modules.correspondencia.CorrespondenciaController.contadores(); target is of class [mx.edu.utez.umeca.modules.correspondencia.CorrespondenciaController]
2026-10-08T08:38:13.613-06:00 DEBUG 2252 --- [http-nio-0.0.0.0-8089-exec-9] horizationManagerBeforeMethodInterceptor : Authorized method invocation ReflectiveMethodInvocation: public org.springframework.http.ResponseEntity mx.edu.utez.umeca.modules.controloficio.ControlOficioController.getContadores(); target is of class [mx.edu.utez.umeca.modules.controloficio.ControlOficioController]
2026-10-08T08:38:13.613-06:00 DEBUG 2252 --- [http-nio-0.0.0.0-8089-exec-6] horizationManagerBeforeMethodInterceptor : Authorized method invocation ReflectiveMethodInvocation: public org.springframework.http.ResponseEntity mx.edu.utez.umeca.modules.correspondencia.CorrespondenciaController.contadores(); target is of class [mx.edu.utez.umeca.modules.correspondencia.CorrespondenciaController]
2026-10-08T08:38:23.601-06:00 DEBUG 2252 --- [http-nio-0.0.0.0-8089-exec-1] o.s.security.web.FilterChainProxy        : Securing OPTIONS /api/control-oficios/contadores
2026-10-08T08:38:23.601-06:00 DEBUG 2252 --- [http-nio-0.0.0.0-8089-exec-8] o.s.security.web.FilterChainProxy        : Securing OPTIONS /api/correspondencia/contadores
2026-10-08T08:38:23.604-06:00 DEBUG 2252 --- [http-nio-0.0.0.0-8089-exec-2] o.s.security.web.FilterChainProxy        : Securing GET /api/control-oficios/contadores
2026-10-08T08:38:23.604-06:00 DEBUG 2252 --- [http-nio-0.0.0.0-8089-exec-4] o.s.security.web.FilterChainProxy        : Securing GET /api/correspondencia/contadores
2026-10-08T08:38:23.612-06:00 DEBUG 2252 --- [http-nio-0.0.0.0-8089-exec-2] o.s.security.web.FilterChainProxy        : Secured GET /api/control-oficios/contadores
2026-10-08T08:38:23.612-06:00 DEBUG 2252 --- [http-nio-0.0.0.0-8089-exec-4] o.s.security.web.FilterChainProxy        : Secured GET /api/correspondencia/contadores
2026-10-08T08:38:23.613-06:00 DEBUG 2252 --- [http-nio-0.0.0.0-8089-exec-2] horizationManagerBeforeMethodInterceptor : Authorizing method invocation ReflectiveMethodInvocation: public org.springframework.http.ResponseEntity mx.edu.utez.umeca.modules.controloficio.ControlOficioController.getContadores(); target is of class [mx.edu.utez.umeca.modules.controloficio.ControlOficioController]
2026-10-08T08:38:23.613-06:00 DEBUG 2252 --- [http-nio-0.0.0.0-8089-exec-4] horizationManagerBeforeMethodInterceptor : Authorizing method invocation ReflectiveMethodInvocation: public org.springframework.http.ResponseEntity mx.edu.utez.umeca.modules.correspondencia.CorrespondenciaController.contadores(); target is of class [mx.edu.utez.umeca.modules.correspondencia.CorrespondenciaController]
2026-10-08T08:38:23.613-06:00 DEBUG 2252 --- [http-nio-0.0.0.0-8089-exec-2] horizationManagerBeforeMethodInterceptor : Authorized method invocation ReflectiveMethodInvocation: public org.springframework.http.ResponseEntity mx.edu.utez.umeca.modules.controloficio.ControlOficioController.getContadores(); target is of class [mx.edu.utez.umeca.modules.controloficio.ControlOficioController]
2026-10-08T08:38:23.613-06:00 DEBUG 2252 --- [http-nio-0.0.0.0-8089-exec-4] horizationManagerBeforeMethodInterceptor : Authorized method invocation ReflectiveMethodInvocation: public org.springframework.http.ResponseEntity mx.edu.utez.umeca.modules.correspondencia.CorrespondenciaController.contadores(); target is of class [mx.edu.utez.umeca.modules.correspondencia.CorrespondenciaController]
2026-10-08T08:38:33.602-06:00 DEBUG 2252 --- [http-nio-0.0.0.0-8089-exec-5] o.s.security.web.FilterChainProxy        : Securing OPTIONS /api/imputados/expedientes-pendientes-count
2026-10-08T08:38:33.606-06:00 DEBUG 2252 --- [http-nio-0.0.0.0-8089-exec-10] o.s.security.web.FilterChainProxy        : Securing GET /api/imputados/expedientes-pendientes-count
2026-10-08T08:38:33.611-06:00 DEBUG 2252 --- [http-nio-0.0.0.0-8089-exec-10] o.s.security.web.FilterChainProxy        : Secured GET /api/imputados/expedientes-pendientes-count
2026-10-08T08:38:33.612-06:00 DEBUG 2252 --- [http-nio-0.0.0.0-8089-exec-10] horizationManagerBeforeMethodInterceptor : Authorizing method invocation ReflectiveMethodInvocation: public org.springframework.http.ResponseEntity mx.edu.utez.umeca.modules.imputado.ImputadoController.expedientesPendientesCount(org.springframework.security.core.Authentication); target is of class [mx.edu.utez.umeca.modules.imputado.ImputadoController]
2026-10-08T08:38:33.612-06:00 DEBUG 2252 --- [http-nio-0.0.0.0-8089-exec-10] horizationManagerBeforeMethodInterceptor : Authorized method invocation ReflectiveMethodInvocation: public org.springframework.http.ResponseEntity mx.edu.utez.umeca.modules.imputado.ImputadoController.expedientesPendientesCount(org.springframework.security.core.Authentication); target is of class [mx.edu.utez.umeca.modules.imputado.ImputadoController]
2026-10-08T08:38:34.183-06:00 DEBUG 2252 --- [http-nio-0.0.0.0-8089-exec-7] o.s.security.web.FilterChainProxy        : Securing OPTIONS /api/correspondencia/contadores
2026-10-08T08:38:34.185-06:00 DEBUG 2252 --- [http-nio-0.0.0.0-8089-exec-3] o.s.security.web.FilterChainProxy        : Securing GET /api/correspondencia/contadores
2026-10-08T08:38:34.192-06:00 DEBUG 2252 --- [http-nio-0.0.0.0-8089-exec-3] o.s.security.web.FilterChainProxy        : Secured GET /api/correspondencia/contadores
2026-10-08T08:38:34.194-06:00 DEBUG 2252 --- [http-nio-0.0.0.0-8089-exec-3] horizationManagerBeforeMethodInterceptor : Authorizing method invocation ReflectiveMethodInvocation: public org.springframework.http.ResponseEntity mx.edu.utez.umeca.modules.correspondencia.CorrespondenciaController.contadores(); target is of class [mx.edu.utez.umeca.modules.correspondencia.CorrespondenciaController]
2026-10-08T08:38:34.195-06:00 DEBUG 2252 --- [http-nio-0.0.0.0-8089-exec-3] horizationManagerBeforeMethodInterceptor : Authorized method invocation ReflectiveMethodInvocation: public org.springframework.http.ResponseEntity mx.edu.utez.umeca.modules.correspondencia.CorrespondenciaController.contadores(); target is of class [mx.edu.utez.umeca.modules.correspondencia.CorrespondenciaController]
2026-10-08T08:38:34.197-06:00 DEBUG 2252 --- [http-nio-0.0.0.0-8089-exec-9] o.s.security.web.FilterChainProxy        : Securing OPTIONS /api/control-oficios/contadores
2026-10-08T08:38:34.201-06:00 DEBUG 2252 --- [http-nio-0.0.0.0-8089-exec-6] o.s.security.web.FilterChainProxy        : Securing GET /api/control-oficios/contadores
2026-10-08T08:38:34.205-06:00 DEBUG 2252 --- [http-nio-0.0.0.0-8089-exec-6] o.s.security.web.FilterChainProxy        : Secured GET /api/control-oficios/contadores
2026-10-08T08:38:34.205-06:00 DEBUG 2252 --- [http-nio-0.0.0.0-8089-exec-6] horizationManagerBeforeMethodInterceptor : Authorizing method invocation ReflectiveMethodInvocation: public org.springframework.http.ResponseEntity mx.edu.utez.umeca.modules.controloficio.ControlOficioController.getContadores(); target is of class [mx.edu.utez.umeca.modules.controloficio.ControlOficioController]
2026-10-08T08:38:34.205-06:00 DEBUG 2252 --- [http-nio-0.0.0.0-8089-exec-6] horizationManagerBeforeMethodInterceptor : Authorized method invocation ReflectiveMethodInvocation: public org.springframework.http.ResponseEntity mx.edu.utez.umeca.modules.controloficio.ControlOficioController.getContadores(); target is of class [mx.edu.utez.umeca.modules.controloficio.ControlOficioController]
2026-10-08T08:38:42.751-06:00 DEBUG 2252 --- [http-nio-0.0.0.0-8089-exec-1] o.s.security.web.FilterChainProxy        : Securing OPTIONS /api/correspondencia/contadores
2026-10-08T08:38:42.751-06:00 DEBUG 2252 --- [http-nio-0.0.0.0-8089-exec-8] o.s.security.web.FilterChainProxy        : Securing OPTIONS /api/control-oficios/contadores
2026-10-08T08:38:42.754-06:00 DEBUG 2252 --- [http-nio-0.0.0.0-8089-exec-2] o.s.security.web.FilterChainProxy        : Securing GET /api/correspondencia/contadores
2026-10-08T08:38:42.754-06:00 DEBUG 2252 --- [http-nio-0.0.0.0-8089-exec-4] o.s.security.web.FilterChainProxy        : Securing GET /api/control-oficios/contadores
2026-10-08T08:38:42.758-06:00 DEBUG 2252 --- [http-nio-0.0.0.0-8089-exec-2] o.s.security.web.FilterChainProxy        : Secured GET /api/correspondencia/contadores
2026-10-08T08:38:42.758-06:00 DEBUG 2252 --- [http-nio-0.0.0.0-8089-exec-4] o.s.security.web.FilterChainProxy        : Secured GET /api/control-oficios/contadores
2026-10-08T08:38:42.759-06:00 DEBUG 2252 --- [http-nio-0.0.0.0-8089-exec-2] horizationManagerBeforeMethodInterceptor : Authorizing method invocation ReflectiveMethodInvocation: public org.springframework.http.ResponseEntity mx.edu.utez.umeca.modules.correspondencia.CorrespondenciaController.contadores(); target is of class [mx.edu.utez.umeca.modules.correspondencia.CorrespondenciaController]
2026-10-08T08:38:42.759-06:00 DEBUG 2252 --- [http-nio-0.0.0.0-8089-exec-4] horizationManagerBeforeMethodInterceptor : Authorizing method invocation ReflectiveMethodInvocation: public org.springframework.http.ResponseEntity mx.edu.utez.umeca.modules.controloficio.ControlOficioController.getContadores(); target is of class [mx.edu.utez.umeca.modules.controloficio.ControlOficioController]
2026-10-08T08:38:42.759-06:00 DEBUG 2252 --- [http-nio-0.0.0.0-8089-exec-2] horizationManagerBeforeMethodInterceptor : Authorized method invocation ReflectiveMethodInvocation: public org.springframework.http.ResponseEntity mx.edu.utez.umeca.modules.correspondencia.CorrespondenciaController.contadores(); target is of class [mx.edu.utez.umeca.modules.correspondencia.CorrespondenciaController]
2026-10-08T08:38:42.759-06:00 DEBUG 2252 --- [http-nio-0.0.0.0-8089-exec-4] horizationManagerBeforeMethodInterceptor : Authorized method invocation ReflectiveMethodInvocation: public org.springframework.http.ResponseEntity mx.edu.utez.umeca.modules.controloficio.ControlOficioController.getContadores(); target is of class [mx.edu.utez.umeca.modules.controloficio.ControlOficioController]
2026-10-08T08:38:46.071-06:00 DEBUG 2252 --- [http-nio-0.0.0.0-8089-exec-5] o.s.security.web.FilterChainProxy        : Securing OPTIONS /api/imputados/1/cierre-carpeta
2026-10-08T08:38:46.073-06:00 DEBUG 2252 --- [http-nio-0.0.0.0-8089-exec-10] o.s.security.web.FilterChainProxy        : Securing PATCH /api/imputados/1/cierre-carpeta
2026-10-08T08:38:46.079-06:00 DEBUG 2252 --- [http-nio-0.0.0.0-8089-exec-10] o.s.security.web.FilterChainProxy        : Secured PATCH /api/imputados/1/cierre-carpeta
2026-10-08T08:38:46.097-06:00 DEBUG 2252 --- [http-nio-0.0.0.0-8089-exec-10] horizationManagerBeforeMethodInterceptor : Authorizing method invocation ReflectiveMethodInvocation: public org.springframework.http.ResponseEntity mx.edu.utez.umeca.modules.imputado.ImputadoController.registrarCierreCarpeta(java.lang.Long,java.util.Map); target is of class [mx.edu.utez.umeca.modules.imputado.ImputadoController]
2026-10-08T08:38:46.097-06:00 DEBUG 2252 --- [http-nio-0.0.0.0-8089-exec-10] horizationManagerBeforeMethodInterceptor : Authorized method invocation ReflectiveMethodInvocation: public org.springframework.http.ResponseEntity mx.edu.utez.umeca.modules.imputado.ImputadoController.registrarCierreCarpeta(java.lang.Long,java.util.Map); target is of class [mx.edu.utez.umeca.modules.imputado.ImputadoController]
2026-10-08T08:38:46.174-06:00 DEBUG 2252 --- [http-nio-0.0.0.0-8089-exec-7] o.s.security.web.FilterChainProxy        : Securing OPTIONS /api/imputados
2026-10-08T08:38:46.176-06:00 DEBUG 2252 --- [http-nio-0.0.0.0-8089-exec-9] o.s.security.web.FilterChainProxy        : Securing GET /api/imputados
2026-10-08T08:38:46.180-06:00 DEBUG 2252 --- [http-nio-0.0.0.0-8089-exec-9] o.s.security.web.FilterChainProxy        : Secured GET /api/imputados
2026-10-08T08:38:46.180-06:00 DEBUG 2252 --- [http-nio-0.0.0.0-8089-exec-9] horizationManagerBeforeMethodInterceptor : Authorizing method invocation ReflectiveMethodInvocation: public org.springframework.http.ResponseEntity mx.edu.utez.umeca.modules.imputado.ImputadoController.findAll(java.lang.String); target is of class [mx.edu.utez.umeca.modules.imputado.ImputadoController]
2026-10-08T08:38:46.180-06:00 DEBUG 2252 --- [http-nio-0.0.0.0-8089-exec-9] horizationManagerBeforeMethodInterceptor : Authorized method invocation ReflectiveMethodInvocation: public org.springframework.http.ResponseEntity mx.edu.utez.umeca.modules.imputado.ImputadoController.findAll(java.lang.String); target is of class [mx.edu.utez.umeca.modules.imputado.ImputadoController]
2026-10-08T08:38:53.601-06:00 DEBUG 2252 --- [http-nio-0.0.0.0-8089-exec-6] o.s.security.web.FilterChainProxy        : Securing OPTIONS /api/control-oficios/contadores
2026-10-08T08:38:53.601-06:00 DEBUG 2252 --- [http-nio-0.0.0.0-8089-exec-3] o.s.security.web.FilterChainProxy        : Securing OPTIONS /api/correspondencia/contadores
2026-10-08T08:38:53.604-06:00 DEBUG 2252 --- [http-nio-0.0.0.0-8089-exec-8] o.s.security.web.FilterChainProxy        : Securing GET /api/control-oficios/contadores
2026-10-08T08:38:53.604-06:00 DEBUG 2252 --- [http-nio-0.0.0.0-8089-exec-1] o.s.security.web.FilterChainProxy        : Securing GET /api/correspondencia/contadores
2026-10-08T08:38:53.612-06:00 DEBUG 2252 --- [http-nio-0.0.0.0-8089-exec-1] o.s.security.web.FilterChainProxy        : Secured GET /api/correspondencia/contadores
2026-10-08T08:38:53.612-06:00 DEBUG 2252 --- [http-nio-0.0.0.0-8089-exec-8] o.s.security.web.FilterChainProxy        : Secured GET /api/control-oficios/contadores
2026-10-08T08:38:53.612-06:00 DEBUG 2252 --- [http-nio-0.0.0.0-8089-exec-8] horizationManagerBeforeMethodInterceptor : Authorizing method invocation ReflectiveMethodInvocation: public org.springframework.http.ResponseEntity mx.edu.utez.umeca.modules.controloficio.ControlOficioController.getContadores(); target is of class [mx.edu.utez.umeca.modules.controloficio.ControlOficioController]
2026-10-08T08:38:53.612-06:00 DEBUG 2252 --- [http-nio-0.0.0.0-8089-exec-1] horizationManagerBeforeMethodInterceptor : Authorizing method invocation ReflectiveMethodInvocation: public org.springframework.http.ResponseEntity mx.edu.utez.umeca.modules.correspondencia.CorrespondenciaController.contadores(); target is of class [mx.edu.utez.umeca.modules.correspondencia.CorrespondenciaController]
2026-10-08T08:38:53.612-06:00 DEBUG 2252 --- [http-nio-0.0.0.0-8089-exec-8] horizationManagerBeforeMethodInterceptor : Authorized method invocation ReflectiveMethodInvocation: public org.springframework.http.ResponseEntity mx.edu.utez.umeca.modules.controloficio.ControlOficioController.getContadores(); target is of class [mx.edu.utez.umeca.modules.controloficio.ControlOficioController]
2026-10-08T08:38:53.612-06:00 DEBUG 2252 --- [http-nio-0.0.0.0-8089-exec-1] horizationManagerBeforeMethodInterceptor : Authorized method invocation ReflectiveMethodInvocation: public org.springframework.http.ResponseEntity mx.edu.utez.umeca.modules.correspondencia.CorrespondenciaController.contadores(); target is of class [mx.edu.utez.umeca.modules.correspondencia.CorrespondenciaController]
2026-10-08T08:39:03.601-06:00 DEBUG 2252 --- [http-nio-0.0.0.0-8089-exec-5] o.s.security.web.FilterChainProxy        : Securing OPTIONS /api/imputados/expedientes-pendientes-count
2026-10-08T08:39:03.601-06:00 DEBUG 2252 --- [http-nio-0.0.0.0-8089-exec-4] o.s.security.web.FilterChainProxy        : Securing OPTIONS /api/correspondencia/contadores
2026-10-08T08:39:03.601-06:00 DEBUG 2252 --- [http-nio-0.0.0.0-8089-exec-2] o.s.security.web.FilterChainProxy        : Securing OPTIONS /api/control-oficios/contadores
2026-10-08T08:39:03.604-06:00 DEBUG 2252 --- [http-nio-0.0.0.0-8089-exec-10] o.s.security.web.FilterChainProxy        : Securing GET /api/correspondencia/contadores
2026-10-08T08:39:03.604-06:00 DEBUG 2252 --- [http-nio-0.0.0.0-8089-exec-7] o.s.security.web.FilterChainProxy        : Securing GET /api/imputados/expedientes-pendientes-count
2026-10-08T08:39:03.604-06:00 DEBUG 2252 --- [http-nio-0.0.0.0-8089-exec-9] o.s.security.web.FilterChainProxy        : Securing GET /api/control-oficios/contadores
2026-10-08T08:39:03.611-06:00 DEBUG 2252 --- [http-nio-0.0.0.0-8089-exec-9] o.s.security.web.FilterChainProxy        : Secured GET /api/control-oficios/contadores
2026-10-08T08:39:03.611-06:00 DEBUG 2252 --- [http-nio-0.0.0.0-8089-exec-10] o.s.security.web.FilterChainProxy        : Secured GET /api/correspondencia/contadores
2026-10-08T08:39:03.611-06:00 DEBUG 2252 --- [http-nio-0.0.0.0-8089-exec-7] o.s.security.web.FilterChainProxy        : Secured GET /api/imputados/expedientes-pendientes-count
2026-10-08T08:39:03.612-06:00 DEBUG 2252 --- [http-nio-0.0.0.0-8089-exec-7] horizationManagerBeforeMethodInterceptor : Authorizing method invocation ReflectiveMethodInvocation: public org.springframework.http.ResponseEntity mx.edu.utez.umeca.modules.imputado.ImputadoController.expedientesPendientesCount(org.springframework.security.core.Authentication); target is of class [mx.edu.utez.umeca.modules.imputado.ImputadoController]
2026-10-08T08:39:03.612-06:00 DEBUG 2252 --- [http-nio-0.0.0.0-8089-exec-10] horizationManagerBeforeMethodInterceptor : Authorizing method invocation ReflectiveMethodInvocation: public org.springframework.http.ResponseEntity mx.edu.utez.umeca.modules.correspondencia.CorrespondenciaController.contadores(); target is of class [mx.edu.utez.umeca.modules.correspondencia.CorrespondenciaController]
2026-10-08T08:39:03.612-06:00 DEBUG 2252 --- [http-nio-0.0.0.0-8089-exec-9] horizationManagerBeforeMethodInterceptor : Authorizing method invocation ReflectiveMethodInvocation: public org.springframework.http.ResponseEntity mx.edu.utez.umeca.modules.controloficio.ControlOficioController.getContadores(); target is of class [mx.edu.utez.umeca.modules.controloficio.ControlOficioController]
2026-10-08T08:39:03.612-06:00 DEBUG 2252 --- [http-nio-0.0.0.0-8089-exec-7] horizationManagerBeforeMethodInterceptor : Authorized method invocation ReflectiveMethodInvocation: public org.springframework.http.ResponseEntity mx.edu.utez.umeca.modules.imputado.ImputadoController.expedientesPendientesCount(org.springframework.security.core.Authentication); target is of class [mx.edu.utez.umeca.modules.imputado.ImputadoController]
2026-10-08T08:39:03.612-06:00 DEBUG 2252 --- [http-nio-0.0.0.0-8089-exec-9] horizationManagerBeforeMethodInterceptor : Authorized method invocation ReflectiveMethodInvocation: public org.springframework.http.ResponseEntity mx.edu.utez.umeca.modules.controloficio.ControlOficioController.getContadores(); target is of class [mx.edu.utez.umeca.modules.controloficio.ControlOficioController]
2026-10-08T08:39:03.612-06:00 DEBUG 2252 --- [http-nio-0.0.0.0-8089-exec-10] horizationManagerBeforeMethodInterceptor : Authorized method invocation ReflectiveMethodInvocation: public org.springframework.http.ResponseEntity mx.edu.utez.umeca.modules.correspondencia.CorrespondenciaController.contadores(); target is of class [mx.edu.utez.umeca.modules.correspondencia.CorrespondenciaController]
2026-10-08T08:39:09.630-06:00 DEBUG 2252 --- [http-nio-0.0.0.0-8089-exec-8] o.s.security.web.FilterChainProxy        : Securing OPTIONS /api/control-oficios/contadores
2026-10-08T08:39:09.630-06:00 DEBUG 2252 --- [http-nio-0.0.0.0-8089-exec-6] o.s.security.web.FilterChainProxy        : Securing OPTIONS /api/correspondencia/contadores
2026-10-08T08:39:09.630-06:00 DEBUG 2252 --- [http-nio-0.0.0.0-8089-exec-3] o.s.security.web.FilterChainProxy        : Securing OPTIONS /api/imputados
2026-10-08T08:39:09.631-06:00 DEBUG 2252 --- [http-nio-0.0.0.0-8089-exec-1] o.s.security.web.FilterChainProxy        : Securing OPTIONS /api/imputados/expedientes-pendientes-count
2026-10-08T08:39:09.631-06:00 DEBUG 2252 --- [http-nio-0.0.0.0-8089-exec-4] o.s.security.web.FilterChainProxy        : Securing OPTIONS /api/imputados
2026-10-08T08:39:09.633-06:00 DEBUG 2252 --- [http-nio-0.0.0.0-8089-exec-7] o.s.security.web.FilterChainProxy        : Securing OPTIONS /api/control-oficios/contadores
2026-10-08T08:39:09.633-06:00 DEBUG 2252 --- [http-nio-0.0.0.0-8089-exec-5] o.s.security.web.FilterChainProxy        : Securing GET /api/imputados/expedientes-pendientes-count
2026-10-08T08:39:09.633-06:00 DEBUG 2252 --- [http-nio-0.0.0.0-8089-exec-2] o.s.security.web.FilterChainProxy        : Securing OPTIONS /api/correspondencia/contadores
2026-10-08T08:39:09.633-06:00 DEBUG 2252 --- [http-nio-0.0.0.0-8089-exec-9] o.s.security.web.FilterChainProxy        : Securing GET /api/imputados
2026-10-08T08:39:09.633-06:00 DEBUG 2252 --- [http-nio-0.0.0.0-8089-exec-1] o.s.security.web.FilterChainProxy        : Securing GET /api/control-oficios/contadores
2026-10-08T08:39:09.633-06:00 DEBUG 2252 --- [http-nio-0.0.0.0-8089-exec-10] o.s.security.web.FilterChainProxy        : Securing GET /api/correspondencia/contadores
2026-10-08T08:39:09.637-06:00 DEBUG 2252 --- [http-nio-0.0.0.0-8089-exec-10] o.s.security.web.FilterChainProxy        : Secured GET /api/correspondencia/contadores
2026-10-08T08:39:09.637-06:00 DEBUG 2252 --- [http-nio-0.0.0.0-8089-exec-9] o.s.security.web.FilterChainProxy        : Secured GET /api/imputados
2026-10-08T08:39:09.637-06:00 DEBUG 2252 --- [http-nio-0.0.0.0-8089-exec-5] o.s.security.web.FilterChainProxy        : Secured GET /api/imputados/expedientes-pendientes-count
2026-10-08T08:39:09.637-06:00 DEBUG 2252 --- [http-nio-0.0.0.0-8089-exec-1] o.s.security.web.FilterChainProxy        : Secured GET /api/control-oficios/contadores
2026-10-08T08:39:09.637-06:00 DEBUG 2252 --- [http-nio-0.0.0.0-8089-exec-10] horizationManagerBeforeMethodInterceptor : Authorizing method invocation ReflectiveMethodInvocation: public org.springframework.http.ResponseEntity mx.edu.utez.umeca.modules.correspondencia.CorrespondenciaController.contadores(); target is of class [mx.edu.utez.umeca.modules.correspondencia.CorrespondenciaController]
2026-10-08T08:39:09.637-06:00 DEBUG 2252 --- [http-nio-0.0.0.0-8089-exec-1] horizationManagerBeforeMethodInterceptor : Authorizing method invocation ReflectiveMethodInvocation: public org.springframework.http.ResponseEntity mx.edu.utez.umeca.modules.controloficio.ControlOficioController.getContadores(); target is of class [mx.edu.utez.umeca.modules.controloficio.ControlOficioController]
2026-10-08T08:39:09.637-06:00 DEBUG 2252 --- [http-nio-0.0.0.0-8089-exec-5] horizationManagerBeforeMethodInterceptor : Authorizing method invocation ReflectiveMethodInvocation: public org.springframework.http.ResponseEntity mx.edu.utez.umeca.modules.imputado.ImputadoController.expedientesPendientesCount(org.springframework.security.core.Authentication); target is of class [mx.edu.utez.umeca.modules.imputado.ImputadoController]
2026-10-08T08:39:09.637-06:00 DEBUG 2252 --- [http-nio-0.0.0.0-8089-exec-9] horizationManagerBeforeMethodInterceptor : Authorizing method invocation ReflectiveMethodInvocation: public org.springframework.http.ResponseEntity mx.edu.utez.umeca.modules.imputado.ImputadoController.findAll(java.lang.String); target is of class [mx.edu.utez.umeca.modules.imputado.ImputadoController]
2026-10-08T08:39:09.637-06:00 DEBUG 2252 --- [http-nio-0.0.0.0-8089-exec-1] horizationManagerBeforeMethodInterceptor : Authorized method invocation ReflectiveMethodInvocation: public org.springframework.http.ResponseEntity mx.edu.utez.umeca.modules.controloficio.ControlOficioController.getContadores(); target is of class [mx.edu.utez.umeca.modules.controloficio.ControlOficioController]
2026-10-08T08:39:09.637-06:00 DEBUG 2252 --- [http-nio-0.0.0.0-8089-exec-9] horizationManagerBeforeMethodInterceptor : Authorized method invocation ReflectiveMethodInvocation: public org.springframework.http.ResponseEntity mx.edu.utez.umeca.modules.imputado.ImputadoController.findAll(java.lang.String); target is of class [mx.edu.utez.umeca.modules.imputado.ImputadoController]
2026-10-08T08:39:09.637-06:00 DEBUG 2252 --- [http-nio-0.0.0.0-8089-exec-5] horizationManagerBeforeMethodInterceptor : Authorized method invocation ReflectiveMethodInvocation: public org.springframework.http.ResponseEntity mx.edu.utez.umeca.modules.imputado.ImputadoController.expedientesPendientesCount(org.springframework.security.core.Authentication); target is of class [mx.edu.utez.umeca.modules.imputado.ImputadoController]
2026-10-08T08:39:09.637-06:00 DEBUG 2252 --- [http-nio-0.0.0.0-8089-exec-10] horizationManagerBeforeMethodInterceptor : Authorized method invocation ReflectiveMethodInvocation: public org.springframework.http.ResponseEntity mx.edu.utez.umeca.modules.correspondencia.CorrespondenciaController.contadores(); target is of class [mx.edu.utez.umeca.modules.correspondencia.CorrespondenciaController]
2026-10-08T08:39:09.653-06:00 DEBUG 2252 --- [http-nio-0.0.0.0-8089-exec-8] o.s.security.web.FilterChainProxy        : Securing GET /api/control-oficios/contadores
2026-10-08T08:39:09.653-06:00 DEBUG 2252 --- [http-nio-0.0.0.0-8089-exec-1] o.s.security.web.FilterChainProxy        : Securing GET /api/imputados/expedientes-pendientes-count
2026-10-08T08:39:09.656-06:00 DEBUG 2252 --- [http-nio-0.0.0.0-8089-exec-8] o.s.security.web.FilterChainProxy        : Secured GET /api/control-oficios/contadores
2026-10-08T08:39:09.657-06:00 DEBUG 2252 --- [http-nio-0.0.0.0-8089-exec-8] horizationManagerBeforeMethodInterceptor : Authorizing method invocation ReflectiveMethodInvocation: public org.springframework.http.ResponseEntity mx.edu.utez.umeca.modules.controloficio.ControlOficioController.getContadores(); target is of class [mx.edu.utez.umeca.modules.controloficio.ControlOficioController]
2026-10-08T08:39:09.657-06:00 DEBUG 2252 --- [http-nio-0.0.0.0-8089-exec-8] horizationManagerBeforeMethodInterceptor : Authorized method invocation ReflectiveMethodInvocation: public org.springframework.http.ResponseEntity mx.edu.utez.umeca.modules.controloficio.ControlOficioController.getContadores(); target is of class [mx.edu.utez.umeca.modules.controloficio.ControlOficioController]
2026-10-08T08:39:09.657-06:00 DEBUG 2252 --- [http-nio-0.0.0.0-8089-exec-1] o.s.security.web.FilterChainProxy        : Secured GET /api/imputados/expedientes-pendientes-count
2026-10-08T08:39:09.657-06:00 DEBUG 2252 --- [http-nio-0.0.0.0-8089-exec-3] o.s.security.web.FilterChainProxy        : Securing GET /api/correspondencia/contadores
2026-10-08T08:39:09.657-06:00 DEBUG 2252 --- [http-nio-0.0.0.0-8089-exec-1] horizationManagerBeforeMethodInterceptor : Authorizing method invocation ReflectiveMethodInvocation: public org.springframework.http.ResponseEntity mx.edu.utez.umeca.modules.imputado.ImputadoController.expedientesPendientesCount(org.springframework.security.core.Authentication); target is of class [mx.edu.utez.umeca.modules.imputado.ImputadoController]
2026-10-08T08:39:09.657-06:00 DEBUG 2252 --- [http-nio-0.0.0.0-8089-exec-1] horizationManagerBeforeMethodInterceptor : Authorized method invocation ReflectiveMethodInvocation: public org.springframework.http.ResponseEntity mx.edu.utez.umeca.modules.imputado.ImputadoController.expedientesPendientesCount(org.springframework.security.core.Authentication); target is of class [mx.edu.utez.umeca.modules.imputado.ImputadoController]
2026-10-08T08:39:09.660-06:00 DEBUG 2252 --- [http-nio-0.0.0.0-8089-exec-3] o.s.security.web.FilterChainProxy        : Secured GET /api/correspondencia/contadores
2026-10-08T08:39:09.661-06:00 DEBUG 2252 --- [http-nio-0.0.0.0-8089-exec-3] horizationManagerBeforeMethodInterceptor : Authorizing method invocation ReflectiveMethodInvocation: public org.springframework.http.ResponseEntity mx.edu.utez.umeca.modules.correspondencia.CorrespondenciaController.contadores(); target is of class [mx.edu.utez.umeca.modules.correspondencia.CorrespondenciaController]
2026-10-08T08:39:09.661-06:00 DEBUG 2252 --- [http-nio-0.0.0.0-8089-exec-3] horizationManagerBeforeMethodInterceptor : Authorized method invocation ReflectiveMethodInvocation: public org.springframework.http.ResponseEntity mx.edu.utez.umeca.modules.correspondencia.CorrespondenciaController.contadores(); target is of class [mx.edu.utez.umeca.modules.correspondencia.CorrespondenciaController]
2026-10-08T08:39:09.669-06:00 DEBUG 2252 --- [http-nio-0.0.0.0-8089-exec-4] o.s.security.web.FilterChainProxy        : Securing GET /api/imputados
2026-10-08T08:39:09.672-06:00 DEBUG 2252 --- [http-nio-0.0.0.0-8089-exec-4] o.s.security.web.FilterChainProxy        : Secured GET /api/imputados
2026-10-08T08:39:09.672-06:00 DEBUG 2252 --- [http-nio-0.0.0.0-8089-exec-4] horizationManagerBeforeMethodInterceptor : Authorizing method invocation ReflectiveMethodInvocation: public org.springframework.http.ResponseEntity mx.edu.utez.umeca.modules.imputado.ImputadoController.findAll(java.lang.String); target is of class [mx.edu.utez.umeca.modules.imputado.ImputadoController]
2026-10-08T08:39:09.672-06:00 DEBUG 2252 --- [http-nio-0.0.0.0-8089-exec-4] horizationManagerBeforeMethodInterceptor : Authorized method invocation ReflectiveMethodInvocation: public org.springframework.http.ResponseEntity mx.edu.utez.umeca.modules.imputado.ImputadoController.findAll(java.lang.String); target is of class [mx.edu.utez.umeca.modules.imputado.ImputadoController]
2026-10-08T08:39:10.633-06:00 DEBUG 2252 --- [http-nio-0.0.0.0-8089-exec-6] o.s.security.web.FilterChainProxy        : Securing GET /api/imputados/expedientes-pendientes-count
2026-10-08T08:39:10.633-06:00 DEBUG 2252 --- [http-nio-0.0.0.0-8089-exec-7] o.s.security.web.FilterChainProxy        : Securing GET /api/imputados
2026-10-08T08:39:10.633-06:00 DEBUG 2252 --- [http-nio-0.0.0.0-8089-exec-2] o.s.security.web.FilterChainProxy        : Securing GET /api/correspondencia/contadores
2026-10-08T08:39:10.633-06:00 DEBUG 2252 --- [http-nio-0.0.0.0-8089-exec-5] o.s.security.web.FilterChainProxy        : Securing GET /api/control-oficios/contadores
2026-10-08T08:39:10.637-06:00 DEBUG 2252 --- [http-nio-0.0.0.0-8089-exec-5] o.s.security.web.FilterChainProxy        : Secured GET /api/control-oficios/contadores
2026-10-08T08:39:10.637-06:00 DEBUG 2252 --- [http-nio-0.0.0.0-8089-exec-7] o.s.security.web.FilterChainProxy        : Secured GET /api/imputados
2026-10-08T08:39:10.637-06:00 DEBUG 2252 --- [http-nio-0.0.0.0-8089-exec-2] o.s.security.web.FilterChainProxy        : Secured GET /api/correspondencia/contadores
2026-10-08T08:39:10.637-06:00 DEBUG 2252 --- [http-nio-0.0.0.0-8089-exec-6] o.s.security.web.FilterChainProxy        : Secured GET /api/imputados/expedientes-pendientes-count
2026-10-08T08:39:10.638-06:00 DEBUG 2252 --- [http-nio-0.0.0.0-8089-exec-5] horizationManagerBeforeMethodInterceptor : Authorizing method invocation ReflectiveMethodInvocation: public org.springframework.http.ResponseEntity mx.edu.utez.umeca.modules.controloficio.ControlOficioController.getContadores(); target is of class [mx.edu.utez.umeca.modules.controloficio.ControlOficioController]
2026-10-08T08:39:10.638-06:00 DEBUG 2252 --- [http-nio-0.0.0.0-8089-exec-2] horizationManagerBeforeMethodInterceptor : Authorizing method invocation ReflectiveMethodInvocation: public org.springframework.http.ResponseEntity mx.edu.utez.umeca.modules.correspondencia.CorrespondenciaController.contadores(); target is of class [mx.edu.utez.umeca.modules.correspondencia.CorrespondenciaController]
2026-10-08T08:39:10.638-06:00 DEBUG 2252 --- [http-nio-0.0.0.0-8089-exec-6] horizationManagerBeforeMethodInterceptor : Authorizing method invocation ReflectiveMethodInvocation: public org.springframework.http.ResponseEntity mx.edu.utez.umeca.modules.imputado.ImputadoController.expedientesPendientesCount(org.springframework.security.core.Authentication); target is of class [mx.edu.utez.umeca.modules.imputado.ImputadoController]
2026-10-08T08:39:10.638-06:00 DEBUG 2252 --- [http-nio-0.0.0.0-8089-exec-5] horizationManagerBeforeMethodInterceptor : Authorized method invocation ReflectiveMethodInvocation: public org.springframework.http.ResponseEntity mx.edu.utez.umeca.modules.controloficio.ControlOficioController.getContadores(); target is of class [mx.edu.utez.umeca.modules.controloficio.ControlOficioController]
2026-10-08T08:39:10.638-06:00 DEBUG 2252 --- [http-nio-0.0.0.0-8089-exec-2] horizationManagerBeforeMethodInterceptor : Authorized method invocation ReflectiveMethodInvocation: public org.springframework.http.ResponseEntity mx.edu.utez.umeca.modules.correspondencia.CorrespondenciaController.contadores(); target is of class [mx.edu.utez.umeca.modules.correspondencia.CorrespondenciaController]
2026-10-08T08:39:10.638-06:00 DEBUG 2252 --- [http-nio-0.0.0.0-8089-exec-6] horizationManagerBeforeMethodInterceptor : Authorized method invocation ReflectiveMethodInvocation: public org.springframework.http.ResponseEntity mx.edu.utez.umeca.modules.imputado.ImputadoController.expedientesPendientesCount(org.springframework.security.core.Authentication); target is of class [mx.edu.utez.umeca.modules.imputado.ImputadoController]
2026-10-08T08:39:10.638-06:00 DEBUG 2252 --- [http-nio-0.0.0.0-8089-exec-7] horizationManagerBeforeMethodInterceptor : Authorizing method invocation ReflectiveMethodInvocation: public org.springframework.http.ResponseEntity mx.edu.utez.umeca.modules.imputado.ImputadoController.findAll(java.lang.String); target is of class [mx.edu.utez.umeca.modules.imputado.ImputadoController]
2026-10-08T08:39:10.638-06:00 DEBUG 2252 --- [http-nio-0.0.0.0-8089-exec-7] horizationManagerBeforeMethodInterceptor : Authorized method invocation ReflectiveMethodInvocation: public org.springframework.http.ResponseEntity mx.edu.utez.umeca.modules.imputado.ImputadoController.findAll(java.lang.String); target is of class [mx.edu.utez.umeca.modules.imputado.ImputadoController]
2026-10-08T08:39:10.641-06:00 DEBUG 2252 --- [http-nio-0.0.0.0-8089-exec-10] o.s.security.web.FilterChainProxy        : Securing GET /api/imputados/expedientes-pendientes-count
2026-10-08T08:39:10.641-06:00 DEBUG 2252 --- [http-nio-0.0.0.0-8089-exec-1] o.s.security.web.FilterChainProxy        : Securing GET /api/control-oficios/contadores
2026-10-08T08:39:10.643-06:00 DEBUG 2252 --- [http-nio-0.0.0.0-8089-exec-8] o.s.security.web.FilterChainProxy        : Securing GET /api/correspondencia/contadores
2026-10-08T08:39:10.644-06:00 DEBUG 2252 --- [http-nio-0.0.0.0-8089-exec-1] o.s.security.web.FilterChainProxy        : Secured GET /api/control-oficios/contadores
2026-10-08T08:39:10.644-06:00 DEBUG 2252 --- [http-nio-0.0.0.0-8089-exec-1] horizationManagerBeforeMethodInterceptor : Authorizing method invocation ReflectiveMethodInvocation: public org.springframework.http.ResponseEntity mx.edu.utez.umeca.modules.controloficio.ControlOficioController.getContadores(); target is of class [mx.edu.utez.umeca.modules.controloficio.ControlOficioController]
2026-10-08T08:39:10.644-06:00 DEBUG 2252 --- [http-nio-0.0.0.0-8089-exec-10] o.s.security.web.FilterChainProxy        : Secured GET /api/imputados/expedientes-pendientes-count
2026-10-08T08:39:10.644-06:00 DEBUG 2252 --- [http-nio-0.0.0.0-8089-exec-1] horizationManagerBeforeMethodInterceptor : Authorized method invocation ReflectiveMethodInvocation: public org.springframework.http.ResponseEntity mx.edu.utez.umeca.modules.controloficio.ControlOficioController.getContadores(); target is of class [mx.edu.utez.umeca.modules.controloficio.ControlOficioController]
2026-10-08T08:39:10.644-06:00 DEBUG 2252 --- [http-nio-0.0.0.0-8089-exec-10] horizationManagerBeforeMethodInterceptor : Authorizing method invocation ReflectiveMethodInvocation: public org.springframework.http.ResponseEntity mx.edu.utez.umeca.modules.imputado.ImputadoController.expedientesPendientesCount(org.springframework.security.core.Authentication); target is of class [mx.edu.utez.umeca.modules.imputado.ImputadoController]
2026-10-08T08:39:10.645-06:00 DEBUG 2252 --- [http-nio-0.0.0.0-8089-exec-10] horizationManagerBeforeMethodInterceptor : Authorized method invocation ReflectiveMethodInvocation: public org.springframework.http.ResponseEntity mx.edu.utez.umeca.modules.imputado.ImputadoController.expedientesPendientesCount(org.springframework.security.core.Authentication); target is of class [mx.edu.utez.umeca.modules.imputado.ImputadoController]
2026-10-08T08:39:10.645-06:00 DEBUG 2252 --- [http-nio-0.0.0.0-8089-exec-8] o.s.security.web.FilterChainProxy        : Secured GET /api/correspondencia/contadores
2026-10-08T08:39:10.645-06:00 DEBUG 2252 --- [http-nio-0.0.0.0-8089-exec-8] horizationManagerBeforeMethodInterceptor : Authorizing method invocation ReflectiveMethodInvocation: public org.springframework.http.ResponseEntity mx.edu.utez.umeca.modules.correspondencia.CorrespondenciaController.contadores(); target is of class [mx.edu.utez.umeca.modules.correspondencia.CorrespondenciaController]
2026-10-08T08:39:10.645-06:00 DEBUG 2252 --- [http-nio-0.0.0.0-8089-exec-8] horizationManagerBeforeMethodInterceptor : Authorized method invocation ReflectiveMethodInvocation: public org.springframework.http.ResponseEntity mx.edu.utez.umeca.modules.correspondencia.CorrespondenciaController.contadores(); target is of class [mx.edu.utez.umeca.modules.correspondencia.CorrespondenciaController]
2026-10-08T08:39:10.649-06:00 DEBUG 2252 --- [http-nio-0.0.0.0-8089-exec-3] o.s.security.web.FilterChainProxy        : Securing GET /api/imputados
2026-10-08T08:39:10.651-06:00 DEBUG 2252 --- [http-nio-0.0.0.0-8089-exec-3] o.s.security.web.FilterChainProxy        : Secured GET /api/imputados
2026-10-08T08:39:10.652-06:00 DEBUG 2252 --- [http-nio-0.0.0.0-8089-exec-3] horizationManagerBeforeMethodInterceptor : Authorizing method invocation ReflectiveMethodInvocation: public org.springframework.http.ResponseEntity mx.edu.utez.umeca.modules.imputado.ImputadoController.findAll(java.lang.String); target is of class [mx.edu.utez.umeca.modules.imputado.ImputadoController]
2026-10-08T08:39:10.652-06:00 DEBUG 2252 --- [http-nio-0.0.0.0-8089-exec-3] horizationManagerBeforeMethodInterceptor : Authorized method invocation ReflectiveMethodInvocation: public org.springframework.http.ResponseEntity mx.edu.utez.umeca.modules.imputado.ImputadoController.findAll(java.lang.String); target is of class [mx.edu.utez.umeca.modules.imputado.ImputadoController]
2026-10-08T08:39:12.630-06:00 DEBUG 2252 --- [http-nio-0.0.0.0-8089-exec-5] o.s.security.web.FilterChainProxy        : Securing GET /api/imputados/expedientes-pendientes-count
2026-10-08T08:39:12.630-06:00 DEBUG 2252 --- [http-nio-0.0.0.0-8089-exec-6] o.s.security.web.FilterChainProxy        : Securing GET /api/control-oficios/contadores
2026-10-08T08:39:12.630-06:00 DEBUG 2252 --- [http-nio-0.0.0.0-8089-exec-4] o.s.security.web.FilterChainProxy        : Securing GET /api/correspondencia/contadores
2026-10-08T08:39:12.630-06:00 DEBUG 2252 --- [http-nio-0.0.0.0-8089-exec-9] o.s.security.web.FilterChainProxy        : Securing GET /api/imputados
2026-10-08T08:39:12.634-06:00 DEBUG 2252 --- [http-nio-0.0.0.0-8089-exec-4] o.s.security.web.FilterChainProxy        : Secured GET /api/correspondencia/contadores
2026-10-08T08:39:12.634-06:00 DEBUG 2252 --- [http-nio-0.0.0.0-8089-exec-6] o.s.security.web.FilterChainProxy        : Secured GET /api/control-oficios/contadores
2026-10-08T08:39:12.634-06:00 DEBUG 2252 --- [http-nio-0.0.0.0-8089-exec-9] o.s.security.web.FilterChainProxy        : Secured GET /api/imputados
2026-10-08T08:39:12.634-06:00 DEBUG 2252 --- [http-nio-0.0.0.0-8089-exec-5] o.s.security.web.FilterChainProxy        : Secured GET /api/imputados/expedientes-pendientes-count
2026-10-08T08:39:12.634-06:00 DEBUG 2252 --- [http-nio-0.0.0.0-8089-exec-6] horizationManagerBeforeMethodInterceptor : Authorizing method invocation ReflectiveMethodInvocation: public org.springframework.http.ResponseEntity mx.edu.utez.umeca.modules.controloficio.ControlOficioController.getContadores(); target is of class [mx.edu.utez.umeca.modules.controloficio.ControlOficioController]
2026-10-08T08:39:12.634-06:00 DEBUG 2252 --- [http-nio-0.0.0.0-8089-exec-4] horizationManagerBeforeMethodInterceptor : Authorizing method invocation ReflectiveMethodInvocation: public org.springframework.http.ResponseEntity mx.edu.utez.umeca.modules.correspondencia.CorrespondenciaController.contadores(); target is of class [mx.edu.utez.umeca.modules.correspondencia.CorrespondenciaController]
2026-10-08T08:39:12.635-06:00 DEBUG 2252 --- [http-nio-0.0.0.0-8089-exec-9] horizationManagerBeforeMethodInterceptor : Authorizing method invocation ReflectiveMethodInvocation: public org.springframework.http.ResponseEntity mx.edu.utez.umeca.modules.imputado.ImputadoController.findAll(java.lang.String); target is of class [mx.edu.utez.umeca.modules.imputado.ImputadoController]
2026-10-08T08:39:12.635-06:00 DEBUG 2252 --- [http-nio-0.0.0.0-8089-exec-5] horizationManagerBeforeMethodInterceptor : Authorizing method invocation ReflectiveMethodInvocation: public org.springframework.http.ResponseEntity mx.edu.utez.umeca.modules.imputado.ImputadoController.expedientesPendientesCount(org.springframework.security.core.Authentication); target is of class [mx.edu.utez.umeca.modules.imputado.ImputadoController]
2026-10-08T08:39:12.635-06:00 DEBUG 2252 --- [http-nio-0.0.0.0-8089-exec-6] horizationManagerBeforeMethodInterceptor : Authorized method invocation ReflectiveMethodInvocation: public org.springframework.http.ResponseEntity mx.edu.utez.umeca.modules.controloficio.ControlOficioController.getContadores(); target is of class [mx.edu.utez.umeca.modules.controloficio.ControlOficioController]
2026-10-08T08:39:12.635-06:00 DEBUG 2252 --- [http-nio-0.0.0.0-8089-exec-4] horizationManagerBeforeMethodInterceptor : Authorized method invocation ReflectiveMethodInvocation: public org.springframework.http.ResponseEntity mx.edu.utez.umeca.modules.correspondencia.CorrespondenciaController.contadores(); target is of class [mx.edu.utez.umeca.modules.correspondencia.CorrespondenciaController]
2026-10-08T08:39:12.635-06:00 DEBUG 2252 --- [http-nio-0.0.0.0-8089-exec-9] horizationManagerBeforeMethodInterceptor : Authorized method invocation ReflectiveMethodInvocation: public org.springframework.http.ResponseEntity mx.edu.utez.umeca.modules.imputado.ImputadoController.findAll(java.lang.String); target is of class [mx.edu.utez.umeca.modules.imputado.ImputadoController]
2026-10-08T08:39:12.635-06:00 DEBUG 2252 --- [http-nio-0.0.0.0-8089-exec-5] horizationManagerBeforeMethodInterceptor : Authorized method invocation ReflectiveMethodInvocation: public org.springframework.http.ResponseEntity mx.edu.utez.umeca.modules.imputado.ImputadoController.expedientesPendientesCount(org.springframework.security.core.Authentication); target is of class [mx.edu.utez.umeca.modules.imputado.ImputadoController]
2026-10-08T08:39:12.640-06:00 DEBUG 2252 --- [http-nio-0.0.0.0-8089-exec-2] o.s.security.web.FilterChainProxy        : Securing GET /api/control-oficios/contadores
2026-10-08T08:39:12.640-06:00 DEBUG 2252 --- [http-nio-0.0.0.0-8089-exec-1] o.s.security.web.FilterChainProxy        : Securing GET /api/imputados/expedientes-pendientes-count
2026-10-08T08:39:12.642-06:00 DEBUG 2252 --- [http-nio-0.0.0.0-8089-exec-10] o.s.security.web.FilterChainProxy        : Securing GET /api/correspondencia/contadores
2026-10-08T08:39:12.642-06:00 DEBUG 2252 --- [http-nio-0.0.0.0-8089-exec-1] o.s.security.web.FilterChainProxy        : Secured GET /api/imputados/expedientes-pendientes-count
2026-10-08T08:39:12.642-06:00 DEBUG 2252 --- [http-nio-0.0.0.0-8089-exec-2] o.s.security.web.FilterChainProxy        : Secured GET /api/control-oficios/contadores
2026-10-08T08:39:12.642-06:00 DEBUG 2252 --- [http-nio-0.0.0.0-8089-exec-2] horizationManagerBeforeMethodInterceptor : Authorizing method invocation ReflectiveMethodInvocation: public org.springframework.http.ResponseEntity mx.edu.utez.umeca.modules.controloficio.ControlOficioController.getContadores(); target is of class [mx.edu.utez.umeca.modules.controloficio.ControlOficioController]
2026-10-08T08:39:12.642-06:00 DEBUG 2252 --- [http-nio-0.0.0.0-8089-exec-1] horizationManagerBeforeMethodInterceptor : Authorizing method invocation ReflectiveMethodInvocation: public org.springframework.http.ResponseEntity mx.edu.utez.umeca.modules.imputado.ImputadoController.expedientesPendientesCount(org.springframework.security.core.Authentication); target is of class [mx.edu.utez.umeca.modules.imputado.ImputadoController]
2026-10-08T08:39:12.642-06:00 DEBUG 2252 --- [http-nio-0.0.0.0-8089-exec-2] horizationManagerBeforeMethodInterceptor : Authorized method invocation ReflectiveMethodInvocation: public org.springframework.http.ResponseEntity mx.edu.utez.umeca.modules.controloficio.ControlOficioController.getContadores(); target is of class [mx.edu.utez.umeca.modules.controloficio.ControlOficioController]
2026-10-08T08:39:12.642-06:00 DEBUG 2252 --- [http-nio-0.0.0.0-8089-exec-1] horizationManagerBeforeMethodInterceptor : Authorized method invocation ReflectiveMethodInvocation: public org.springframework.http.ResponseEntity mx.edu.utez.umeca.modules.imputado.ImputadoController.expedientesPendientesCount(org.springframework.security.core.Authentication); target is of class [mx.edu.utez.umeca.modules.imputado.ImputadoController]
2026-10-08T08:39:12.644-06:00 DEBUG 2252 --- [http-nio-0.0.0.0-8089-exec-10] o.s.security.web.FilterChainProxy        : Secured GET /api/correspondencia/contadores
2026-10-08T08:39:12.644-06:00 DEBUG 2252 --- [http-nio-0.0.0.0-8089-exec-10] horizationManagerBeforeMethodInterceptor : Authorizing method invocation ReflectiveMethodInvocation: public org.springframework.http.ResponseEntity mx.edu.utez.umeca.modules.correspondencia.CorrespondenciaController.contadores(); target is of class [mx.edu.utez.umeca.modules.correspondencia.CorrespondenciaController]
2026-10-08T08:39:12.644-06:00 DEBUG 2252 --- [http-nio-0.0.0.0-8089-exec-10] horizationManagerBeforeMethodInterceptor : Authorized method invocation ReflectiveMethodInvocation: public org.springframework.http.ResponseEntity mx.edu.utez.umeca.modules.correspondencia.CorrespondenciaController.contadores(); target is of class [mx.edu.utez.umeca.modules.correspondencia.CorrespondenciaController]
2026-10-08T08:39:12.649-06:00 DEBUG 2252 --- [http-nio-0.0.0.0-8089-exec-8] o.s.security.web.FilterChainProxy        : Securing GET /api/imputados
2026-10-08T08:39:12.651-06:00 DEBUG 2252 --- [http-nio-0.0.0.0-8089-exec-8] o.s.security.web.FilterChainProxy        : Secured GET /api/imputados
2026-10-08T08:39:12.652-06:00 DEBUG 2252 --- [http-nio-0.0.0.0-8089-exec-8] horizationManagerBeforeMethodInterceptor : Authorizing method invocation ReflectiveMethodInvocation: public org.springframework.http.ResponseEntity mx.edu.utez.umeca.modules.imputado.ImputadoController.findAll(java.lang.String); target is of class [mx.edu.utez.umeca.modules.imputado.ImputadoController]
2026-10-08T08:39:12.652-06:00 DEBUG 2252 --- [http-nio-0.0.0.0-8089-exec-8] horizationManagerBeforeMethodInterceptor : Authorized method invocation ReflectiveMethodInvocation: public org.springframework.http.ResponseEntity mx.edu.utez.umeca.modules.imputado.ImputadoController.findAll(java.lang.String); target is of class [mx.edu.utez.umeca.modules.imputado.ImputadoController]
2026-10-08T08:39:14.631-06:00 DEBUG 2252 --- [http-nio-0.0.0.0-8089-exec-7] o.s.security.web.FilterChainProxy        : Securing GET /api/imputados
2026-10-08T08:39:14.631-06:00 DEBUG 2252 --- [http-nio-0.0.0.0-8089-exec-5] o.s.security.web.FilterChainProxy        : Securing GET /api/imputados/expedientes-pendientes-count
2026-10-08T08:39:14.631-06:00 DEBUG 2252 --- [http-nio-0.0.0.0-8089-exec-3] o.s.security.web.FilterChainProxy        : Securing GET /api/correspondencia/contadores
2026-10-08T08:39:14.631-06:00 DEBUG 2252 --- [http-nio-0.0.0.0-8089-exec-6] o.s.security.web.FilterChainProxy        : Securing GET /api/control-oficios/contadores
2026-10-08T08:39:14.632-06:00 DEBUG 2252 --- [http-nio-0.0.0.0-8089-exec-4] o.s.security.web.FilterChainProxy        : Securing OPTIONS /api/imputados/expedientes-pendientes-count
2026-10-08T08:39:14.638-06:00 DEBUG 2252 --- [http-nio-0.0.0.0-8089-exec-6] o.s.security.web.FilterChainProxy        : Secured GET /api/control-oficios/contadores
2026-10-08T08:39:14.638-06:00 DEBUG 2252 --- [http-nio-0.0.0.0-8089-exec-3] o.s.security.web.FilterChainProxy        : Secured GET /api/correspondencia/contadores
2026-10-08T08:39:14.638-06:00 DEBUG 2252 --- [http-nio-0.0.0.0-8089-exec-5] o.s.security.web.FilterChainProxy        : Secured GET /api/imputados/expedientes-pendientes-count
2026-10-08T08:39:14.638-06:00 DEBUG 2252 --- [http-nio-0.0.0.0-8089-exec-7] o.s.security.web.FilterChainProxy        : Secured GET /api/imputados
2026-10-08T08:39:14.639-06:00 DEBUG 2252 --- [http-nio-0.0.0.0-8089-exec-6] horizationManagerBeforeMethodInterceptor : Authorizing method invocation ReflectiveMethodInvocation: public org.springframework.http.ResponseEntity mx.edu.utez.umeca.modules.controloficio.ControlOficioController.getContadores(); target is of class [mx.edu.utez.umeca.modules.controloficio.ControlOficioController]
2026-10-08T08:39:14.639-06:00 DEBUG 2252 --- [http-nio-0.0.0.0-8089-exec-5] horizationManagerBeforeMethodInterceptor : Authorizing method invocation ReflectiveMethodInvocation: public org.springframework.http.ResponseEntity mx.edu.utez.umeca.modules.imputado.ImputadoController.expedientesPendientesCount(org.springframework.security.core.Authentication); target is of class [mx.edu.utez.umeca.modules.imputado.ImputadoController]
2026-10-08T08:39:14.639-06:00 DEBUG 2252 --- [http-nio-0.0.0.0-8089-exec-3] horizationManagerBeforeMethodInterceptor : Authorizing method invocation ReflectiveMethodInvocation: public org.springframework.http.ResponseEntity mx.edu.utez.umeca.modules.correspondencia.CorrespondenciaController.contadores(); target is of class [mx.edu.utez.umeca.modules.correspondencia.CorrespondenciaController]
2026-10-08T08:39:14.639-06:00 DEBUG 2252 --- [http-nio-0.0.0.0-8089-exec-7] horizationManagerBeforeMethodInterceptor : Authorizing method invocation ReflectiveMethodInvocation: public org.springframework.http.ResponseEntity mx.edu.utez.umeca.modules.imputado.ImputadoController.findAll(java.lang.String); target is of class [mx.edu.utez.umeca.modules.imputado.ImputadoController]
2026-10-08T08:39:14.639-06:00 DEBUG 2252 --- [http-nio-0.0.0.0-8089-exec-5] horizationManagerBeforeMethodInterceptor : Authorized method invocation ReflectiveMethodInvocation: public org.springframework.http.ResponseEntity mx.edu.utez.umeca.modules.imputado.ImputadoController.expedientesPendientesCount(org.springframework.security.core.Authentication); target is of class [mx.edu.utez.umeca.modules.imputado.ImputadoController]
2026-10-08T08:39:14.639-06:00 DEBUG 2252 --- [http-nio-0.0.0.0-8089-exec-6] horizationManagerBeforeMethodInterceptor : Authorized method invocation ReflectiveMethodInvocation: public org.springframework.http.ResponseEntity mx.edu.utez.umeca.modules.controloficio.ControlOficioController.getContadores(); target is of class [mx.edu.utez.umeca.modules.controloficio.ControlOficioController]
2026-10-08T08:39:14.639-06:00 DEBUG 2252 --- [http-nio-0.0.0.0-8089-exec-3] horizationManagerBeforeMethodInterceptor : Authorized method invocation ReflectiveMethodInvocation: public org.springframework.http.ResponseEntity mx.edu.utez.umeca.modules.correspondencia.CorrespondenciaController.contadores(); target is of class [mx.edu.utez.umeca.modules.correspondencia.CorrespondenciaController]
2026-10-08T08:39:14.639-06:00 DEBUG 2252 --- [http-nio-0.0.0.0-8089-exec-7] horizationManagerBeforeMethodInterceptor : Authorized method invocation ReflectiveMethodInvocation: public org.springframework.http.ResponseEntity mx.edu.utez.umeca.modules.imputado.ImputadoController.findAll(java.lang.String); target is of class [mx.edu.utez.umeca.modules.imputado.ImputadoController]
2026-10-08T08:39:14.644-06:00 DEBUG 2252 --- [http-nio-0.0.0.0-8089-exec-2] o.s.security.web.FilterChainProxy        : Securing GET /api/control-oficios/contadores
2026-10-08T08:39:14.644-06:00 DEBUG 2252 --- [http-nio-0.0.0.0-8089-exec-1] o.s.security.web.FilterChainProxy        : Securing GET /api/imputados/expedientes-pendientes-count
2026-10-08T08:39:14.645-06:00 DEBUG 2252 --- [http-nio-0.0.0.0-8089-exec-10] o.s.security.web.FilterChainProxy        : Securing GET /api/correspondencia/contadores
2026-10-08T08:39:14.646-06:00 DEBUG 2252 --- [http-nio-0.0.0.0-8089-exec-1] o.s.security.web.FilterChainProxy        : Secured GET /api/imputados/expedientes-pendientes-count
2026-10-08T08:39:14.646-06:00 DEBUG 2252 --- [http-nio-0.0.0.0-8089-exec-2] o.s.security.web.FilterChainProxy        : Secured GET /api/control-oficios/contadores
2026-10-08T08:39:14.646-06:00 DEBUG 2252 --- [http-nio-0.0.0.0-8089-exec-10] o.s.security.web.FilterChainProxy        : Secured GET /api/correspondencia/contadores
2026-10-08T08:39:14.647-06:00 DEBUG 2252 --- [http-nio-0.0.0.0-8089-exec-2] horizationManagerBeforeMethodInterceptor : Authorizing method invocation ReflectiveMethodInvocation: public org.springframework.http.ResponseEntity mx.edu.utez.umeca.modules.controloficio.ControlOficioController.getContadores(); target is of class [mx.edu.utez.umeca.modules.controloficio.ControlOficioController]
2026-10-08T08:39:14.647-06:00 DEBUG 2252 --- [http-nio-0.0.0.0-8089-exec-1] horizationManagerBeforeMethodInterceptor : Authorizing method invocation ReflectiveMethodInvocation: public org.springframework.http.ResponseEntity mx.edu.utez.umeca.modules.imputado.ImputadoController.expedientesPendientesCount(org.springframework.security.core.Authentication); target is of class [mx.edu.utez.umeca.modules.imputado.ImputadoController]
2026-10-08T08:39:14.647-06:00 DEBUG 2252 --- [http-nio-0.0.0.0-8089-exec-10] horizationManagerBeforeMethodInterceptor : Authorizing method invocation ReflectiveMethodInvocation: public org.springframework.http.ResponseEntity mx.edu.utez.umeca.modules.correspondencia.CorrespondenciaController.contadores(); target is of class [mx.edu.utez.umeca.modules.correspondencia.CorrespondenciaController]
2026-10-08T08:39:14.647-06:00 DEBUG 2252 --- [http-nio-0.0.0.0-8089-exec-2] horizationManagerBeforeMethodInterceptor : Authorized method invocation ReflectiveMethodInvocation: public org.springframework.http.ResponseEntity mx.edu.utez.umeca.modules.controloficio.ControlOficioController.getContadores(); target is of class [mx.edu.utez.umeca.modules.controloficio.ControlOficioController]
2026-10-08T08:39:14.647-06:00 DEBUG 2252 --- [http-nio-0.0.0.0-8089-exec-1] horizationManagerBeforeMethodInterceptor : Authorized method invocation ReflectiveMethodInvocation: public org.springframework.http.ResponseEntity mx.edu.utez.umeca.modules.imputado.ImputadoController.expedientesPendientesCount(org.springframework.security.core.Authentication); target is of class [mx.edu.utez.umeca.modules.imputado.ImputadoController]
2026-10-08T08:39:14.647-06:00 DEBUG 2252 --- [http-nio-0.0.0.0-8089-exec-10] horizationManagerBeforeMethodInterceptor : Authorized method invocation ReflectiveMethodInvocation: public org.springframework.http.ResponseEntity mx.edu.utez.umeca.modules.correspondencia.CorrespondenciaController.contadores(); target is of class [mx.edu.utez.umeca.modules.correspondencia.CorrespondenciaController]
2026-10-08T08:39:14.652-06:00 DEBUG 2252 --- [http-nio-0.0.0.0-8089-exec-9] o.s.security.web.FilterChainProxy        : Securing GET /api/imputados
2026-10-08T08:39:14.654-06:00 DEBUG 2252 --- [http-nio-0.0.0.0-8089-exec-9] o.s.security.web.FilterChainProxy        : Secured GET /api/imputados
2026-10-08T08:39:14.654-06:00 DEBUG 2252 --- [http-nio-0.0.0.0-8089-exec-9] horizationManagerBeforeMethodInterceptor : Authorizing method invocation ReflectiveMethodInvocation: public org.springframework.http.ResponseEntity mx.edu.utez.umeca.modules.imputado.ImputadoController.findAll(java.lang.String); target is of class [mx.edu.utez.umeca.modules.imputado.ImputadoController]
2026-10-08T08:39:14.654-06:00 DEBUG 2252 --- [http-nio-0.0.0.0-8089-exec-9] horizationManagerBeforeMethodInterceptor : Authorized method invocation ReflectiveMethodInvocation: public org.springframework.http.ResponseEntity mx.edu.utez.umeca.modules.imputado.ImputadoController.findAll(java.lang.String); target is of class [mx.edu.utez.umeca.modules.imputado.ImputadoController]
2026-10-08T08:39:24.633-06:00 DEBUG 2252 --- [http-nio-0.0.0.0-8089-exec-8] o.s.security.web.FilterChainProxy        : Securing OPTIONS /api/correspondencia/contadores
2026-10-08T08:39:24.633-06:00 DEBUG 2252 --- [http-nio-0.0.0.0-8089-exec-4] o.s.security.web.FilterChainProxy        : Securing OPTIONS /api/control-oficios/contadores
2026-10-08T08:39:24.636-06:00 DEBUG 2252 --- [http-nio-0.0.0.0-8089-exec-6] o.s.security.web.FilterChainProxy        : Securing GET /api/correspondencia/contadores
2026-10-08T08:39:24.636-06:00 DEBUG 2252 --- [http-nio-0.0.0.0-8089-exec-5] o.s.security.web.FilterChainProxy        : Securing GET /api/control-oficios/contadores
2026-10-08T08:39:24.642-06:00 DEBUG 2252 --- [http-nio-0.0.0.0-8089-exec-6] o.s.security.web.FilterChainProxy        : Secured GET /api/correspondencia/contadores
2026-10-08T08:39:24.642-06:00 DEBUG 2252 --- [http-nio-0.0.0.0-8089-exec-5] o.s.security.web.FilterChainProxy        : Secured GET /api/control-oficios/contadores
2026-10-08T08:39:24.643-06:00 DEBUG 2252 --- [http-nio-0.0.0.0-8089-exec-6] horizationManagerBeforeMethodInterceptor : Authorizing method invocation ReflectiveMethodInvocation: public org.springframework.http.ResponseEntity mx.edu.utez.umeca.modules.correspondencia.CorrespondenciaController.contadores(); target is of class [mx.edu.utez.umeca.modules.correspondencia.CorrespondenciaController]
2026-10-08T08:39:24.643-06:00 DEBUG 2252 --- [http-nio-0.0.0.0-8089-exec-5] horizationManagerBeforeMethodInterceptor : Authorizing method invocation ReflectiveMethodInvocation: public org.springframework.http.ResponseEntity mx.edu.utez.umeca.modules.controloficio.ControlOficioController.getContadores(); target is of class [mx.edu.utez.umeca.modules.controloficio.ControlOficioController]
2026-10-08T08:39:24.643-06:00 DEBUG 2252 --- [http-nio-0.0.0.0-8089-exec-6] horizationManagerBeforeMethodInterceptor : Authorized method invocation ReflectiveMethodInvocation: public org.springframework.http.ResponseEntity mx.edu.utez.umeca.modules.correspondencia.CorrespondenciaController.contadores(); target is of class [mx.edu.utez.umeca.modules.correspondencia.CorrespondenciaController]
2026-10-08T08:39:24.643-06:00 DEBUG 2252 --- [http-nio-0.0.0.0-8089-exec-5] horizationManagerBeforeMethodInterceptor : Authorized method invocation ReflectiveMethodInvocation: public org.springframework.http.ResponseEntity mx.edu.utez.umeca.modules.controloficio.ControlOficioController.getContadores(); target is of class [mx.edu.utez.umeca.modules.controloficio.ControlOficioController]
2026-10-08T08:39:25.382-06:00 DEBUG 2252 --- [http-nio-0.0.0.0-8089-exec-3] o.s.security.web.FilterChainProxy        : Securing OPTIONS /api/imputados/4
2026-10-08T08:39:25.382-06:00 DEBUG 2252 --- [http-nio-0.0.0.0-8089-exec-2] o.s.security.web.FilterChainProxy        : Securing OPTIONS /api/seguimientos/imputado/4
2026-10-08T08:39:25.385-06:00 DEBUG 2252 --- [http-nio-0.0.0.0-8089-exec-10] o.s.security.web.FilterChainProxy        : Securing GET /api/seguimientos/imputado/4
2026-10-08T08:39:25.385-06:00 DEBUG 2252 --- [http-nio-0.0.0.0-8089-exec-1] o.s.security.web.FilterChainProxy        : Securing GET /api/imputados/4
2026-10-08T08:39:25.391-06:00 DEBUG 2252 --- [http-nio-0.0.0.0-8089-exec-1] o.s.security.web.FilterChainProxy        : Secured GET /api/imputados/4
2026-10-08T08:39:25.391-06:00 DEBUG 2252 --- [http-nio-0.0.0.0-8089-exec-10] o.s.security.web.FilterChainProxy        : Secured GET /api/seguimientos/imputado/4
2026-10-08T08:39:25.392-06:00 DEBUG 2252 --- [http-nio-0.0.0.0-8089-exec-1] horizationManagerBeforeMethodInterceptor : Authorizing method invocation ReflectiveMethodInvocation: public org.springframework.http.ResponseEntity mx.edu.utez.umeca.modules.imputado.ImputadoController.findById(java.lang.Long); target is of class [mx.edu.utez.umeca.modules.imputado.ImputadoController]
2026-10-08T08:39:25.392-06:00 DEBUG 2252 --- [http-nio-0.0.0.0-8089-exec-10] horizationManagerBeforeMethodInterceptor : Authorizing method invocation ReflectiveMethodInvocation: public org.springframework.http.ResponseEntity mx.edu.utez.umeca.modules.seguimiento.SeguimientoController.porImputado(java.lang.Long); target is of class [mx.edu.utez.umeca.modules.seguimiento.SeguimientoController]
2026-10-08T08:39:25.393-06:00 DEBUG 2252 --- [http-nio-0.0.0.0-8089-exec-1] horizationManagerBeforeMethodInterceptor : Authorized method invocation ReflectiveMethodInvocation: public org.springframework.http.ResponseEntity mx.edu.utez.umeca.modules.imputado.ImputadoController.findById(java.lang.Long); target is of class [mx.edu.utez.umeca.modules.imputado.ImputadoController]
2026-10-08T08:39:25.393-06:00 DEBUG 2252 --- [http-nio-0.0.0.0-8089-exec-10] horizationManagerBeforeMethodInterceptor : Authorized method invocation ReflectiveMethodInvocation: public org.springframework.http.ResponseEntity mx.edu.utez.umeca.modules.seguimiento.SeguimientoController.porImputado(java.lang.Long); target is of class [mx.edu.utez.umeca.modules.seguimiento.SeguimientoController]
2026-10-08T08:39:33.916-06:00 DEBUG 2252 --- [http-nio-0.0.0.0-8089-exec-8] o.s.security.web.FilterChainProxy        : Securing OPTIONS /api/control-oficios/contadores
2026-10-08T08:39:33.916-06:00 DEBUG 2252 --- [http-nio-0.0.0.0-8089-exec-9] o.s.security.web.FilterChainProxy        : Securing OPTIONS /api/correspondencia/contadores
2026-10-08T08:39:33.916-06:00 DEBUG 2252 --- [http-nio-0.0.0.0-8089-exec-7] o.s.security.web.FilterChainProxy        : Securing OPTIONS /api/imputados
2026-10-08T08:39:33.917-06:00 DEBUG 2252 --- [http-nio-0.0.0.0-8089-exec-4] o.s.security.web.FilterChainProxy        : Securing OPTIONS /api/imputados/expedientes-pendientes-count
2026-10-08T08:39:33.917-06:00 DEBUG 2252 --- [http-nio-0.0.0.0-8089-exec-5] o.s.security.web.FilterChainProxy        : Securing OPTIONS /api/imputados
2026-10-08T08:39:33.919-06:00 DEBUG 2252 --- [http-nio-0.0.0.0-8089-exec-2] o.s.security.web.FilterChainProxy        : Securing GET /api/control-oficios/contadores
2026-10-08T08:39:33.919-06:00 DEBUG 2252 --- [http-nio-0.0.0.0-8089-exec-6] o.s.security.web.FilterChainProxy        : Securing OPTIONS /api/correspondencia/contadores
2026-10-08T08:39:33.919-06:00 DEBUG 2252 --- [http-nio-0.0.0.0-8089-exec-3] o.s.security.web.FilterChainProxy        : Securing GET /api/imputados/expedientes-pendientes-count
2026-10-08T08:39:33.919-06:00 DEBUG 2252 --- [http-nio-0.0.0.0-8089-exec-10] o.s.security.web.FilterChainProxy        : Securing GET /api/correspondencia/contadores
2026-10-08T08:39:33.919-06:00 DEBUG 2252 --- [http-nio-0.0.0.0-8089-exec-1] o.s.security.web.FilterChainProxy        : Securing GET /api/imputados
2026-10-08T08:39:33.921-06:00 DEBUG 2252 --- [http-nio-0.0.0.0-8089-exec-3] o.s.security.web.FilterChainProxy        : Secured GET /api/imputados/expedientes-pendientes-count
2026-10-08T08:39:33.921-06:00 DEBUG 2252 --- [http-nio-0.0.0.0-8089-exec-1] o.s.security.web.FilterChainProxy        : Secured GET /api/imputados
2026-10-08T08:39:33.921-06:00 DEBUG 2252 --- [http-nio-0.0.0.0-8089-exec-2] o.s.security.web.FilterChainProxy        : Secured GET /api/control-oficios/contadores
2026-10-08T08:39:33.921-06:00 DEBUG 2252 --- [http-nio-0.0.0.0-8089-exec-10] o.s.security.web.FilterChainProxy        : Secured GET /api/correspondencia/contadores
2026-10-08T08:39:33.921-06:00 DEBUG 2252 --- [http-nio-0.0.0.0-8089-exec-3] horizationManagerBeforeMethodInterceptor : Authorizing method invocation ReflectiveMethodInvocation: public org.springframework.http.ResponseEntity mx.edu.utez.umeca.modules.imputado.ImputadoController.expedientesPendientesCount(org.springframework.security.core.Authentication); target is of class [mx.edu.utez.umeca.modules.imputado.ImputadoController]
2026-10-08T08:39:33.921-06:00 DEBUG 2252 --- [http-nio-0.0.0.0-8089-exec-2] horizationManagerBeforeMethodInterceptor : Authorizing method invocation ReflectiveMethodInvocation: public org.springframework.http.ResponseEntity mx.edu.utez.umeca.modules.controloficio.ControlOficioController.getContadores(); target is of class [mx.edu.utez.umeca.modules.controloficio.ControlOficioController]
2026-10-08T08:39:33.921-06:00 DEBUG 2252 --- [http-nio-0.0.0.0-8089-exec-10] horizationManagerBeforeMethodInterceptor : Authorizing method invocation ReflectiveMethodInvocation: public org.springframework.http.ResponseEntity mx.edu.utez.umeca.modules.correspondencia.CorrespondenciaController.contadores(); target is of class [mx.edu.utez.umeca.modules.correspondencia.CorrespondenciaController]
2026-10-08T08:39:33.921-06:00 DEBUG 2252 --- [http-nio-0.0.0.0-8089-exec-1] horizationManagerBeforeMethodInterceptor : Authorizing method invocation ReflectiveMethodInvocation: public org.springframework.http.ResponseEntity mx.edu.utez.umeca.modules.imputado.ImputadoController.findAll(java.lang.String); target is of class [mx.edu.utez.umeca.modules.imputado.ImputadoController]
2026-10-08T08:39:33.922-06:00 DEBUG 2252 --- [http-nio-0.0.0.0-8089-exec-3] horizationManagerBeforeMethodInterceptor : Authorized method invocation ReflectiveMethodInvocation: public org.springframework.http.ResponseEntity mx.edu.utez.umeca.modules.imputado.ImputadoController.expedientesPendientesCount(org.springframework.security.core.Authentication); target is of class [mx.edu.utez.umeca.modules.imputado.ImputadoController]
2026-10-08T08:39:33.922-06:00 DEBUG 2252 --- [http-nio-0.0.0.0-8089-exec-1] horizationManagerBeforeMethodInterceptor : Authorized method invocation ReflectiveMethodInvocation: public org.springframework.http.ResponseEntity mx.edu.utez.umeca.modules.imputado.ImputadoController.findAll(java.lang.String); target is of class [mx.edu.utez.umeca.modules.imputado.ImputadoController]
2026-10-08T08:39:33.922-06:00 DEBUG 2252 --- [http-nio-0.0.0.0-8089-exec-10] horizationManagerBeforeMethodInterceptor : Authorized method invocation ReflectiveMethodInvocation: public org.springframework.http.ResponseEntity mx.edu.utez.umeca.modules.correspondencia.CorrespondenciaController.contadores(); target is of class [mx.edu.utez.umeca.modules.correspondencia.CorrespondenciaController]
2026-10-08T08:39:33.922-06:00 DEBUG 2252 --- [http-nio-0.0.0.0-8089-exec-2] horizationManagerBeforeMethodInterceptor : Authorized method invocation ReflectiveMethodInvocation: public org.springframework.http.ResponseEntity mx.edu.utez.umeca.modules.controloficio.ControlOficioController.getContadores(); target is of class [mx.edu.utez.umeca.modules.controloficio.ControlOficioController]
2026-10-08T08:39:33.925-06:00 DEBUG 2252 --- [http-nio-0.0.0.0-8089-exec-9] o.s.security.web.FilterChainProxy        : Securing GET /api/imputados/expedientes-pendientes-count
2026-10-08T08:39:33.925-06:00 DEBUG 2252 --- [http-nio-0.0.0.0-8089-exec-7] o.s.security.web.FilterChainProxy        : Securing GET /api/control-oficios/contadores
2026-10-08T08:39:33.926-06:00 DEBUG 2252 --- [http-nio-0.0.0.0-8089-exec-8] o.s.security.web.FilterChainProxy        : Securing GET /api/correspondencia/contadores
2026-10-08T08:39:33.927-06:00 DEBUG 2252 --- [http-nio-0.0.0.0-8089-exec-7] o.s.security.web.FilterChainProxy        : Secured GET /api/control-oficios/contadores
2026-10-08T08:39:33.927-06:00 DEBUG 2252 --- [http-nio-0.0.0.0-8089-exec-9] o.s.security.web.FilterChainProxy        : Secured GET /api/imputados/expedientes-pendientes-count
2026-10-08T08:39:33.927-06:00 DEBUG 2252 --- [http-nio-0.0.0.0-8089-exec-7] horizationManagerBeforeMethodInterceptor : Authorizing method invocation ReflectiveMethodInvocation: public org.springframework.http.ResponseEntity mx.edu.utez.umeca.modules.controloficio.ControlOficioController.getContadores(); target is of class [mx.edu.utez.umeca.modules.controloficio.ControlOficioController]
2026-10-08T08:39:33.927-06:00 DEBUG 2252 --- [http-nio-0.0.0.0-8089-exec-9] horizationManagerBeforeMethodInterceptor : Authorizing method invocation ReflectiveMethodInvocation: public org.springframework.http.ResponseEntity mx.edu.utez.umeca.modules.imputado.ImputadoController.expedientesPendientesCount(org.springframework.security.core.Authentication); target is of class [mx.edu.utez.umeca.modules.imputado.ImputadoController]
2026-10-08T08:39:33.927-06:00 DEBUG 2252 --- [http-nio-0.0.0.0-8089-exec-7] horizationManagerBeforeMethodInterceptor : Authorized method invocation ReflectiveMethodInvocation: public org.springframework.http.ResponseEntity mx.edu.utez.umeca.modules.controloficio.ControlOficioController.getContadores(); target is of class [mx.edu.utez.umeca.modules.controloficio.ControlOficioController]
2026-10-08T08:39:33.927-06:00 DEBUG 2252 --- [http-nio-0.0.0.0-8089-exec-9] horizationManagerBeforeMethodInterceptor : Authorized method invocation ReflectiveMethodInvocation: public org.springframework.http.ResponseEntity mx.edu.utez.umeca.modules.imputado.ImputadoController.expedientesPendientesCount(org.springframework.security.core.Authentication); target is of class [mx.edu.utez.umeca.modules.imputado.ImputadoController]
2026-10-08T08:39:33.927-06:00 DEBUG 2252 --- [http-nio-0.0.0.0-8089-exec-8] o.s.security.web.FilterChainProxy        : Secured GET /api/correspondencia/contadores
2026-10-08T08:39:33.928-06:00 DEBUG 2252 --- [http-nio-0.0.0.0-8089-exec-8] horizationManagerBeforeMethodInterceptor : Authorizing method invocation ReflectiveMethodInvocation: public org.springframework.http.ResponseEntity mx.edu.utez.umeca.modules.correspondencia.CorrespondenciaController.contadores(); target is of class [mx.edu.utez.umeca.modules.correspondencia.CorrespondenciaController]
2026-10-08T08:39:33.928-06:00 DEBUG 2252 --- [http-nio-0.0.0.0-8089-exec-8] horizationManagerBeforeMethodInterceptor : Authorized method invocation ReflectiveMethodInvocation: public org.springframework.http.ResponseEntity mx.edu.utez.umeca.modules.correspondencia.CorrespondenciaController.contadores(); target is of class [mx.edu.utez.umeca.modules.correspondencia.CorrespondenciaController]
2026-10-08T08:39:33.932-06:00 DEBUG 2252 --- [http-nio-0.0.0.0-8089-exec-4] o.s.security.web.FilterChainProxy        : Securing GET /api/imputados
2026-10-08T08:39:33.934-06:00 DEBUG 2252 --- [http-nio-0.0.0.0-8089-exec-4] o.s.security.web.FilterChainProxy        : Secured GET /api/imputados
2026-10-08T08:39:33.934-06:00 DEBUG 2252 --- [http-nio-0.0.0.0-8089-exec-4] horizationManagerBeforeMethodInterceptor : Authorizing method invocation ReflectiveMethodInvocation: public org.springframework.http.ResponseEntity mx.edu.utez.umeca.modules.imputado.ImputadoController.findAll(java.lang.String); target is of class [mx.edu.utez.umeca.modules.imputado.ImputadoController]
2026-10-08T08:39:33.934-06:00 DEBUG 2252 --- [http-nio-0.0.0.0-8089-exec-4] horizationManagerBeforeMethodInterceptor : Authorized method invocation ReflectiveMethodInvocation: public org.springframework.http.ResponseEntity mx.edu.utez.umeca.modules.imputado.ImputadoController.findAll(java.lang.String); target is of class [mx.edu.utez.umeca.modules.imputado.ImputadoController]
2026-10-08T08:39:36.337-06:00 DEBUG 2252 --- [http-nio-0.0.0.0-8089-exec-5] o.s.security.web.FilterChainProxy        : Securing OPTIONS /api/imputados/7
2026-10-08T08:39:36.337-06:00 DEBUG 2252 --- [http-nio-0.0.0.0-8089-exec-6] o.s.security.web.FilterChainProxy        : Securing OPTIONS /api/seguimientos/imputado/7
2026-10-08T08:39:36.339-06:00 DEBUG 2252 --- [http-nio-0.0.0.0-8089-exec-2] o.s.security.web.FilterChainProxy        : Securing GET /api/seguimientos/imputado/7
2026-10-08T08:39:36.339-06:00 DEBUG 2252 --- [http-nio-0.0.0.0-8089-exec-3] o.s.security.web.FilterChainProxy        : Securing GET /api/imputados/7
2026-10-08T08:39:36.343-06:00 DEBUG 2252 --- [http-nio-0.0.0.0-8089-exec-2] o.s.security.web.FilterChainProxy        : Secured GET /api/seguimientos/imputado/7
2026-10-08T08:39:36.343-06:00 DEBUG 2252 --- [http-nio-0.0.0.0-8089-exec-3] o.s.security.web.FilterChainProxy        : Secured GET /api/imputados/7
2026-10-08T08:39:36.344-06:00 DEBUG 2252 --- [http-nio-0.0.0.0-8089-exec-2] horizationManagerBeforeMethodInterceptor : Authorizing method invocation ReflectiveMethodInvocation: public org.springframework.http.ResponseEntity mx.edu.utez.umeca.modules.seguimiento.SeguimientoController.porImputado(java.lang.Long); target is of class [mx.edu.utez.umeca.modules.seguimiento.SeguimientoController]
2026-10-08T08:39:36.344-06:00 DEBUG 2252 --- [http-nio-0.0.0.0-8089-exec-3] horizationManagerBeforeMethodInterceptor : Authorizing method invocation ReflectiveMethodInvocation: public org.springframework.http.ResponseEntity mx.edu.utez.umeca.modules.imputado.ImputadoController.findById(java.lang.Long); target is of class [mx.edu.utez.umeca.modules.imputado.ImputadoController]
2026-10-08T08:39:36.345-06:00 DEBUG 2252 --- [http-nio-0.0.0.0-8089-exec-3] horizationManagerBeforeMethodInterceptor : Authorized method invocation ReflectiveMethodInvocation: public org.springframework.http.ResponseEntity mx.edu.utez.umeca.modules.imputado.ImputadoController.findById(java.lang.Long); target is of class [mx.edu.utez.umeca.modules.imputado.ImputadoController]
2026-10-08T08:39:36.345-06:00 DEBUG 2252 --- [http-nio-0.0.0.0-8089-exec-2] horizationManagerBeforeMethodInterceptor : Authorized method invocation ReflectiveMethodInvocation: public org.springframework.http.ResponseEntity mx.edu.utez.umeca.modules.seguimiento.SeguimientoController.porImputado(java.lang.Long); target is of class [mx.edu.utez.umeca.modules.seguimiento.SeguimientoController]
2026-10-08T08:39:43.813-06:00 DEBUG 2252 --- [http-nio-0.0.0.0-8089-exec-7] o.s.security.web.FilterChainProxy        : Securing OPTIONS /api/seguimientos/imputado/7
2026-10-08T08:39:43.813-06:00 DEBUG 2252 --- [http-nio-0.0.0.0-8089-exec-10] o.s.security.web.FilterChainProxy        : Securing OPTIONS /api/imputados/7
2026-10-08T08:39:43.816-06:00 DEBUG 2252 --- [http-nio-0.0.0.0-8089-exec-9] o.s.security.web.FilterChainProxy        : Securing GET /api/seguimientos/imputado/7
2026-10-08T08:39:43.816-06:00 DEBUG 2252 --- [http-nio-0.0.0.0-8089-exec-8] o.s.security.web.FilterChainProxy        : Securing GET /api/imputados/7
2026-10-08T08:39:43.821-06:00 DEBUG 2252 --- [http-nio-0.0.0.0-8089-exec-8] o.s.security.web.FilterChainProxy        : Secured GET /api/imputados/7
2026-10-08T08:39:43.821-06:00 DEBUG 2252 --- [http-nio-0.0.0.0-8089-exec-9] o.s.security.web.FilterChainProxy        : Secured GET /api/seguimientos/imputado/7
2026-10-08T08:39:43.822-06:00 DEBUG 2252 --- [http-nio-0.0.0.0-8089-exec-8] horizationManagerBeforeMethodInterceptor : Authorizing method invocation ReflectiveMethodInvocation: public org.springframework.http.ResponseEntity mx.edu.utez.umeca.modules.imputado.ImputadoController.findById(java.lang.Long); target is of class [mx.edu.utez.umeca.modules.imputado.ImputadoController]
2026-10-08T08:39:43.822-06:00 DEBUG 2252 --- [http-nio-0.0.0.0-8089-exec-9] horizationManagerBeforeMethodInterceptor : Authorizing method invocation ReflectiveMethodInvocation: public org.springframework.http.ResponseEntity mx.edu.utez.umeca.modules.seguimiento.SeguimientoController.porImputado(java.lang.Long); target is of class [mx.edu.utez.umeca.modules.seguimiento.SeguimientoController]
2026-10-08T08:39:43.822-06:00 DEBUG 2252 --- [http-nio-0.0.0.0-8089-exec-8] horizationManagerBeforeMethodInterceptor : Authorized method invocation ReflectiveMethodInvocation: public org.springframework.http.ResponseEntity mx.edu.utez.umeca.modules.imputado.ImputadoController.findById(java.lang.Long); target is of class [mx.edu.utez.umeca.modules.imputado.ImputadoController]
2026-10-08T08:39:43.822-06:00 DEBUG 2252 --- [http-nio-0.0.0.0-8089-exec-9] horizationManagerBeforeMethodInterceptor : Authorized method invocation ReflectiveMethodInvocation: public org.springframework.http.ResponseEntity mx.edu.utez.umeca.modules.seguimiento.SeguimientoController.porImputado(java.lang.Long); target is of class [mx.edu.utez.umeca.modules.seguimiento.SeguimientoController]
2026-10-08T08:39:43.916-06:00 DEBUG 2252 --- [http-nio-0.0.0.0-8089-exec-4] o.s.security.web.FilterChainProxy        : Securing OPTIONS /api/correspondencia/contadores
2026-10-08T08:39:43.916-06:00 DEBUG 2252 --- [http-nio-0.0.0.0-8089-exec-1] o.s.security.web.FilterChainProxy        : Securing OPTIONS /api/control-oficios/contadores
2026-10-08T08:39:43.918-06:00 DEBUG 2252 --- [http-nio-0.0.0.0-8089-exec-5] o.s.security.web.FilterChainProxy        : Securing GET /api/correspondencia/contadores
2026-10-08T08:39:43.918-06:00 DEBUG 2252 --- [http-nio-0.0.0.0-8089-exec-6] o.s.security.web.FilterChainProxy        : Securing GET /api/control-oficios/contadores
2026-10-08T08:39:43.922-06:00 DEBUG 2252 --- [http-nio-0.0.0.0-8089-exec-6] o.s.security.web.FilterChainProxy        : Secured GET /api/control-oficios/contadores
2026-10-08T08:39:43.922-06:00 DEBUG 2252 --- [http-nio-0.0.0.0-8089-exec-5] o.s.security.web.FilterChainProxy        : Secured GET /api/correspondencia/contadores
2026-10-08T08:39:43.922-06:00 DEBUG 2252 --- [http-nio-0.0.0.0-8089-exec-6] horizationManagerBeforeMethodInterceptor : Authorizing method invocation ReflectiveMethodInvocation: public org.springframework.http.ResponseEntity mx.edu.utez.umeca.modules.controloficio.ControlOficioController.getContadores(); target is of class [mx.edu.utez.umeca.modules.controloficio.ControlOficioController]
2026-10-08T08:39:43.922-06:00 DEBUG 2252 --- [http-nio-0.0.0.0-8089-exec-5] horizationManagerBeforeMethodInterceptor : Authorizing method invocation ReflectiveMethodInvocation: public org.springframework.http.ResponseEntity mx.edu.utez.umeca.modules.correspondencia.CorrespondenciaController.contadores(); target is of class [mx.edu.utez.umeca.modules.correspondencia.CorrespondenciaController]
2026-10-08T08:39:43.922-06:00 DEBUG 2252 --- [http-nio-0.0.0.0-8089-exec-6] horizationManagerBeforeMethodInterceptor : Authorized method invocation ReflectiveMethodInvocation: public org.springframework.http.ResponseEntity mx.edu.utez.umeca.modules.controloficio.ControlOficioController.getContadores(); target is of class [mx.edu.utez.umeca.modules.controloficio.ControlOficioController]
2026-10-08T08:39:43.922-06:00 DEBUG 2252 --- [http-nio-0.0.0.0-8089-exec-5] horizationManagerBeforeMethodInterceptor : Authorized method invocation ReflectiveMethodInvocation: public org.springframework.http.ResponseEntity mx.edu.utez.umeca.modules.correspondencia.CorrespondenciaController.contadores(); target is of class [mx.edu.utez.umeca.modules.correspondencia.CorrespondenciaController]
2026-10-08T08:39:54.602-06:00 DEBUG 2252 --- [http-nio-0.0.0.0-8089-exec-2] o.s.security.web.FilterChainProxy        : Securing OPTIONS /api/correspondencia/contadores
2026-10-08T08:39:54.602-06:00 DEBUG 2252 --- [http-nio-0.0.0.0-8089-exec-3] o.s.security.web.FilterChainProxy        : Securing OPTIONS /api/control-oficios/contadores
2026-10-08T08:39:54.606-06:00 DEBUG 2252 --- [http-nio-0.0.0.0-8089-exec-10] o.s.security.web.FilterChainProxy        : Securing GET /api/control-oficios/contadores
2026-10-08T08:39:54.606-06:00 DEBUG 2252 --- [http-nio-0.0.0.0-8089-exec-7] o.s.security.web.FilterChainProxy        : Securing GET /api/correspondencia/contadores
2026-10-08T08:39:54.612-06:00 DEBUG 2252 --- [http-nio-0.0.0.0-8089-exec-10] o.s.security.web.FilterChainProxy        : Secured GET /api/control-oficios/contadores
2026-10-08T08:39:54.612-06:00 DEBUG 2252 --- [http-nio-0.0.0.0-8089-exec-7] o.s.security.web.FilterChainProxy        : Secured GET /api/correspondencia/contadores
2026-10-08T08:39:54.612-06:00 DEBUG 2252 --- [http-nio-0.0.0.0-8089-exec-10] horizationManagerBeforeMethodInterceptor : Authorizing method invocation ReflectiveMethodInvocation: public org.springframework.http.ResponseEntity mx.edu.utez.umeca.modules.controloficio.ControlOficioController.getContadores(); target is of class [mx.edu.utez.umeca.modules.controloficio.ControlOficioController]
2026-10-08T08:39:54.612-06:00 DEBUG 2252 --- [http-nio-0.0.0.0-8089-exec-7] horizationManagerBeforeMethodInterceptor : Authorizing method invocation ReflectiveMethodInvocation: public org.springframework.http.ResponseEntity mx.edu.utez.umeca.modules.correspondencia.CorrespondenciaController.contadores(); target is of class [mx.edu.utez.umeca.modules.correspondencia.CorrespondenciaController]
2026-10-08T08:39:54.613-06:00 DEBUG 2252 --- [http-nio-0.0.0.0-8089-exec-7] horizationManagerBeforeMethodInterceptor : Authorized method invocation ReflectiveMethodInvocation: public org.springframework.http.ResponseEntity mx.edu.utez.umeca.modules.correspondencia.CorrespondenciaController.contadores(); target is of class [mx.edu.utez.umeca.modules.correspondencia.CorrespondenciaController]
2026-10-08T08:39:54.613-06:00 DEBUG 2252 --- [http-nio-0.0.0.0-8089-exec-10] horizationManagerBeforeMethodInterceptor : Authorized method invocation ReflectiveMethodInvocation: public org.springframework.http.ResponseEntity mx.edu.utez.umeca.modules.controloficio.ControlOficioController.getContadores(); target is of class [mx.edu.utez.umeca.modules.controloficio.ControlOficioController]
2026-10-08T08:40:04.603-06:00 DEBUG 2252 --- [http-nio-0.0.0.0-8089-exec-8] o.s.security.web.FilterChainProxy        : Securing OPTIONS /api/control-oficios/contadores
2026-10-08T08:40:04.603-06:00 DEBUG 2252 --- [http-nio-0.0.0.0-8089-exec-9] o.s.security.web.FilterChainProxy        : Securing OPTIONS /api/correspondencia/contadores
2026-10-08T08:40:04.603-06:00 DEBUG 2252 --- [http-nio-0.0.0.0-8089-exec-4] o.s.security.web.FilterChainProxy        : Securing OPTIONS /api/imputados/expedientes-pendientes-count
2026-10-08T08:40:04.606-06:00 DEBUG 2252 --- [http-nio-0.0.0.0-8089-exec-1] o.s.security.web.FilterChainProxy        : Securing GET /api/imputados/expedientes-pendientes-count
2026-10-08T08:40:04.606-06:00 DEBUG 2252 --- [http-nio-0.0.0.0-8089-exec-6] o.s.security.web.FilterChainProxy        : Securing GET /api/correspondencia/contadores
2026-10-08T08:40:04.606-06:00 DEBUG 2252 --- [http-nio-0.0.0.0-8089-exec-5] o.s.security.web.FilterChainProxy        : Securing GET /api/control-oficios/contadores
2026-10-08T08:40:04.611-06:00 DEBUG 2252 --- [http-nio-0.0.0.0-8089-exec-1] o.s.security.web.FilterChainProxy        : Secured GET /api/imputados/expedientes-pendientes-count
2026-10-08T08:40:04.611-06:00 DEBUG 2252 --- [http-nio-0.0.0.0-8089-exec-6] o.s.security.web.FilterChainProxy        : Secured GET /api/correspondencia/contadores
2026-10-08T08:40:04.611-06:00 DEBUG 2252 --- [http-nio-0.0.0.0-8089-exec-5] o.s.security.web.FilterChainProxy        : Secured GET /api/control-oficios/contadores
2026-10-08T08:40:04.612-06:00 DEBUG 2252 --- [http-nio-0.0.0.0-8089-exec-6] horizationManagerBeforeMethodInterceptor : Authorizing method invocation ReflectiveMethodInvocation: public org.springframework.http.ResponseEntity mx.edu.utez.umeca.modules.correspondencia.CorrespondenciaController.contadores(); target is of class [mx.edu.utez.umeca.modules.correspondencia.CorrespondenciaController]
2026-10-08T08:40:04.612-06:00 DEBUG 2252 --- [http-nio-0.0.0.0-8089-exec-1] horizationManagerBeforeMethodInterceptor : Authorizing method invocation ReflectiveMethodInvocation: public org.springframework.http.ResponseEntity mx.edu.utez.umeca.modules.imputado.ImputadoController.expedientesPendientesCount(org.springframework.security.core.Authentication); target is of class [mx.edu.utez.umeca.modules.imputado.ImputadoController]
2026-10-08T08:40:04.612-06:00 DEBUG 2252 --- [http-nio-0.0.0.0-8089-exec-5] horizationManagerBeforeMethodInterceptor : Authorizing method invocation ReflectiveMethodInvocation: public org.springframework.http.ResponseEntity mx.edu.utez.umeca.modules.controloficio.ControlOficioController.getContadores(); target is of class [mx.edu.utez.umeca.modules.controloficio.ControlOficioController]
2026-10-08T08:40:04.612-06:00 DEBUG 2252 --- [http-nio-0.0.0.0-8089-exec-6] horizationManagerBeforeMethodInterceptor : Authorized method invocation ReflectiveMethodInvocation: public org.springframework.http.ResponseEntity mx.edu.utez.umeca.modules.correspondencia.CorrespondenciaController.contadores(); target is of class [mx.edu.utez.umeca.modules.correspondencia.CorrespondenciaController]
2026-10-08T08:40:04.612-06:00 DEBUG 2252 --- [http-nio-0.0.0.0-8089-exec-1] horizationManagerBeforeMethodInterceptor : Authorized method invocation ReflectiveMethodInvocation: public org.springframework.http.ResponseEntity mx.edu.utez.umeca.modules.imputado.ImputadoController.expedientesPendientesCount(org.springframework.security.core.Authentication); target is of class [mx.edu.utez.umeca.modules.imputado.ImputadoController]
2026-10-08T08:40:04.612-06:00 DEBUG 2252 --- [http-nio-0.0.0.0-8089-exec-5] horizationManagerBeforeMethodInterceptor : Authorized method invocation ReflectiveMethodInvocation: public org.springframework.http.ResponseEntity mx.edu.utez.umeca.modules.controloficio.ControlOficioController.getContadores(); target is of class [mx.edu.utez.umeca.modules.controloficio.ControlOficioController]
2026-10-08T08:40:14.601-06:00 DEBUG 2252 --- [http-nio-0.0.0.0-8089-exec-2] o.s.security.web.FilterChainProxy        : Securing OPTIONS /api/correspondencia/contadores
2026-10-08T08:40:14.601-06:00 DEBUG 2252 --- [http-nio-0.0.0.0-8089-exec-3] o.s.security.web.FilterChainProxy        : Securing OPTIONS /api/control-oficios/contadores
2026-10-08T08:40:14.604-06:00 DEBUG 2252 --- [http-nio-0.0.0.0-8089-exec-10] o.s.security.web.FilterChainProxy        : Securing GET /api/correspondencia/contadores
2026-10-08T08:40:14.604-06:00 DEBUG 2252 --- [http-nio-0.0.0.0-8089-exec-7] o.s.security.web.FilterChainProxy        : Securing GET /api/control-oficios/contadores
2026-10-08T08:40:14.609-06:00 DEBUG 2252 --- [http-nio-0.0.0.0-8089-exec-7] o.s.security.web.FilterChainProxy        : Secured GET /api/control-oficios/contadores
2026-10-08T08:40:14.609-06:00 DEBUG 2252 --- [http-nio-0.0.0.0-8089-exec-10] o.s.security.web.FilterChainProxy        : Secured GET /api/correspondencia/contadores
2026-10-08T08:40:14.610-06:00 DEBUG 2252 --- [http-nio-0.0.0.0-8089-exec-7] horizationManagerBeforeMethodInterceptor : Authorizing method invocation ReflectiveMethodInvocation: public org.springframework.http.ResponseEntity mx.edu.utez.umeca.modules.controloficio.ControlOficioController.getContadores(); target is of class [mx.edu.utez.umeca.modules.controloficio.ControlOficioController]
2026-10-08T08:40:14.610-06:00 DEBUG 2252 --- [http-nio-0.0.0.0-8089-exec-10] horizationManagerBeforeMethodInterceptor : Authorizing method invocation ReflectiveMethodInvocation: public org.springframework.http.ResponseEntity mx.edu.utez.umeca.modules.correspondencia.CorrespondenciaController.contadores(); target is of class [mx.edu.utez.umeca.modules.correspondencia.CorrespondenciaController]
2026-10-08T08:40:14.610-06:00 DEBUG 2252 --- [http-nio-0.0.0.0-8089-exec-7] horizationManagerBeforeMethodInterceptor : Authorized method invocation ReflectiveMethodInvocation: public org.springframework.http.ResponseEntity mx.edu.utez.umeca.modules.controloficio.ControlOficioController.getContadores(); target is of class [mx.edu.utez.umeca.modules.controloficio.ControlOficioController]
2026-10-08T08:40:14.610-06:00 DEBUG 2252 --- [http-nio-0.0.0.0-8089-exec-10] horizationManagerBeforeMethodInterceptor : Authorized method invocation ReflectiveMethodInvocation: public org.springframework.http.ResponseEntity mx.edu.utez.umeca.modules.correspondencia.CorrespondenciaController.contadores(); target is of class [mx.edu.utez.umeca.modules.correspondencia.CorrespondenciaController]
2026-10-08T08:40:23.629-06:00 DEBUG 2252 --- [http-nio-0.0.0.0-8089-exec-9] o.s.security.web.FilterChainProxy        : Securing OPTIONS /api/imputados
2026-10-08T08:40:23.629-06:00 DEBUG 2252 --- [http-nio-0.0.0.0-8089-exec-4] o.s.security.web.FilterChainProxy        : Securing OPTIONS /api/correspondencia/contadores
2026-10-08T08:40:23.629-06:00 DEBUG 2252 --- [http-nio-0.0.0.0-8089-exec-8] o.s.security.web.FilterChainProxy        : Securing OPTIONS /api/control-oficios/contadores
2026-10-08T08:40:23.630-06:00 DEBUG 2252 --- [http-nio-0.0.0.0-8089-exec-1] o.s.security.web.FilterChainProxy        : Securing OPTIONS /api/imputados/expedientes-pendientes-count
2026-10-08T08:40:23.630-06:00 DEBUG 2252 --- [http-nio-0.0.0.0-8089-exec-4] o.s.security.web.FilterChainProxy        : Securing OPTIONS /api/imputados
2026-10-08T08:40:23.630-06:00 DEBUG 2252 --- [http-nio-0.0.0.0-8089-exec-6] o.s.security.web.FilterChainProxy        : Securing OPTIONS /api/correspondencia/contadores
2026-10-08T08:40:23.632-06:00 DEBUG 2252 --- [http-nio-0.0.0.0-8089-exec-3] o.s.security.web.FilterChainProxy        : Securing GET /api/imputados
2026-10-08T08:40:23.632-06:00 DEBUG 2252 --- [http-nio-0.0.0.0-8089-exec-2] o.s.security.web.FilterChainProxy        : Securing OPTIONS /api/control-oficios/contadores
2026-10-08T08:40:23.632-06:00 DEBUG 2252 --- [http-nio-0.0.0.0-8089-exec-7] o.s.security.web.FilterChainProxy        : Securing GET /api/correspondencia/contadores
2026-10-08T08:40:23.633-06:00 DEBUG 2252 --- [http-nio-0.0.0.0-8089-exec-10] o.s.security.web.FilterChainProxy        : Securing GET /api/control-oficios/contadores
2026-10-08T08:40:23.633-06:00 DEBUG 2252 --- [http-nio-0.0.0.0-8089-exec-9] o.s.security.web.FilterChainProxy        : Securing GET /api/imputados/expedientes-pendientes-count
2026-10-08T08:40:23.633-06:00 DEBUG 2252 --- [http-nio-0.0.0.0-8089-exec-8] o.s.security.web.FilterChainProxy        : Securing OPTIONS /api/imputados/expedientes-pendientes-count
2026-10-08T08:40:23.633-06:00 DEBUG 2252 --- [http-nio-0.0.0.0-8089-exec-7] o.s.security.web.FilterChainProxy        : Secured GET /api/correspondencia/contadores
2026-10-08T08:40:23.633-06:00 DEBUG 2252 --- [http-nio-0.0.0.0-8089-exec-3] o.s.security.web.FilterChainProxy        : Secured GET /api/imputados
2026-10-08T08:40:23.634-06:00 DEBUG 2252 --- [http-nio-0.0.0.0-8089-exec-7] horizationManagerBeforeMethodInterceptor : Authorizing method invocation ReflectiveMethodInvocation: public org.springframework.http.ResponseEntity mx.edu.utez.umeca.modules.correspondencia.CorrespondenciaController.contadores(); target is of class [mx.edu.utez.umeca.modules.correspondencia.CorrespondenciaController]
2026-10-08T08:40:23.634-06:00 DEBUG 2252 --- [http-nio-0.0.0.0-8089-exec-3] horizationManagerBeforeMethodInterceptor : Authorizing method invocation ReflectiveMethodInvocation: public org.springframework.http.ResponseEntity mx.edu.utez.umeca.modules.imputado.ImputadoController.findAll(java.lang.String); target is of class [mx.edu.utez.umeca.modules.imputado.ImputadoController]
2026-10-08T08:40:23.634-06:00 DEBUG 2252 --- [http-nio-0.0.0.0-8089-exec-7] horizationManagerBeforeMethodInterceptor : Authorized method invocation ReflectiveMethodInvocation: public org.springframework.http.ResponseEntity mx.edu.utez.umeca.modules.correspondencia.CorrespondenciaController.contadores(); target is of class [mx.edu.utez.umeca.modules.correspondencia.CorrespondenciaController]
2026-10-08T08:40:23.634-06:00 DEBUG 2252 --- [http-nio-0.0.0.0-8089-exec-3] horizationManagerBeforeMethodInterceptor : Authorized method invocation ReflectiveMethodInvocation: public org.springframework.http.ResponseEntity mx.edu.utez.umeca.modules.imputado.ImputadoController.findAll(java.lang.String); target is of class [mx.edu.utez.umeca.modules.imputado.ImputadoController]
2026-10-08T08:40:23.634-06:00 DEBUG 2252 --- [http-nio-0.0.0.0-8089-exec-9] o.s.security.web.FilterChainProxy        : Secured GET /api/imputados/expedientes-pendientes-count
2026-10-08T08:40:23.634-06:00 DEBUG 2252 --- [http-nio-0.0.0.0-8089-exec-10] o.s.security.web.FilterChainProxy        : Secured GET /api/control-oficios/contadores
2026-10-08T08:40:23.634-06:00 DEBUG 2252 --- [http-nio-0.0.0.0-8089-exec-10] horizationManagerBeforeMethodInterceptor : Authorizing method invocation ReflectiveMethodInvocation: public org.springframework.http.ResponseEntity mx.edu.utez.umeca.modules.controloficio.ControlOficioController.getContadores(); target is of class [mx.edu.utez.umeca.modules.controloficio.ControlOficioController]
2026-10-08T08:40:23.634-06:00 DEBUG 2252 --- [http-nio-0.0.0.0-8089-exec-9] horizationManagerBeforeMethodInterceptor : Authorizing method invocation ReflectiveMethodInvocation: public org.springframework.http.ResponseEntity mx.edu.utez.umeca.modules.imputado.ImputadoController.expedientesPendientesCount(org.springframework.security.core.Authentication); target is of class [mx.edu.utez.umeca.modules.imputado.ImputadoController]
2026-10-08T08:40:23.634-06:00 DEBUG 2252 --- [http-nio-0.0.0.0-8089-exec-10] horizationManagerBeforeMethodInterceptor : Authorized method invocation ReflectiveMethodInvocation: public org.springframework.http.ResponseEntity mx.edu.utez.umeca.modules.controloficio.ControlOficioController.getContadores(); target is of class [mx.edu.utez.umeca.modules.controloficio.ControlOficioController]
2026-10-08T08:40:23.634-06:00 DEBUG 2252 --- [http-nio-0.0.0.0-8089-exec-9] horizationManagerBeforeMethodInterceptor : Authorized method invocation ReflectiveMethodInvocation: public org.springframework.http.ResponseEntity mx.edu.utez.umeca.modules.imputado.ImputadoController.expedientesPendientesCount(org.springframework.security.core.Authentication); target is of class [mx.edu.utez.umeca.modules.imputado.ImputadoController]
2026-10-08T08:40:23.637-06:00 DEBUG 2252 --- [http-nio-0.0.0.0-8089-exec-5] o.s.security.web.FilterChainProxy        : Securing GET /api/control-oficios/contadores
2026-10-08T08:40:23.637-06:00 DEBUG 2252 --- [http-nio-0.0.0.0-8089-exec-1] o.s.security.web.FilterChainProxy        : Securing GET /api/imputados/expedientes-pendientes-count
2026-10-08T08:40:23.638-06:00 DEBUG 2252 --- [http-nio-0.0.0.0-8089-exec-4] o.s.security.web.FilterChainProxy        : Securing GET /api/correspondencia/contadores
2026-10-08T08:40:23.640-06:00 DEBUG 2252 --- [http-nio-0.0.0.0-8089-exec-4] o.s.security.web.FilterChainProxy        : Secured GET /api/correspondencia/contadores
2026-10-08T08:40:23.640-06:00 DEBUG 2252 --- [http-nio-0.0.0.0-8089-exec-1] o.s.security.web.FilterChainProxy        : Secured GET /api/imputados/expedientes-pendientes-count
2026-10-08T08:40:23.640-06:00 DEBUG 2252 --- [http-nio-0.0.0.0-8089-exec-4] horizationManagerBeforeMethodInterceptor : Authorizing method invocation ReflectiveMethodInvocation: public org.springframework.http.ResponseEntity mx.edu.utez.umeca.modules.correspondencia.CorrespondenciaController.contadores(); target is of class [mx.edu.utez.umeca.modules.correspondencia.CorrespondenciaController]
2026-10-08T08:40:23.640-06:00 DEBUG 2252 --- [http-nio-0.0.0.0-8089-exec-1] horizationManagerBeforeMethodInterceptor : Authorizing method invocation ReflectiveMethodInvocation: public org.springframework.http.ResponseEntity mx.edu.utez.umeca.modules.imputado.ImputadoController.expedientesPendientesCount(org.springframework.security.core.Authentication); target is of class [mx.edu.utez.umeca.modules.imputado.ImputadoController]
2026-10-08T08:40:23.640-06:00 DEBUG 2252 --- [http-nio-0.0.0.0-8089-exec-4] horizationManagerBeforeMethodInterceptor : Authorized method invocation ReflectiveMethodInvocation: public org.springframework.http.ResponseEntity mx.edu.utez.umeca.modules.correspondencia.CorrespondenciaController.contadores(); target is of class [mx.edu.utez.umeca.modules.correspondencia.CorrespondenciaController]
2026-10-08T08:40:23.640-06:00 DEBUG 2252 --- [http-nio-0.0.0.0-8089-exec-1] horizationManagerBeforeMethodInterceptor : Authorized method invocation ReflectiveMethodInvocation: public org.springframework.http.ResponseEntity mx.edu.utez.umeca.modules.imputado.ImputadoController.expedientesPendientesCount(org.springframework.security.core.Authentication); target is of class [mx.edu.utez.umeca.modules.imputado.ImputadoController]
2026-10-08T08:40:23.641-06:00 DEBUG 2252 --- [http-nio-0.0.0.0-8089-exec-5] o.s.security.web.FilterChainProxy        : Secured GET /api/control-oficios/contadores
2026-10-08T08:40:23.641-06:00 DEBUG 2252 --- [http-nio-0.0.0.0-8089-exec-5] horizationManagerBeforeMethodInterceptor : Authorizing method invocation ReflectiveMethodInvocation: public org.springframework.http.ResponseEntity mx.edu.utez.umeca.modules.controloficio.ControlOficioController.getContadores(); target is of class [mx.edu.utez.umeca.modules.controloficio.ControlOficioController]
2026-10-08T08:40:23.641-06:00 DEBUG 2252 --- [http-nio-0.0.0.0-8089-exec-5] horizationManagerBeforeMethodInterceptor : Authorized method invocation ReflectiveMethodInvocation: public org.springframework.http.ResponseEntity mx.edu.utez.umeca.modules.controloficio.ControlOficioController.getContadores(); target is of class [mx.edu.utez.umeca.modules.controloficio.ControlOficioController]
2026-10-08T08:40:23.645-06:00 DEBUG 2252 --- [http-nio-0.0.0.0-8089-exec-6] o.s.security.web.FilterChainProxy        : Securing GET /api/imputados
2026-10-08T08:40:23.647-06:00 DEBUG 2252 --- [http-nio-0.0.0.0-8089-exec-6] o.s.security.web.FilterChainProxy        : Secured GET /api/imputados
2026-10-08T08:40:23.648-06:00 DEBUG 2252 --- [http-nio-0.0.0.0-8089-exec-6] horizationManagerBeforeMethodInterceptor : Authorizing method invocation ReflectiveMethodInvocation: public org.springframework.http.ResponseEntity mx.edu.utez.umeca.modules.imputado.ImputadoController.findAll(java.lang.String); target is of class [mx.edu.utez.umeca.modules.imputado.ImputadoController]
2026-10-08T08:40:23.648-06:00 DEBUG 2252 --- [http-nio-0.0.0.0-8089-exec-6] horizationManagerBeforeMethodInterceptor : Authorized method invocation ReflectiveMethodInvocation: public org.springframework.http.ResponseEntity mx.edu.utez.umeca.modules.imputado.ImputadoController.findAll(java.lang.String); target is of class [mx.edu.utez.umeca.modules.imputado.ImputadoController]
2026-10-08T08:40:24.630-06:00 DEBUG 2252 --- [http-nio-0.0.0.0-8089-exec-10] o.s.security.web.FilterChainProxy        : Securing GET /api/control-oficios/contadores
2026-10-08T08:40:24.630-06:00 DEBUG 2252 --- [http-nio-0.0.0.0-8089-exec-9] o.s.security.web.FilterChainProxy        : Securing GET /api/imputados/expedientes-pendientes-count
2026-10-08T08:40:24.630-06:00 DEBUG 2252 --- [http-nio-0.0.0.0-8089-exec-2] o.s.security.web.FilterChainProxy        : Securing GET /api/imputados
2026-10-08T08:40:24.630-06:00 DEBUG 2252 --- [http-nio-0.0.0.0-8089-exec-8] o.s.security.web.FilterChainProxy        : Securing GET /api/correspondencia/contadores
2026-10-08T08:40:24.633-06:00 DEBUG 2252 --- [http-nio-0.0.0.0-8089-exec-8] o.s.security.web.FilterChainProxy        : Secured GET /api/correspondencia/contadores
2026-10-08T08:40:24.633-06:00 DEBUG 2252 --- [http-nio-0.0.0.0-8089-exec-9] o.s.security.web.FilterChainProxy        : Secured GET /api/imputados/expedientes-pendientes-count
2026-10-08T08:40:24.633-06:00 DEBUG 2252 --- [http-nio-0.0.0.0-8089-exec-10] o.s.security.web.FilterChainProxy        : Secured GET /api/control-oficios/contadores
2026-10-08T08:40:24.633-06:00 DEBUG 2252 --- [http-nio-0.0.0.0-8089-exec-2] o.s.security.web.FilterChainProxy        : Secured GET /api/imputados
2026-10-08T08:40:24.633-06:00 DEBUG 2252 --- [http-nio-0.0.0.0-8089-exec-8] horizationManagerBeforeMethodInterceptor : Authorizing method invocation ReflectiveMethodInvocation: public org.springframework.http.ResponseEntity mx.edu.utez.umeca.modules.correspondencia.CorrespondenciaController.contadores(); target is of class [mx.edu.utez.umeca.modules.correspondencia.CorrespondenciaController]
2026-10-08T08:40:24.633-06:00 DEBUG 2252 --- [http-nio-0.0.0.0-8089-exec-9] horizationManagerBeforeMethodInterceptor : Authorizing method invocation ReflectiveMethodInvocation: public org.springframework.http.ResponseEntity mx.edu.utez.umeca.modules.imputado.ImputadoController.expedientesPendientesCount(org.springframework.security.core.Authentication); target is of class [mx.edu.utez.umeca.modules.imputado.ImputadoController]
2026-10-08T08:40:24.633-06:00 DEBUG 2252 --- [http-nio-0.0.0.0-8089-exec-10] horizationManagerBeforeMethodInterceptor : Authorizing method invocation ReflectiveMethodInvocation: public org.springframework.http.ResponseEntity mx.edu.utez.umeca.modules.controloficio.ControlOficioController.getContadores(); target is of class [mx.edu.utez.umeca.modules.controloficio.ControlOficioController]
2026-10-08T08:40:24.634-06:00 DEBUG 2252 --- [http-nio-0.0.0.0-8089-exec-2] horizationManagerBeforeMethodInterceptor : Authorizing method invocation ReflectiveMethodInvocation: public org.springframework.http.ResponseEntity mx.edu.utez.umeca.modules.imputado.ImputadoController.findAll(java.lang.String); target is of class [mx.edu.utez.umeca.modules.imputado.ImputadoController]
2026-10-08T08:40:24.634-06:00 DEBUG 2252 --- [http-nio-0.0.0.0-8089-exec-8] horizationManagerBeforeMethodInterceptor : Authorized method invocation ReflectiveMethodInvocation: public org.springframework.http.ResponseEntity mx.edu.utez.umeca.modules.correspondencia.CorrespondenciaController.contadores(); target is of class [mx.edu.utez.umeca.modules.correspondencia.CorrespondenciaController]
2026-10-08T08:40:24.634-06:00 DEBUG 2252 --- [http-nio-0.0.0.0-8089-exec-9] horizationManagerBeforeMethodInterceptor : Authorized method invocation ReflectiveMethodInvocation: public org.springframework.http.ResponseEntity mx.edu.utez.umeca.modules.imputado.ImputadoController.expedientesPendientesCount(org.springframework.security.core.Authentication); target is of class [mx.edu.utez.umeca.modules.imputado.ImputadoController]
2026-10-08T08:40:24.634-06:00 DEBUG 2252 --- [http-nio-0.0.0.0-8089-exec-10] horizationManagerBeforeMethodInterceptor : Authorized method invocation ReflectiveMethodInvocation: public org.springframework.http.ResponseEntity mx.edu.utez.umeca.modules.controloficio.ControlOficioController.getContadores(); target is of class [mx.edu.utez.umeca.modules.controloficio.ControlOficioController]
2026-10-08T08:40:24.634-06:00 DEBUG 2252 --- [http-nio-0.0.0.0-8089-exec-2] horizationManagerBeforeMethodInterceptor : Authorized method invocation ReflectiveMethodInvocation: public org.springframework.http.ResponseEntity mx.edu.utez.umeca.modules.imputado.ImputadoController.findAll(java.lang.String); target is of class [mx.edu.utez.umeca.modules.imputado.ImputadoController]
2026-10-08T08:40:24.637-06:00 DEBUG 2252 --- [http-nio-0.0.0.0-8089-exec-7] o.s.security.web.FilterChainProxy        : Securing GET /api/control-oficios/contadores
2026-10-08T08:40:24.637-06:00 DEBUG 2252 --- [http-nio-0.0.0.0-8089-exec-1] o.s.security.web.FilterChainProxy        : Securing GET /api/imputados/expedientes-pendientes-count
2026-10-08T08:40:24.639-06:00 DEBUG 2252 --- [http-nio-0.0.0.0-8089-exec-5] o.s.security.web.FilterChainProxy        : Securing GET /api/correspondencia/contadores
2026-10-08T08:40:24.640-06:00 DEBUG 2252 --- [http-nio-0.0.0.0-8089-exec-1] o.s.security.web.FilterChainProxy        : Secured GET /api/imputados/expedientes-pendientes-count
2026-10-08T08:40:24.640-06:00 DEBUG 2252 --- [http-nio-0.0.0.0-8089-exec-7] o.s.security.web.FilterChainProxy        : Secured GET /api/control-oficios/contadores
2026-10-08T08:40:24.640-06:00 DEBUG 2252 --- [http-nio-0.0.0.0-8089-exec-7] horizationManagerBeforeMethodInterceptor : Authorizing method invocation ReflectiveMethodInvocation: public org.springframework.http.ResponseEntity mx.edu.utez.umeca.modules.controloficio.ControlOficioController.getContadores(); target is of class [mx.edu.utez.umeca.modules.controloficio.ControlOficioController]
2026-10-08T08:40:24.640-06:00 DEBUG 2252 --- [http-nio-0.0.0.0-8089-exec-1] horizationManagerBeforeMethodInterceptor : Authorizing method invocation ReflectiveMethodInvocation: public org.springframework.http.ResponseEntity mx.edu.utez.umeca.modules.imputado.ImputadoController.expedientesPendientesCount(org.springframework.security.core.Authentication); target is of class [mx.edu.utez.umeca.modules.imputado.ImputadoController]
2026-10-08T08:40:24.640-06:00 DEBUG 2252 --- [http-nio-0.0.0.0-8089-exec-7] horizationManagerBeforeMethodInterceptor : Authorized method invocation ReflectiveMethodInvocation: public org.springframework.http.ResponseEntity mx.edu.utez.umeca.modules.controloficio.ControlOficioController.getContadores(); target is of class [mx.edu.utez.umeca.modules.controloficio.ControlOficioController]
2026-10-08T08:40:24.640-06:00 DEBUG 2252 --- [http-nio-0.0.0.0-8089-exec-1] horizationManagerBeforeMethodInterceptor : Authorized method invocation ReflectiveMethodInvocation: public org.springframework.http.ResponseEntity mx.edu.utez.umeca.modules.imputado.ImputadoController.expedientesPendientesCount(org.springframework.security.core.Authentication); target is of class [mx.edu.utez.umeca.modules.imputado.ImputadoController]
2026-10-08T08:40:24.641-06:00 DEBUG 2252 --- [http-nio-0.0.0.0-8089-exec-5] o.s.security.web.FilterChainProxy        : Secured GET /api/correspondencia/contadores
2026-10-08T08:40:24.642-06:00 DEBUG 2252 --- [http-nio-0.0.0.0-8089-exec-5] horizationManagerBeforeMethodInterceptor : Authorizing method invocation ReflectiveMethodInvocation: public org.springframework.http.ResponseEntity mx.edu.utez.umeca.modules.correspondencia.CorrespondenciaController.contadores(); target is of class [mx.edu.utez.umeca.modules.correspondencia.CorrespondenciaController]
2026-10-08T08:40:24.642-06:00 DEBUG 2252 --- [http-nio-0.0.0.0-8089-exec-5] horizationManagerBeforeMethodInterceptor : Authorized method invocation ReflectiveMethodInvocation: public org.springframework.http.ResponseEntity mx.edu.utez.umeca.modules.correspondencia.CorrespondenciaController.contadores(); target is of class [mx.edu.utez.umeca.modules.correspondencia.CorrespondenciaController]
2026-10-08T08:40:24.647-06:00 DEBUG 2252 --- [http-nio-0.0.0.0-8089-exec-4] o.s.security.web.FilterChainProxy        : Securing GET /api/imputados
2026-10-08T08:40:24.649-06:00 DEBUG 2252 --- [http-nio-0.0.0.0-8089-exec-4] o.s.security.web.FilterChainProxy        : Secured GET /api/imputados
2026-10-08T08:40:24.649-06:00 DEBUG 2252 --- [http-nio-0.0.0.0-8089-exec-4] horizationManagerBeforeMethodInterceptor : Authorizing method invocation ReflectiveMethodInvocation: public org.springframework.http.ResponseEntity mx.edu.utez.umeca.modules.imputado.ImputadoController.findAll(java.lang.String); target is of class [mx.edu.utez.umeca.modules.imputado.ImputadoController]
2026-10-08T08:40:24.650-06:00 DEBUG 2252 --- [http-nio-0.0.0.0-8089-exec-4] horizationManagerBeforeMethodInterceptor : Authorized method invocation ReflectiveMethodInvocation: public org.springframework.http.ResponseEntity mx.edu.utez.umeca.modules.imputado.ImputadoController.findAll(java.lang.String); target is of class [mx.edu.utez.umeca.modules.imputado.ImputadoController]
2026-10-08T08:40:26.629-06:00 DEBUG 2252 --- [http-nio-0.0.0.0-8089-exec-6] o.s.security.web.FilterChainProxy        : Securing GET /api/correspondencia/contadores
2026-10-08T08:40:26.629-06:00 DEBUG 2252 --- [http-nio-0.0.0.0-8089-exec-9] o.s.security.web.FilterChainProxy        : Securing GET /api/control-oficios/contadores
2026-10-08T08:40:26.629-06:00 DEBUG 2252 --- [http-nio-0.0.0.0-8089-exec-10] o.s.security.web.FilterChainProxy        : Securing GET /api/imputados/expedientes-pendientes-count
2026-10-08T08:40:26.629-06:00 DEBUG 2252 --- [http-nio-0.0.0.0-8089-exec-3] o.s.security.web.FilterChainProxy        : Securing GET /api/imputados
2026-10-08T08:40:26.632-06:00 DEBUG 2252 --- [http-nio-0.0.0.0-8089-exec-9] o.s.security.web.FilterChainProxy        : Secured GET /api/control-oficios/contadores
2026-10-08T08:40:26.632-06:00 DEBUG 2252 --- [http-nio-0.0.0.0-8089-exec-3] o.s.security.web.FilterChainProxy        : Secured GET /api/imputados
2026-10-08T08:40:26.632-06:00 DEBUG 2252 --- [http-nio-0.0.0.0-8089-exec-9] horizationManagerBeforeMethodInterceptor : Authorizing method invocation ReflectiveMethodInvocation: public org.springframework.http.ResponseEntity mx.edu.utez.umeca.modules.controloficio.ControlOficioController.getContadores(); target is of class [mx.edu.utez.umeca.modules.controloficio.ControlOficioController]
2026-10-08T08:40:26.632-06:00 DEBUG 2252 --- [http-nio-0.0.0.0-8089-exec-6] o.s.security.web.FilterChainProxy        : Secured GET /api/correspondencia/contadores
2026-10-08T08:40:26.632-06:00 DEBUG 2252 --- [http-nio-0.0.0.0-8089-exec-3] horizationManagerBeforeMethodInterceptor : Authorizing method invocation ReflectiveMethodInvocation: public org.springframework.http.ResponseEntity mx.edu.utez.umeca.modules.imputado.ImputadoController.findAll(java.lang.String); target is of class [mx.edu.utez.umeca.modules.imputado.ImputadoController]
2026-10-08T08:40:26.632-06:00 DEBUG 2252 --- [http-nio-0.0.0.0-8089-exec-6] horizationManagerBeforeMethodInterceptor : Authorizing method invocation ReflectiveMethodInvocation: public org.springframework.http.ResponseEntity mx.edu.utez.umeca.modules.correspondencia.CorrespondenciaController.contadores(); target is of class [mx.edu.utez.umeca.modules.correspondencia.CorrespondenciaController]
2026-10-08T08:40:26.632-06:00 DEBUG 2252 --- [http-nio-0.0.0.0-8089-exec-10] o.s.security.web.FilterChainProxy        : Secured GET /api/imputados/expedientes-pendientes-count
2026-10-08T08:40:26.633-06:00 DEBUG 2252 --- [http-nio-0.0.0.0-8089-exec-6] horizationManagerBeforeMethodInterceptor : Authorized method invocation ReflectiveMethodInvocation: public org.springframework.http.ResponseEntity mx.edu.utez.umeca.modules.correspondencia.CorrespondenciaController.contadores(); target is of class [mx.edu.utez.umeca.modules.correspondencia.CorrespondenciaController]
2026-10-08T08:40:26.633-06:00 DEBUG 2252 --- [http-nio-0.0.0.0-8089-exec-10] horizationManagerBeforeMethodInterceptor : Authorizing method invocation ReflectiveMethodInvocation: public org.springframework.http.ResponseEntity mx.edu.utez.umeca.modules.imputado.ImputadoController.expedientesPendientesCount(org.springframework.security.core.Authentication); target is of class [mx.edu.utez.umeca.modules.imputado.ImputadoController]
2026-10-08T08:40:26.633-06:00 DEBUG 2252 --- [http-nio-0.0.0.0-8089-exec-10] horizationManagerBeforeMethodInterceptor : Authorized method invocation ReflectiveMethodInvocation: public org.springframework.http.ResponseEntity mx.edu.utez.umeca.modules.imputado.ImputadoController.expedientesPendientesCount(org.springframework.security.core.Authentication); target is of class [mx.edu.utez.umeca.modules.imputado.ImputadoController]
2026-10-08T08:40:26.632-06:00 DEBUG 2252 --- [http-nio-0.0.0.0-8089-exec-3] horizationManagerBeforeMethodInterceptor : Authorized method invocation ReflectiveMethodInvocation: public org.springframework.http.ResponseEntity mx.edu.utez.umeca.modules.imputado.ImputadoController.findAll(java.lang.String); target is of class [mx.edu.utez.umeca.modules.imputado.ImputadoController]
2026-10-08T08:40:26.632-06:00 DEBUG 2252 --- [http-nio-0.0.0.0-8089-exec-9] horizationManagerBeforeMethodInterceptor : Authorized method invocation ReflectiveMethodInvocation: public org.springframework.http.ResponseEntity mx.edu.utez.umeca.modules.controloficio.ControlOficioController.getContadores(); target is of class [mx.edu.utez.umeca.modules.controloficio.ControlOficioController]
2026-10-08T08:40:26.636-06:00 DEBUG 2252 --- [http-nio-0.0.0.0-8089-exec-7] o.s.security.web.FilterChainProxy        : Securing GET /api/imputados/expedientes-pendientes-count
2026-10-08T08:40:26.636-06:00 DEBUG 2252 --- [http-nio-0.0.0.0-8089-exec-8] o.s.security.web.FilterChainProxy        : Securing GET /api/control-oficios/contadores
2026-10-08T08:40:26.637-06:00 DEBUG 2252 --- [http-nio-0.0.0.0-8089-exec-1] o.s.security.web.FilterChainProxy        : Securing GET /api/correspondencia/contadores
2026-10-08T08:40:26.639-06:00 DEBUG 2252 --- [http-nio-0.0.0.0-8089-exec-7] o.s.security.web.FilterChainProxy        : Secured GET /api/imputados/expedientes-pendientes-count
2026-10-08T08:40:26.639-06:00 DEBUG 2252 --- [http-nio-0.0.0.0-8089-exec-8] o.s.security.web.FilterChainProxy        : Secured GET /api/control-oficios/contadores
2026-10-08T08:40:26.639-06:00 DEBUG 2252 --- [http-nio-0.0.0.0-8089-exec-8] horizationManagerBeforeMethodInterceptor : Authorizing method invocation ReflectiveMethodInvocation: public org.springframework.http.ResponseEntity mx.edu.utez.umeca.modules.controloficio.ControlOficioController.getContadores(); target is of class [mx.edu.utez.umeca.modules.controloficio.ControlOficioController]
2026-10-08T08:40:26.639-06:00 DEBUG 2252 --- [http-nio-0.0.0.0-8089-exec-1] o.s.security.web.FilterChainProxy        : Secured GET /api/correspondencia/contadores
2026-10-08T08:40:26.640-06:00 DEBUG 2252 --- [http-nio-0.0.0.0-8089-exec-8] horizationManagerBeforeMethodInterceptor : Authorized method invocation ReflectiveMethodInvocation: public org.springframework.http.ResponseEntity mx.edu.utez.umeca.modules.controloficio.ControlOficioController.getContadores(); target is of class [mx.edu.utez.umeca.modules.controloficio.ControlOficioController]
2026-10-08T08:40:26.639-06:00 DEBUG 2252 --- [http-nio-0.0.0.0-8089-exec-7] horizationManagerBeforeMethodInterceptor : Authorizing method invocation ReflectiveMethodInvocation: public org.springframework.http.ResponseEntity mx.edu.utez.umeca.modules.imputado.ImputadoController.expedientesPendientesCount(org.springframework.security.core.Authentication); target is of class [mx.edu.utez.umeca.modules.imputado.ImputadoController]
2026-10-08T08:40:26.640-06:00 DEBUG 2252 --- [http-nio-0.0.0.0-8089-exec-1] horizationManagerBeforeMethodInterceptor : Authorizing method invocation ReflectiveMethodInvocation: public org.springframework.http.ResponseEntity mx.edu.utez.umeca.modules.correspondencia.CorrespondenciaController.contadores(); target is of class [mx.edu.utez.umeca.modules.correspondencia.CorrespondenciaController]
2026-10-08T08:40:26.640-06:00 DEBUG 2252 --- [http-nio-0.0.0.0-8089-exec-1] horizationManagerBeforeMethodInterceptor : Authorized method invocation ReflectiveMethodInvocation: public org.springframework.http.ResponseEntity mx.edu.utez.umeca.modules.correspondencia.CorrespondenciaController.contadores(); target is of class [mx.edu.utez.umeca.modules.correspondencia.CorrespondenciaController]
2026-10-08T08:40:26.640-06:00 DEBUG 2252 --- [http-nio-0.0.0.0-8089-exec-7] horizationManagerBeforeMethodInterceptor : Authorized method invocation ReflectiveMethodInvocation: public org.springframework.http.ResponseEntity mx.edu.utez.umeca.modules.imputado.ImputadoController.expedientesPendientesCount(org.springframework.security.core.Authentication); target is of class [mx.edu.utez.umeca.modules.imputado.ImputadoController]
2026-10-08T08:40:26.645-06:00 DEBUG 2252 --- [http-nio-0.0.0.0-8089-exec-5] o.s.security.web.FilterChainProxy        : Securing GET /api/imputados
2026-10-08T08:40:26.647-06:00 DEBUG 2252 --- [http-nio-0.0.0.0-8089-exec-5] o.s.security.web.FilterChainProxy        : Secured GET /api/imputados
2026-10-08T08:40:26.647-06:00 DEBUG 2252 --- [http-nio-0.0.0.0-8089-exec-5] horizationManagerBeforeMethodInterceptor : Authorizing method invocation ReflectiveMethodInvocation: public org.springframework.http.ResponseEntity mx.edu.utez.umeca.modules.imputado.ImputadoController.findAll(java.lang.String); target is of class [mx.edu.utez.umeca.modules.imputado.ImputadoController]
2026-10-08T08:40:26.648-06:00 DEBUG 2252 --- [http-nio-0.0.0.0-8089-exec-5] horizationManagerBeforeMethodInterceptor : Authorized method invocation ReflectiveMethodInvocation: public org.springframework.http.ResponseEntity mx.edu.utez.umeca.modules.imputado.ImputadoController.findAll(java.lang.String); target is of class [mx.edu.utez.umeca.modules.imputado.ImputadoController]
2026-10-08T08:40:28.631-06:00 DEBUG 2252 --- [http-nio-0.0.0.0-8089-exec-2] o.s.security.web.FilterChainProxy        : Securing GET /api/imputados
2026-10-08T08:40:28.631-06:00 DEBUG 2252 --- [http-nio-0.0.0.0-8089-exec-10] o.s.security.web.FilterChainProxy        : Securing GET /api/control-oficios/contadores
2026-10-08T08:40:28.631-06:00 DEBUG 2252 --- [http-nio-0.0.0.0-8089-exec-9] o.s.security.web.FilterChainProxy        : Securing GET /api/imputados/expedientes-pendientes-count
2026-10-08T08:40:28.631-06:00 DEBUG 2252 --- [http-nio-0.0.0.0-8089-exec-4] o.s.security.web.FilterChainProxy        : Securing GET /api/correspondencia/contadores
2026-10-08T08:40:28.634-06:00 DEBUG 2252 --- [http-nio-0.0.0.0-8089-exec-4] o.s.security.web.FilterChainProxy        : Secured GET /api/correspondencia/contadores
2026-10-08T08:40:28.634-06:00 DEBUG 2252 --- [http-nio-0.0.0.0-8089-exec-2] o.s.security.web.FilterChainProxy        : Secured GET /api/imputados
2026-10-08T08:40:28.634-06:00 DEBUG 2252 --- [http-nio-0.0.0.0-8089-exec-10] o.s.security.web.FilterChainProxy        : Secured GET /api/control-oficios/contadores
2026-10-08T08:40:28.634-06:00 DEBUG 2252 --- [http-nio-0.0.0.0-8089-exec-9] o.s.security.web.FilterChainProxy        : Secured GET /api/imputados/expedientes-pendientes-count
2026-10-08T08:40:28.634-06:00 DEBUG 2252 --- [http-nio-0.0.0.0-8089-exec-4] horizationManagerBeforeMethodInterceptor : Authorizing method invocation ReflectiveMethodInvocation: public org.springframework.http.ResponseEntity mx.edu.utez.umeca.modules.correspondencia.CorrespondenciaController.contadores(); target is of class [mx.edu.utez.umeca.modules.correspondencia.CorrespondenciaController]
2026-10-08T08:40:28.634-06:00 DEBUG 2252 --- [http-nio-0.0.0.0-8089-exec-10] horizationManagerBeforeMethodInterceptor : Authorizing method invocation ReflectiveMethodInvocation: public org.springframework.http.ResponseEntity mx.edu.utez.umeca.modules.controloficio.ControlOficioController.getContadores(); target is of class [mx.edu.utez.umeca.modules.controloficio.ControlOficioController]
2026-10-08T08:40:28.634-06:00 DEBUG 2252 --- [http-nio-0.0.0.0-8089-exec-2] horizationManagerBeforeMethodInterceptor : Authorizing method invocation ReflectiveMethodInvocation: public org.springframework.http.ResponseEntity mx.edu.utez.umeca.modules.imputado.ImputadoController.findAll(java.lang.String); target is of class [mx.edu.utez.umeca.modules.imputado.ImputadoController]
2026-10-08T08:40:28.634-06:00 DEBUG 2252 --- [http-nio-0.0.0.0-8089-exec-9] horizationManagerBeforeMethodInterceptor : Authorizing method invocation ReflectiveMethodInvocation: public org.springframework.http.ResponseEntity mx.edu.utez.umeca.modules.imputado.ImputadoController.expedientesPendientesCount(org.springframework.security.core.Authentication); target is of class [mx.edu.utez.umeca.modules.imputado.ImputadoController]
2026-10-08T08:40:28.634-06:00 DEBUG 2252 --- [http-nio-0.0.0.0-8089-exec-10] horizationManagerBeforeMethodInterceptor : Authorized method invocation ReflectiveMethodInvocation: public org.springframework.http.ResponseEntity mx.edu.utez.umeca.modules.controloficio.ControlOficioController.getContadores(); target is of class [mx.edu.utez.umeca.modules.controloficio.ControlOficioController]
2026-10-08T08:40:28.635-06:00 DEBUG 2252 --- [http-nio-0.0.0.0-8089-exec-2] horizationManagerBeforeMethodInterceptor : Authorized method invocation ReflectiveMethodInvocation: public org.springframework.http.ResponseEntity mx.edu.utez.umeca.modules.imputado.ImputadoController.findAll(java.lang.String); target is of class [mx.edu.utez.umeca.modules.imputado.ImputadoController]
2026-10-08T08:40:28.635-06:00 DEBUG 2252 --- [http-nio-0.0.0.0-8089-exec-9] horizationManagerBeforeMethodInterceptor : Authorized method invocation ReflectiveMethodInvocation: public org.springframework.http.ResponseEntity mx.edu.utez.umeca.modules.imputado.ImputadoController.expedientesPendientesCount(org.springframework.security.core.Authentication); target is of class [mx.edu.utez.umeca.modules.imputado.ImputadoController]
2026-10-08T08:40:28.634-06:00 DEBUG 2252 --- [http-nio-0.0.0.0-8089-exec-4] horizationManagerBeforeMethodInterceptor : Authorized method invocation ReflectiveMethodInvocation: public org.springframework.http.ResponseEntity mx.edu.utez.umeca.modules.correspondencia.CorrespondenciaController.contadores(); target is of class [mx.edu.utez.umeca.modules.correspondencia.CorrespondenciaController]
2026-10-08T08:40:28.638-06:00 DEBUG 2252 --- [http-nio-0.0.0.0-8089-exec-6] o.s.security.web.FilterChainProxy        : Securing GET /api/imputados/expedientes-pendientes-count
2026-10-08T08:40:28.639-06:00 DEBUG 2252 --- [http-nio-0.0.0.0-8089-exec-8] o.s.security.web.FilterChainProxy        : Securing GET /api/control-oficios/contadores
2026-10-08T08:40:28.640-06:00 DEBUG 2252 --- [http-nio-0.0.0.0-8089-exec-7] o.s.security.web.FilterChainProxy        : Securing GET /api/correspondencia/contadores
2026-10-08T08:40:28.640-06:00 DEBUG 2252 --- [http-nio-0.0.0.0-8089-exec-6] o.s.security.web.FilterChainProxy        : Secured GET /api/imputados/expedientes-pendientes-count
2026-10-08T08:40:28.640-06:00 DEBUG 2252 --- [http-nio-0.0.0.0-8089-exec-8] o.s.security.web.FilterChainProxy        : Secured GET /api/control-oficios/contadores
2026-10-08T08:40:28.640-06:00 DEBUG 2252 --- [http-nio-0.0.0.0-8089-exec-6] horizationManagerBeforeMethodInterceptor : Authorizing method invocation ReflectiveMethodInvocation: public org.springframework.http.ResponseEntity mx.edu.utez.umeca.modules.imputado.ImputadoController.expedientesPendientesCount(org.springframework.security.core.Authentication); target is of class [mx.edu.utez.umeca.modules.imputado.ImputadoController]
2026-10-08T08:40:28.641-06:00 DEBUG 2252 --- [http-nio-0.0.0.0-8089-exec-8] horizationManagerBeforeMethodInterceptor : Authorizing method invocation ReflectiveMethodInvocation: public org.springframework.http.ResponseEntity mx.edu.utez.umeca.modules.controloficio.ControlOficioController.getContadores(); target is of class [mx.edu.utez.umeca.modules.controloficio.ControlOficioController]
2026-10-08T08:40:28.641-06:00 DEBUG 2252 --- [http-nio-0.0.0.0-8089-exec-6] horizationManagerBeforeMethodInterceptor : Authorized method invocation ReflectiveMethodInvocation: public org.springframework.http.ResponseEntity mx.edu.utez.umeca.modules.imputado.ImputadoController.expedientesPendientesCount(org.springframework.security.core.Authentication); target is of class [mx.edu.utez.umeca.modules.imputado.ImputadoController]
2026-10-08T08:40:28.641-06:00 DEBUG 2252 --- [http-nio-0.0.0.0-8089-exec-8] horizationManagerBeforeMethodInterceptor : Authorized method invocation ReflectiveMethodInvocation: public org.springframework.http.ResponseEntity mx.edu.utez.umeca.modules.controloficio.ControlOficioController.getContadores(); target is of class [mx.edu.utez.umeca.modules.controloficio.ControlOficioController]
2026-10-08T08:40:28.642-06:00 DEBUG 2252 --- [http-nio-0.0.0.0-8089-exec-7] o.s.security.web.FilterChainProxy        : Secured GET /api/correspondencia/contadores
2026-10-08T08:40:28.642-06:00 DEBUG 2252 --- [http-nio-0.0.0.0-8089-exec-7] horizationManagerBeforeMethodInterceptor : Authorizing method invocation ReflectiveMethodInvocation: public org.springframework.http.ResponseEntity mx.edu.utez.umeca.modules.correspondencia.CorrespondenciaController.contadores(); target is of class [mx.edu.utez.umeca.modules.correspondencia.CorrespondenciaController]
2026-10-08T08:40:28.642-06:00 DEBUG 2252 --- [http-nio-0.0.0.0-8089-exec-7] horizationManagerBeforeMethodInterceptor : Authorized method invocation ReflectiveMethodInvocation: public org.springframework.http.ResponseEntity mx.edu.utez.umeca.modules.correspondencia.CorrespondenciaController.contadores(); target is of class [mx.edu.utez.umeca.modules.correspondencia.CorrespondenciaController]
2026-10-08T08:40:28.646-06:00 DEBUG 2252 --- [http-nio-0.0.0.0-8089-exec-1] o.s.security.web.FilterChainProxy        : Securing GET /api/imputados
2026-10-08T08:40:28.647-06:00 DEBUG 2252 --- [http-nio-0.0.0.0-8089-exec-1] o.s.security.web.FilterChainProxy        : Secured GET /api/imputados
2026-10-08T08:40:28.648-06:00 DEBUG 2252 --- [http-nio-0.0.0.0-8089-exec-1] horizationManagerBeforeMethodInterceptor : Authorizing method invocation ReflectiveMethodInvocation: public org.springframework.http.ResponseEntity mx.edu.utez.umeca.modules.imputado.ImputadoController.findAll(java.lang.String); target is of class [mx.edu.utez.umeca.modules.imputado.ImputadoController]
2026-10-08T08:40:28.648-06:00 DEBUG 2252 --- [http-nio-0.0.0.0-8089-exec-1] horizationManagerBeforeMethodInterceptor : Authorized method invocation ReflectiveMethodInvocation: public org.springframework.http.ResponseEntity mx.edu.utez.umeca.modules.imputado.ImputadoController.findAll(java.lang.String); target is of class [mx.edu.utez.umeca.modules.imputado.ImputadoController]
2026-10-08T08:40:38.634-06:00 DEBUG 2252 --- [http-nio-0.0.0.0-8089-exec-5] o.s.security.web.FilterChainProxy        : Securing OPTIONS /api/control-oficios/contadores
2026-10-08T08:40:38.634-06:00 DEBUG 2252 --- [http-nio-0.0.0.0-8089-exec-3] o.s.security.web.FilterChainProxy        : Securing OPTIONS /api/correspondencia/contadores
2026-10-08T08:40:38.637-06:00 DEBUG 2252 --- [http-nio-0.0.0.0-8089-exec-10] o.s.security.web.FilterChainProxy        : Securing GET /api/control-oficios/contadores
2026-10-08T08:40:38.637-06:00 DEBUG 2252 --- [http-nio-0.0.0.0-8089-exec-9] o.s.security.web.FilterChainProxy        : Securing GET /api/correspondencia/contadores
2026-10-08T08:40:38.642-06:00 DEBUG 2252 --- [http-nio-0.0.0.0-8089-exec-9] o.s.security.web.FilterChainProxy        : Secured GET /api/correspondencia/contadores
2026-10-08T08:40:38.642-06:00 DEBUG 2252 --- [http-nio-0.0.0.0-8089-exec-10] o.s.security.web.FilterChainProxy        : Secured GET /api/control-oficios/contadores
2026-10-08T08:40:38.643-06:00 DEBUG 2252 --- [http-nio-0.0.0.0-8089-exec-9] horizationManagerBeforeMethodInterceptor : Authorizing method invocation ReflectiveMethodInvocation: public org.springframework.http.ResponseEntity mx.edu.utez.umeca.modules.correspondencia.CorrespondenciaController.contadores(); target is of class [mx.edu.utez.umeca.modules.correspondencia.CorrespondenciaController]
2026-10-08T08:40:38.643-06:00 DEBUG 2252 --- [http-nio-0.0.0.0-8089-exec-10] horizationManagerBeforeMethodInterceptor : Authorizing method invocation ReflectiveMethodInvocation: public org.springframework.http.ResponseEntity mx.edu.utez.umeca.modules.controloficio.ControlOficioController.getContadores(); target is of class [mx.edu.utez.umeca.modules.controloficio.ControlOficioController]
2026-10-08T08:40:38.643-06:00 DEBUG 2252 --- [http-nio-0.0.0.0-8089-exec-9] horizationManagerBeforeMethodInterceptor : Authorized method invocation ReflectiveMethodInvocation: public org.springframework.http.ResponseEntity mx.edu.utez.umeca.modules.correspondencia.CorrespondenciaController.contadores(); target is of class [mx.edu.utez.umeca.modules.correspondencia.CorrespondenciaController]
2026-10-08T08:40:38.643-06:00 DEBUG 2252 --- [http-nio-0.0.0.0-8089-exec-10] horizationManagerBeforeMethodInterceptor : Authorized method invocation ReflectiveMethodInvocation: public org.springframework.http.ResponseEntity mx.edu.utez.umeca.modules.controloficio.ControlOficioController.getContadores(); target is of class [mx.edu.utez.umeca.modules.controloficio.ControlOficioController]
